{"type":"FeatureCollection","nexus":{"generated_at":"2026-09-26T03:52:53.956837+00:00","source":"OpenStreetMap contributors","source_url":"https://www.openstreetmap.org/copyright","license":"ODbL 1.0","counts":{"tree":2701,"woodland":218,"tree_row":351}},"features":[{"type":"Feature","properties":{"osm_id":"node/3547340101","name":null,"species":null,"height":null,"source":"OpenStreetMap contributors","kind":"tree"},"geometry":{"type":"Point","coordinates":[14.2287575,36.0406691]}},{"type":"Feature","properties":{"osm_id":"node/3547340213","name":null,"species":null,"height":null,"source":"OpenStreetMap contributors","kind":"tree"},"geometry":{"type":"Point","coordinates":[14.2286609,36.040662]}},{"type":"Feature","properties":{"osm_id":"node/3587544228","name":null,"species":null,"height":null,"source":"OpenStreetMap contributors","kind":"tree"},"geometry":{"type":"Point","coordinates":[14.2434731,36.0425713]}},{"type":"Feature","properties":{"osm_id":"node/3706366100","name":null,"species":null,"height":null,"source":"OpenStreetMap contributors","kind":"tree"},"geometry":{"type":"Point","coordinates":[14.2034739,36.0552848]}},{"type":"Feature","properties":{"osm_id":"node/4344217142","name":null,"species":null,"height":null,"source":"OpenStreetMap contributors","kind":"tree"},"geometry":{"type":"Point","coordinates":[14.3268264,36.0142322]}},{"type":"Feature","properties":{"osm_id":"node/4344217143","name":null,"species":null,"height":null,"source":"OpenStreetMap contributors","kind":"tree"},"geometry":{"type":"Point","coordinates":[14.3269385,36.0141812]}},{"type":"Feature","properties":{"osm_id":"node/4344217144","name":null,"species":null,"height":null,"source":"OpenStreetMap contributors","kind":"tree"},"geometry":{"type":"Point","coordinates":[14.3270342,36.0141453]}},{"type":"Feature","properties":{"osm_id":"node/4344217145","name":null,"species":null,"height":null,"source":"OpenStreetMap contributors","kind":"tree"},"geometry":{"type":"Point","coordinates":[14.3271346,36.0140962]}},{"type":"Feature","properties":{"osm_id":"node/4344217146","name":null,"species":null,"height":null,"source":"OpenStreetMap contributors","kind":"tree"},"geometry":{"type":"Point","coordinates":[14.3268778,36.0140018]}},{"type":"Feature","properties":{"osm_id":"node/4344217147","name":null,"species":null,"height":null,"source":"OpenStreetMap contributors","kind":"tree"},"geometry":{"type":"Point","coordinates":[14.3269478,36.0139923]}},{"type":"Feature","properties":{"osm_id":"node/4344217148","name":null,"species":null,"height":null,"source":"OpenStreetMap contributors","kind":"tree"},"geometry":{"type":"Point","coordinates":[14.3270366,36.0139678]}},{"type":"Feature","properties":{"osm_id":"node/4344217149","name":null,"species":null,"height":null,"source":"OpenStreetMap contributors","kind":"tree"},"geometry":{"type":"Point","coordinates":[14.327158,36.013964]}},{"type":"Feature","properties":{"osm_id":"node/4344217150","name":null,"species":null,"height":null,"source":"OpenStreetMap contributors","kind":"tree"},"geometry":{"type":"Point","coordinates":[14.3273518,36.0139583]}},{"type":"Feature","properties":{"osm_id":"node/4344217151","name":null,"species":null,"height":null,"source":"OpenStreetMap contributors","kind":"tree"},"geometry":{"type":"Point","coordinates":[14.3272747,36.0140074]}},{"type":"Feature","properties":{"osm_id":"node/4344217152","name":null,"species":null,"height":null,"source":"OpenStreetMap contributors","kind":"tree"},"geometry":{"type":"Point","coordinates":[14.3271743,36.014049]}},{"type":"Feature","properties":{"osm_id":"node/4344217153","name":null,"species":null,"height":null,"source":"OpenStreetMap contributors","kind":"tree"},"geometry":{"type":"Point","coordinates":[14.3275082,36.0138677]}},{"type":"Feature","properties":{"osm_id":"node/4344217154","name":null,"species":null,"height":null,"source":"OpenStreetMap contributors","kind":"tree"},"geometry":{"type":"Point","coordinates":[14.327583,36.0138261]}},{"type":"Feature","properties":{"osm_id":"node/4344217155","name":null,"species":null,"height":null,"source":"OpenStreetMap contributors","kind":"tree"},"geometry":{"type":"Point","coordinates":[14.3275036,36.013743]}},{"type":"Feature","properties":{"osm_id":"node/4344217156","name":null,"species":null,"height":null,"source":"OpenStreetMap contributors","kind":"tree"},"geometry":{"type":"Point","coordinates":[14.3274218,36.0137959]}},{"type":"Feature","properties":{"osm_id":"node/4344217157","name":null,"species":null,"height":null,"source":"OpenStreetMap contributors","kind":"tree"},"geometry":{"type":"Point","coordinates":[14.3272817,36.0138186]}},{"type":"Feature","properties":{"osm_id":"node/4344217158","name":null,"species":null,"height":null,"source":"OpenStreetMap contributors","kind":"tree"},"geometry":{"type":"Point","coordinates":[14.327207,36.0138507]}},{"type":"Feature","properties":{"osm_id":"node/4344217159","name":null,"species":null,"height":null,"source":"OpenStreetMap contributors","kind":"tree"},"geometry":{"type":"Point","coordinates":[14.3283657,36.0139343]}},{"type":"Feature","properties":{"osm_id":"node/4344217160","name":null,"species":null,"height":null,"source":"OpenStreetMap contributors","kind":"tree"},"geometry":{"type":"Point","coordinates":[14.3283268,36.013857]}},{"type":"Feature","properties":{"osm_id":"node/4344217161","name":null,"species":null,"height":null,"source":"OpenStreetMap contributors","kind":"tree"},"geometry":{"type":"Point","coordinates":[14.3290134,36.0139172]}},{"type":"Feature","properties":{"osm_id":"node/4344217162","name":null,"species":null,"height":null,"source":"OpenStreetMap contributors","kind":"tree"},"geometry":{"type":"Point","coordinates":[14.3292363,36.0139701]}},{"type":"Feature","properties":{"osm_id":"node/4603214242","name":null,"species":null,"height":null,"source":"OpenStreetMap contributors","kind":"tree"},"geometry":{"type":"Point","coordinates":[14.2386428,36.0421439]}},{"type":"Feature","properties":{"osm_id":"node/4603214243","name":null,"species":null,"height":null,"source":"OpenStreetMap contributors","kind":"tree"},"geometry":{"type":"Point","coordinates":[14.2387026,36.0421586]}},{"type":"Feature","properties":{"osm_id":"node/4603214244","name":null,"species":null,"height":null,"source":"OpenStreetMap contributors","kind":"tree"},"geometry":{"type":"Point","coordinates":[14.2387526,36.0421709]}},{"type":"Feature","properties":{"osm_id":"node/4603214245","name":null,"species":null,"height":null,"source":"OpenStreetMap contributors","kind":"tree"},"geometry":{"type":"Point","coordinates":[14.2388172,36.0421867]}},{"type":"Feature","properties":{"osm_id":"node/4603214246","name":null,"species":null,"height":null,"source":"OpenStreetMap contributors","kind":"tree"},"geometry":{"type":"Point","coordinates":[14.2388664,36.0421988]}},{"type":"Feature","properties":{"osm_id":"node/4603214247","name":null,"species":null,"height":null,"source":"OpenStreetMap contributors","kind":"tree"},"geometry":{"type":"Point","coordinates":[14.2389184,36.0422116]}},{"type":"Feature","properties":{"osm_id":"node/5056025333","name":null,"species":null,"height":null,"source":"OpenStreetMap contributors","kind":"tree"},"geometry":{"type":"Point","coordinates":[14.2560817,36.0378117]}},{"type":"Feature","properties":{"osm_id":"node/5056025334","name":null,"species":null,"height":null,"source":"OpenStreetMap contributors","kind":"tree"},"geometry":{"type":"Point","coordinates":[14.2561769,36.037777]}},{"type":"Feature","properties":{"osm_id":"node/5058340659","name":null,"species":null,"height":null,"source":"OpenStreetMap contributors","kind":"tree"},"geometry":{"type":"Point","coordinates":[14.2179863,36.0303535]}},{"type":"Feature","properties":{"osm_id":"node/5058340660","name":null,"species":null,"height":null,"source":"OpenStreetMap contributors","kind":"tree"},"geometry":{"type":"Point","coordinates":[14.2180568,36.0303771]}},{"type":"Feature","properties":{"osm_id":"node/5058340661","name":null,"species":null,"height":null,"source":"OpenStreetMap contributors","kind":"tree"},"geometry":{"type":"Point","coordinates":[14.2181875,36.0304208]}},{"type":"Feature","properties":{"osm_id":"node/5058340662","name":null,"species":null,"height":null,"source":"OpenStreetMap contributors","kind":"tree"},"geometry":{"type":"Point","coordinates":[14.2182975,36.030462]}},{"type":"Feature","properties":{"osm_id":"node/5058340663","name":null,"species":null,"height":null,"source":"OpenStreetMap contributors","kind":"tree"},"geometry":{"type":"Point","coordinates":[14.2183283,36.0305043]}},{"type":"Feature","properties":{"osm_id":"node/5058340667","name":null,"species":null,"height":null,"source":"OpenStreetMap contributors","kind":"tree"},"geometry":{"type":"Point","coordinates":[14.218162,36.0302906]}},{"type":"Feature","properties":{"osm_id":"node/5058340668","name":null,"species":null,"height":null,"source":"OpenStreetMap contributors","kind":"tree"},"geometry":{"type":"Point","coordinates":[14.2181231,36.0302418]}},{"type":"Feature","properties":{"osm_id":"node/5058340669","name":null,"species":null,"height":null,"source":"OpenStreetMap contributors","kind":"tree"},"geometry":{"type":"Point","coordinates":[14.2180641,36.0302244]}},{"type":"Feature","properties":{"osm_id":"node/5058341729","name":null,"species":null,"height":null,"source":"OpenStreetMap contributors","kind":"tree"},"geometry":{"type":"Point","coordinates":[14.2344417,36.0302017]}},{"type":"Feature","properties":{"osm_id":"node/5226413542","name":null,"species":null,"height":null,"source":"OpenStreetMap contributors","kind":"tree"},"geometry":{"type":"Point","coordinates":[14.2883082,36.0302848]}},{"type":"Feature","properties":{"osm_id":"node/5226413543","name":null,"species":null,"height":null,"source":"OpenStreetMap contributors","kind":"tree"},"geometry":{"type":"Point","coordinates":[14.2883561,36.0303066]}},{"type":"Feature","properties":{"osm_id":"node/5226413544","name":null,"species":null,"height":null,"source":"OpenStreetMap contributors","kind":"tree"},"geometry":{"type":"Point","coordinates":[14.2884004,36.0303235]}},{"type":"Feature","properties":{"osm_id":"node/5226413554","name":null,"species":null,"height":null,"source":"OpenStreetMap contributors","kind":"tree"},"geometry":{"type":"Point","coordinates":[14.2974457,36.0363714]}},{"type":"Feature","properties":{"osm_id":"node/5251612965","name":null,"species":null,"height":null,"source":"OpenStreetMap contributors","kind":"tree"},"geometry":{"type":"Point","coordinates":[14.2510337,36.0342845]}},{"type":"Feature","properties":{"osm_id":"node/5251612966","name":null,"species":null,"height":null,"source":"OpenStreetMap contributors","kind":"tree"},"geometry":{"type":"Point","coordinates":[14.2509352,36.0342646]}},{"type":"Feature","properties":{"osm_id":"node/5251612967","name":null,"species":null,"height":null,"source":"OpenStreetMap contributors","kind":"tree"},"geometry":{"type":"Point","coordinates":[14.250986,36.0342708]}},{"type":"Feature","properties":{"osm_id":"node/5251653452","name":null,"species":null,"height":null,"source":"OpenStreetMap contributors","kind":"tree"},"geometry":{"type":"Point","coordinates":[14.2535957,36.0363116]}},{"type":"Feature","properties":{"osm_id":"node/5251653453","name":null,"species":null,"height":null,"source":"OpenStreetMap contributors","kind":"tree"},"geometry":{"type":"Point","coordinates":[14.2535702,36.036214]}},{"type":"Feature","properties":{"osm_id":"node/5251653454","name":null,"species":null,"height":null,"source":"OpenStreetMap contributors","kind":"tree"},"geometry":{"type":"Point","coordinates":[14.2535528,36.036111]}},{"type":"Feature","properties":{"osm_id":"node/5251653523","name":null,"species":null,"height":null,"source":"OpenStreetMap contributors","kind":"tree"},"geometry":{"type":"Point","coordinates":[14.2425369,36.0352203]}},{"type":"Feature","properties":{"osm_id":"node/5296916517","name":null,"species":null,"height":null,"source":"OpenStreetMap contributors","kind":"tree"},"geometry":{"type":"Point","coordinates":[14.2877852,36.0244892]}},{"type":"Feature","properties":{"osm_id":"node/5296916518","name":null,"species":null,"height":null,"source":"OpenStreetMap contributors","kind":"tree"},"geometry":{"type":"Point","coordinates":[14.2878428,36.0244393]}},{"type":"Feature","properties":{"osm_id":"node/5296916519","name":null,"species":null,"height":null,"source":"OpenStreetMap contributors","kind":"tree"},"geometry":{"type":"Point","coordinates":[14.2879307,36.0243634]}},{"type":"Feature","properties":{"osm_id":"node/5296916520","name":null,"species":null,"height":null,"source":"OpenStreetMap contributors","kind":"tree"},"geometry":{"type":"Point","coordinates":[14.2878757,36.0244154]}},{"type":"Feature","properties":{"osm_id":"node/5296916521","name":null,"species":null,"height":null,"source":"OpenStreetMap contributors","kind":"tree"},"geometry":{"type":"Point","coordinates":[14.2879917,36.0243189]}},{"type":"Feature","properties":{"osm_id":"node/5296916554","name":null,"species":null,"height":null,"source":"OpenStreetMap contributors","kind":"tree"},"geometry":{"type":"Point","coordinates":[14.2977989,36.0278386]}},{"type":"Feature","properties":{"osm_id":"node/5304766067","name":null,"species":null,"height":null,"source":"OpenStreetMap contributors","kind":"tree"},"geometry":{"type":"Point","coordinates":[14.309488,36.0348143]}},{"type":"Feature","properties":{"osm_id":"node/5318224308","name":null,"species":null,"height":null,"source":"OpenStreetMap contributors","kind":"tree"},"geometry":{"type":"Point","coordinates":[14.2112491,36.0576306]}},{"type":"Feature","properties":{"osm_id":"node/5319686936","name":null,"species":null,"height":null,"source":"OpenStreetMap contributors","kind":"tree"},"geometry":{"type":"Point","coordinates":[14.240763,36.0400873]}},{"type":"Feature","properties":{"osm_id":"node/6245583576","name":null,"species":null,"height":null,"source":"OpenStreetMap contributors","kind":"tree"},"geometry":{"type":"Point","coordinates":[14.2547862,36.0336635]}},{"type":"Feature","properties":{"osm_id":"node/6245583577","name":null,"species":null,"height":null,"source":"OpenStreetMap contributors","kind":"tree"},"geometry":{"type":"Point","coordinates":[14.2547487,36.0336093]}},{"type":"Feature","properties":{"osm_id":"node/6245583578","name":null,"species":null,"height":null,"source":"OpenStreetMap contributors","kind":"tree"},"geometry":{"type":"Point","coordinates":[14.2545515,36.0336711]}},{"type":"Feature","properties":{"osm_id":"node/6245583579","name":null,"species":null,"height":null,"source":"OpenStreetMap contributors","kind":"tree"},"geometry":{"type":"Point","coordinates":[14.2545006,36.0337264]}},{"type":"Feature","properties":{"osm_id":"node/6245583580","name":null,"species":null,"height":null,"source":"OpenStreetMap contributors","kind":"tree"},"geometry":{"type":"Point","coordinates":[14.2541693,36.0335561]}},{"type":"Feature","properties":{"osm_id":"node/6245583581","name":null,"species":null,"height":null,"source":"OpenStreetMap contributors","kind":"tree"},"geometry":{"type":"Point","coordinates":[14.2540285,36.0334889]}},{"type":"Feature","properties":{"osm_id":"node/6245583582","name":null,"species":null,"height":null,"source":"OpenStreetMap contributors","kind":"tree"},"geometry":{"type":"Point","coordinates":[14.2544818,36.0335475]}},{"type":"Feature","properties":{"osm_id":"node/6245583583","name":null,"species":null,"height":null,"source":"OpenStreetMap contributors","kind":"tree"},"geometry":{"type":"Point","coordinates":[14.2544208,36.0332666]}},{"type":"Feature","properties":{"osm_id":"node/6245583584","name":null,"species":null,"height":null,"source":"OpenStreetMap contributors","kind":"tree"},"geometry":{"type":"Point","coordinates":[14.2543551,36.0332644]}},{"type":"Feature","properties":{"osm_id":"node/6245584685","name":null,"species":null,"height":null,"source":"OpenStreetMap contributors","kind":"tree"},"geometry":{"type":"Point","coordinates":[14.25417,36.0333289]}},{"type":"Feature","properties":{"osm_id":"node/6245584686","name":null,"species":null,"height":null,"source":"OpenStreetMap contributors","kind":"tree"},"geometry":{"type":"Point","coordinates":[14.2539661,36.0332031]}},{"type":"Feature","properties":{"osm_id":"node/6245584693","name":null,"species":null,"height":null,"source":"OpenStreetMap contributors","kind":"tree"},"geometry":{"type":"Point","coordinates":[14.2531943,36.0334168]}},{"type":"Feature","properties":{"osm_id":"node/6245584702","name":null,"species":null,"height":null,"source":"OpenStreetMap contributors","kind":"tree"},"geometry":{"type":"Point","coordinates":[14.2527652,36.0333902]}},{"type":"Feature","properties":{"osm_id":"node/6245584703","name":null,"species":null,"height":null,"source":"OpenStreetMap contributors","kind":"tree"},"geometry":{"type":"Point","coordinates":[14.2529194,36.032617]}},{"type":"Feature","properties":{"osm_id":"node/6245584704","name":null,"species":null,"height":null,"source":"OpenStreetMap contributors","kind":"tree"},"geometry":{"type":"Point","coordinates":[14.2533821,36.0328827]}},{"type":"Feature","properties":{"osm_id":"node/6245584705","name":null,"species":null,"height":null,"source":"OpenStreetMap contributors","kind":"tree"},"geometry":{"type":"Point","coordinates":[14.2537361,36.0326994]}},{"type":"Feature","properties":{"osm_id":"node/6245584706","name":null,"species":null,"height":null,"source":"OpenStreetMap contributors","kind":"tree"},"geometry":{"type":"Point","coordinates":[14.2536168,36.0333723]}},{"type":"Feature","properties":{"osm_id":"node/6245584707","name":null,"species":null,"height":null,"source":"OpenStreetMap contributors","kind":"tree"},"geometry":{"type":"Point","coordinates":[14.2537026,36.0331625]}},{"type":"Feature","properties":{"osm_id":"node/6245584716","name":null,"species":null,"height":null,"source":"OpenStreetMap contributors","kind":"tree"},"geometry":{"type":"Point","coordinates":[14.2543738,36.03265]}},{"type":"Feature","properties":{"osm_id":"node/7043731246","name":null,"species":null,"height":null,"source":"OpenStreetMap contributors","kind":"tree"},"geometry":{"type":"Point","coordinates":[14.2424293,36.0352402]}},{"type":"Feature","properties":{"osm_id":"node/7044223432","name":null,"species":null,"height":null,"source":"OpenStreetMap contributors","kind":"tree"},"geometry":{"type":"Point","coordinates":[14.2597722,36.0706604]}},{"type":"Feature","properties":{"osm_id":"node/8747222792","name":null,"species":null,"height":null,"source":"OpenStreetMap contributors","kind":"tree"},"geometry":{"type":"Point","coordinates":[14.1902965,36.0522325]}},{"type":"Feature","properties":{"osm_id":"node/8747222793","name":null,"species":null,"height":null,"source":"OpenStreetMap contributors","kind":"tree"},"geometry":{"type":"Point","coordinates":[14.1902643,36.052277]}},{"type":"Feature","properties":{"osm_id":"node/8747222794","name":null,"species":null,"height":null,"source":"OpenStreetMap contributors","kind":"tree"},"geometry":{"type":"Point","coordinates":[14.1901785,36.0523529]}},{"type":"Feature","properties":{"osm_id":"node/8747222795","name":null,"species":null,"height":null,"source":"OpenStreetMap contributors","kind":"tree"},"geometry":{"type":"Point","coordinates":[14.190082,36.0523908]}},{"type":"Feature","properties":{"osm_id":"node/8747222796","name":null,"species":null,"height":null,"source":"OpenStreetMap contributors","kind":"tree"},"geometry":{"type":"Point","coordinates":[14.189968,36.0523182]}},{"type":"Feature","properties":{"osm_id":"node/9010423315","name":null,"species":null,"height":null,"source":"OpenStreetMap contributors","kind":"tree"},"geometry":{"type":"Point","coordinates":[14.2461725,36.0490911]}},{"type":"Feature","properties":{"osm_id":"node/9010423316","name":null,"species":null,"height":null,"source":"OpenStreetMap contributors","kind":"tree"},"geometry":{"type":"Point","coordinates":[14.2461606,36.0490437]}},{"type":"Feature","properties":{"osm_id":"node/9010476417","name":null,"species":null,"height":null,"source":"OpenStreetMap contributors","kind":"tree"},"geometry":{"type":"Point","coordinates":[14.2461489,36.0489919]}},{"type":"Feature","properties":{"osm_id":"node/9010476418","name":null,"species":null,"height":null,"source":"OpenStreetMap contributors","kind":"tree"},"geometry":{"type":"Point","coordinates":[14.2461308,36.0489306]}},{"type":"Feature","properties":{"osm_id":"node/9010476419","name":null,"species":null,"height":null,"source":"OpenStreetMap contributors","kind":"tree"},"geometry":{"type":"Point","coordinates":[14.2460962,36.0488315]}},{"type":"Feature","properties":{"osm_id":"node/9010476420","name":null,"species":null,"height":null,"source":"OpenStreetMap contributors","kind":"tree"},"geometry":{"type":"Point","coordinates":[14.2460723,36.0487738]}},{"type":"Feature","properties":{"osm_id":"node/9010476421","name":null,"species":null,"height":null,"source":"OpenStreetMap contributors","kind":"tree"},"geometry":{"type":"Point","coordinates":[14.24605,36.0487242]}},{"type":"Feature","properties":{"osm_id":"node/9010476422","name":null,"species":null,"height":null,"source":"OpenStreetMap contributors","kind":"tree"},"geometry":{"type":"Point","coordinates":[14.2460281,36.0486771]}},{"type":"Feature","properties":{"osm_id":"node/9010476423","name":null,"species":null,"height":null,"source":"OpenStreetMap contributors","kind":"tree"},"geometry":{"type":"Point","coordinates":[14.2460032,36.0486297]}},{"type":"Feature","properties":{"osm_id":"node/9010476424","name":null,"species":null,"height":null,"source":"OpenStreetMap contributors","kind":"tree"},"geometry":{"type":"Point","coordinates":[14.2459778,36.0485859]}},{"type":"Feature","properties":{"osm_id":"node/9077701169","name":null,"species":null,"height":null,"source":"OpenStreetMap contributors","kind":"tree"},"geometry":{"type":"Point","coordinates":[14.2709098,36.0621092]}},{"type":"Feature","properties":{"osm_id":"node/9077701170","name":null,"species":null,"height":null,"source":"OpenStreetMap contributors","kind":"tree"},"geometry":{"type":"Point","coordinates":[14.2709671,36.0621087]}},{"type":"Feature","properties":{"osm_id":"node/9077701174","name":null,"species":null,"height":null,"source":"OpenStreetMap contributors","kind":"tree"},"geometry":{"type":"Point","coordinates":[14.2709128,36.0620489]}},{"type":"Feature","properties":{"osm_id":"node/9090170719","name":null,"species":null,"height":null,"source":"OpenStreetMap contributors","kind":"tree"},"geometry":{"type":"Point","coordinates":[14.2955469,36.0363668]}},{"type":"Feature","properties":{"osm_id":"node/9090170720","name":null,"species":null,"height":null,"source":"OpenStreetMap contributors","kind":"tree"},"geometry":{"type":"Point","coordinates":[14.294872,36.0374582]}},{"type":"Feature","properties":{"osm_id":"node/9090170721","name":null,"species":null,"height":null,"source":"OpenStreetMap contributors","kind":"tree"},"geometry":{"type":"Point","coordinates":[14.2947927,36.0374676]}},{"type":"Feature","properties":{"osm_id":"node/9090170722","name":null,"species":null,"height":null,"source":"OpenStreetMap contributors","kind":"tree"},"geometry":{"type":"Point","coordinates":[14.2946327,36.0374856]}},{"type":"Feature","properties":{"osm_id":"node/9090170723","name":null,"species":null,"height":null,"source":"OpenStreetMap contributors","kind":"tree"},"geometry":{"type":"Point","coordinates":[14.2949491,36.0375432]}},{"type":"Feature","properties":{"osm_id":"node/9090170724","name":null,"species":null,"height":null,"source":"OpenStreetMap contributors","kind":"tree"},"geometry":{"type":"Point","coordinates":[14.2949024,36.0375601]}},{"type":"Feature","properties":{"osm_id":"node/9090170725","name":null,"species":null,"height":null,"source":"OpenStreetMap contributors","kind":"tree"},"geometry":{"type":"Point","coordinates":[14.294851,36.0375724]}},{"type":"Feature","properties":{"osm_id":"node/9090170726","name":null,"species":null,"height":null,"source":"OpenStreetMap contributors","kind":"tree"},"geometry":{"type":"Point","coordinates":[14.2947345,36.0377832]}},{"type":"Feature","properties":{"osm_id":"node/9090170727","name":null,"species":null,"height":null,"source":"OpenStreetMap contributors","kind":"tree"},"geometry":{"type":"Point","coordinates":[14.2947109,36.0376111]}},{"type":"Feature","properties":{"osm_id":"node/9090170728","name":null,"species":null,"height":null,"source":"OpenStreetMap contributors","kind":"tree"},"geometry":{"type":"Point","coordinates":[14.2947541,36.0375922]}},{"type":"Feature","properties":{"osm_id":"node/9093357971","name":null,"species":null,"height":null,"source":"OpenStreetMap contributors","kind":"tree"},"geometry":{"type":"Point","coordinates":[14.2977478,36.0278575]}},{"type":"Feature","properties":{"osm_id":"node/9093358011","name":null,"species":null,"height":null,"source":"OpenStreetMap contributors","kind":"tree"},"geometry":{"type":"Point","coordinates":[14.30968,36.0330706]}},{"type":"Feature","properties":{"osm_id":"node/9093359539","name":null,"species":null,"height":null,"source":"OpenStreetMap contributors","kind":"tree"},"geometry":{"type":"Point","coordinates":[14.3097246,36.0346426]}},{"type":"Feature","properties":{"osm_id":"node/9093359540","name":null,"species":null,"height":null,"source":"OpenStreetMap contributors","kind":"tree"},"geometry":{"type":"Point","coordinates":[14.3097635,36.0346855]}},{"type":"Feature","properties":{"osm_id":"node/9093359541","name":null,"species":null,"height":null,"source":"OpenStreetMap contributors","kind":"tree"},"geometry":{"type":"Point","coordinates":[14.3096936,36.0346927]}},{"type":"Feature","properties":{"osm_id":"node/9093359549","name":null,"species":null,"height":null,"source":"OpenStreetMap contributors","kind":"tree"},"geometry":{"type":"Point","coordinates":[14.3088827,36.0387702]}},{"type":"Feature","properties":{"osm_id":"node/9093359550","name":null,"species":null,"height":null,"source":"OpenStreetMap contributors","kind":"tree"},"geometry":{"type":"Point","coordinates":[14.3090656,36.0389478]}},{"type":"Feature","properties":{"osm_id":"node/9093359551","name":null,"species":null,"height":null,"source":"OpenStreetMap contributors","kind":"tree"},"geometry":{"type":"Point","coordinates":[14.3092638,36.0388187]}},{"type":"Feature","properties":{"osm_id":"node/9122637779","name":null,"species":null,"height":null,"source":"OpenStreetMap contributors","kind":"tree"},"geometry":{"type":"Point","coordinates":[14.3091577,36.0409889]}},{"type":"Feature","properties":{"osm_id":"node/9142494462","name":null,"species":null,"height":null,"source":"OpenStreetMap contributors","kind":"tree"},"geometry":{"type":"Point","coordinates":[14.2680693,36.0334026]}},{"type":"Feature","properties":{"osm_id":"node/9142494463","name":null,"species":null,"height":null,"source":"OpenStreetMap contributors","kind":"tree"},"geometry":{"type":"Point","coordinates":[14.2682001,36.0334933]}},{"type":"Feature","properties":{"osm_id":"node/9142494464","name":null,"species":null,"height":null,"source":"OpenStreetMap contributors","kind":"tree"},"geometry":{"type":"Point","coordinates":[14.2683565,36.0336254]}},{"type":"Feature","properties":{"osm_id":"node/9142494465","name":null,"species":null,"height":null,"source":"OpenStreetMap contributors","kind":"tree"},"geometry":{"type":"Point","coordinates":[14.2683191,36.0335839]}},{"type":"Feature","properties":{"osm_id":"node/10996706253","name":null,"species":null,"height":null,"source":"OpenStreetMap contributors","kind":"tree"},"geometry":{"type":"Point","coordinates":[14.2372103,36.0320405]}},{"type":"Feature","properties":{"osm_id":"node/10996706254","name":null,"species":null,"height":null,"source":"OpenStreetMap contributors","kind":"tree"},"geometry":{"type":"Point","coordinates":[14.2372758,36.0321622]}},{"type":"Feature","properties":{"osm_id":"node/10996706255","name":null,"species":null,"height":null,"source":"OpenStreetMap contributors","kind":"tree"},"geometry":{"type":"Point","coordinates":[14.2373307,36.0322509]}},{"type":"Feature","properties":{"osm_id":"node/10996706256","name":null,"species":null,"height":null,"source":"OpenStreetMap contributors","kind":"tree"},"geometry":{"type":"Point","coordinates":[14.2373855,36.0323468]}},{"type":"Feature","properties":{"osm_id":"node/10996706257","name":null,"species":null,"height":null,"source":"OpenStreetMap contributors","kind":"tree"},"geometry":{"type":"Point","coordinates":[14.2374209,36.0324226]}},{"type":"Feature","properties":{"osm_id":"node/11442865591","name":null,"species":null,"height":null,"source":"OpenStreetMap contributors","kind":"tree"},"geometry":{"type":"Point","coordinates":[14.2264368,36.0393092]}},{"type":"Feature","properties":{"osm_id":"node/11594270689","name":null,"species":null,"height":null,"source":"OpenStreetMap contributors","kind":"tree"},"geometry":{"type":"Point","coordinates":[14.2468117,36.0419073]}},{"type":"Feature","properties":{"osm_id":"node/11594839600","name":null,"species":null,"height":null,"source":"OpenStreetMap contributors","kind":"tree"},"geometry":{"type":"Point","coordinates":[14.2667401,36.0499053]}},{"type":"Feature","properties":{"osm_id":"node/11594994422","name":null,"species":null,"height":null,"source":"OpenStreetMap contributors","kind":"tree"},"geometry":{"type":"Point","coordinates":[14.2695287,36.0474049]}},{"type":"Feature","properties":{"osm_id":"node/11595010008","name":null,"species":"Carob","height":null,"source":"OpenStreetMap contributors","kind":"tree"},"geometry":{"type":"Point","coordinates":[14.2692894,36.0476517]}},{"type":"Feature","properties":{"osm_id":"node/11595020072","name":null,"species":null,"height":null,"source":"OpenStreetMap contributors","kind":"tree"},"geometry":{"type":"Point","coordinates":[14.2675548,36.0474873]}},{"type":"Feature","properties":{"osm_id":"node/11595027183","name":null,"species":"Carob","height":null,"source":"OpenStreetMap contributors","kind":"tree"},"geometry":{"type":"Point","coordinates":[14.2680546,36.0487163]}},{"type":"Feature","properties":{"osm_id":"node/11595027410","name":null,"species":"Pinus halepensis","height":null,"source":"OpenStreetMap contributors","kind":"tree"},"geometry":{"type":"Point","coordinates":[14.2684141,36.047831]}},{"type":"Feature","properties":{"osm_id":"node/11595028184","name":null,"species":null,"height":null,"source":"OpenStreetMap contributors","kind":"tree"},"geometry":{"type":"Point","coordinates":[14.2676198,36.047486]}},{"type":"Feature","properties":{"osm_id":"node/11595031974","name":null,"species":null,"height":null,"source":"OpenStreetMap contributors","kind":"tree"},"geometry":{"type":"Point","coordinates":[14.267495,36.0474864]}},{"type":"Feature","properties":{"osm_id":"node/11596081296","name":null,"species":null,"height":null,"source":"OpenStreetMap contributors","kind":"tree"},"geometry":{"type":"Point","coordinates":[14.2668206,36.0497328]}},{"type":"Feature","properties":{"osm_id":"node/11596081297","name":null,"species":null,"height":null,"source":"OpenStreetMap contributors","kind":"tree"},"geometry":{"type":"Point","coordinates":[14.2669375,36.0497607]}},{"type":"Feature","properties":{"osm_id":"node/11994637669","name":null,"species":null,"height":null,"source":"OpenStreetMap contributors","kind":"tree"},"geometry":{"type":"Point","coordinates":[14.2829425,36.0610045]}},{"type":"Feature","properties":{"osm_id":"node/11994637677","name":null,"species":null,"height":null,"source":"OpenStreetMap contributors","kind":"tree"},"geometry":{"type":"Point","coordinates":[14.2829192,36.0609722]}},{"type":"Feature","properties":{"osm_id":"node/11994637678","name":null,"species":null,"height":null,"source":"OpenStreetMap contributors","kind":"tree"},"geometry":{"type":"Point","coordinates":[14.2828699,36.0609791]}},{"type":"Feature","properties":{"osm_id":"node/12018151290","name":null,"species":null,"height":null,"source":"OpenStreetMap contributors","kind":"tree"},"geometry":{"type":"Point","coordinates":[14.3223498,36.0281413]}},{"type":"Feature","properties":{"osm_id":"node/12373168880","name":null,"species":null,"height":null,"source":"OpenStreetMap contributors","kind":"tree"},"geometry":{"type":"Point","coordinates":[14.297923,36.038609]}},{"type":"Feature","properties":{"osm_id":"node/12409356185","name":null,"species":null,"height":null,"source":"OpenStreetMap contributors","kind":"tree"},"geometry":{"type":"Point","coordinates":[14.2272797,36.0568693]}},{"type":"Feature","properties":{"osm_id":"node/12412637213","name":null,"species":null,"height":null,"source":"OpenStreetMap contributors","kind":"tree"},"geometry":{"type":"Point","coordinates":[14.238735,36.0457707]}},{"type":"Feature","properties":{"osm_id":"node/12412637215","name":null,"species":null,"height":null,"source":"OpenStreetMap contributors","kind":"tree"},"geometry":{"type":"Point","coordinates":[14.2387891,36.045853]}},{"type":"Feature","properties":{"osm_id":"node/12415396124","name":null,"species":null,"height":null,"source":"OpenStreetMap contributors","kind":"tree"},"geometry":{"type":"Point","coordinates":[14.2594753,36.0639029]}},{"type":"Feature","properties":{"osm_id":"node/12415494412","name":null,"species":"Punica granatum","height":null,"source":"OpenStreetMap contributors","kind":"tree"},"geometry":{"type":"Point","coordinates":[14.2607399,36.0675616]}},{"type":"Feature","properties":{"osm_id":"node/12419262328","name":null,"species":null,"height":null,"source":"OpenStreetMap contributors","kind":"tree"},"geometry":{"type":"Point","coordinates":[14.2813253,36.0243533]}},{"type":"Feature","properties":{"osm_id":"node/12419262329","name":null,"species":null,"height":null,"source":"OpenStreetMap contributors","kind":"tree"},"geometry":{"type":"Point","coordinates":[14.2812118,36.0243926]}},{"type":"Feature","properties":{"osm_id":"node/12471012681","name":null,"species":null,"height":null,"source":"OpenStreetMap contributors","kind":"tree"},"geometry":{"type":"Point","coordinates":[14.2341661,36.0639249]}},{"type":"Feature","properties":{"osm_id":"node/12475403641","name":null,"species":null,"height":null,"source":"OpenStreetMap contributors","kind":"tree"},"geometry":{"type":"Point","coordinates":[14.2391397,36.0454255]}},{"type":"Feature","properties":{"osm_id":"node/12475403642","name":null,"species":null,"height":null,"source":"OpenStreetMap contributors","kind":"tree"},"geometry":{"type":"Point","coordinates":[14.2391551,36.0453699]}},{"type":"Feature","properties":{"osm_id":"node/12475403643","name":null,"species":null,"height":null,"source":"OpenStreetMap contributors","kind":"tree"},"geometry":{"type":"Point","coordinates":[14.2391966,36.0454082]}},{"type":"Feature","properties":{"osm_id":"node/12475403644","name":null,"species":null,"height":null,"source":"OpenStreetMap contributors","kind":"tree"},"geometry":{"type":"Point","coordinates":[14.2392161,36.0453568]}},{"type":"Feature","properties":{"osm_id":"node/12475403645","name":null,"species":null,"height":null,"source":"OpenStreetMap contributors","kind":"tree"},"geometry":{"type":"Point","coordinates":[14.2391771,36.0453218]}},{"type":"Feature","properties":{"osm_id":"node/12477186471","name":null,"species":null,"height":null,"source":"OpenStreetMap contributors","kind":"tree"},"geometry":{"type":"Point","coordinates":[14.2390202,36.0447512]}},{"type":"Feature","properties":{"osm_id":"node/12477186472","name":null,"species":null,"height":null,"source":"OpenStreetMap contributors","kind":"tree"},"geometry":{"type":"Point","coordinates":[14.2391286,36.0447349]}},{"type":"Feature","properties":{"osm_id":"node/12477186473","name":null,"species":null,"height":null,"source":"OpenStreetMap contributors","kind":"tree"},"geometry":{"type":"Point","coordinates":[14.2390606,36.0449119]}},{"type":"Feature","properties":{"osm_id":"node/12477186474","name":null,"species":null,"height":null,"source":"OpenStreetMap contributors","kind":"tree"},"geometry":{"type":"Point","coordinates":[14.2391251,36.0449044]}},{"type":"Feature","properties":{"osm_id":"node/12477186475","name":null,"species":null,"height":null,"source":"OpenStreetMap contributors","kind":"tree"},"geometry":{"type":"Point","coordinates":[14.2391744,36.0448947]}},{"type":"Feature","properties":{"osm_id":"node/12477186476","name":null,"species":null,"height":null,"source":"OpenStreetMap contributors","kind":"tree"},"geometry":{"type":"Point","coordinates":[14.2392681,36.0448834]}},{"type":"Feature","properties":{"osm_id":"node/12477186477","name":null,"species":null,"height":null,"source":"OpenStreetMap contributors","kind":"tree"},"geometry":{"type":"Point","coordinates":[14.2393415,36.0448759]}},{"type":"Feature","properties":{"osm_id":"node/12477186478","name":null,"species":null,"height":null,"source":"OpenStreetMap contributors","kind":"tree"},"geometry":{"type":"Point","coordinates":[14.2394037,36.0448663]}},{"type":"Feature","properties":{"osm_id":"node/12477186479","name":null,"species":null,"height":null,"source":"OpenStreetMap contributors","kind":"tree"},"geometry":{"type":"Point","coordinates":[14.2394619,36.0448177]}},{"type":"Feature","properties":{"osm_id":"node/12477186480","name":null,"species":null,"height":null,"source":"OpenStreetMap contributors","kind":"tree"},"geometry":{"type":"Point","coordinates":[14.2393147,36.0446963]}},{"type":"Feature","properties":{"osm_id":"node/12477186481","name":null,"species":null,"height":null,"source":"OpenStreetMap contributors","kind":"tree"},"geometry":{"type":"Point","coordinates":[14.2393701,36.0446906]}},{"type":"Feature","properties":{"osm_id":"node/12477186482","name":null,"species":null,"height":null,"source":"OpenStreetMap contributors","kind":"tree"},"geometry":{"type":"Point","coordinates":[14.2394268,36.0446837]}},{"type":"Feature","properties":{"osm_id":"node/12477186483","name":null,"species":null,"height":null,"source":"OpenStreetMap contributors","kind":"tree"},"geometry":{"type":"Point","coordinates":[14.2394375,36.0447305]}},{"type":"Feature","properties":{"osm_id":"node/12490652717","name":null,"species":null,"height":null,"source":"OpenStreetMap contributors","kind":"tree"},"geometry":{"type":"Point","coordinates":[14.2455841,36.0484345]}},{"type":"Feature","properties":{"osm_id":"node/12490652718","name":null,"species":null,"height":null,"source":"OpenStreetMap contributors","kind":"tree"},"geometry":{"type":"Point","coordinates":[14.2456482,36.0484265]}},{"type":"Feature","properties":{"osm_id":"node/12490652719","name":null,"species":null,"height":null,"source":"OpenStreetMap contributors","kind":"tree"},"geometry":{"type":"Point","coordinates":[14.2457118,36.0484164]}},{"type":"Feature","properties":{"osm_id":"node/12490652720","name":null,"species":null,"height":null,"source":"OpenStreetMap contributors","kind":"tree"},"geometry":{"type":"Point","coordinates":[14.2457757,36.0484073]}},{"type":"Feature","properties":{"osm_id":"node/12518077863","name":null,"species":null,"height":null,"source":"OpenStreetMap contributors","kind":"tree"},"geometry":{"type":"Point","coordinates":[14.2405279,36.0422594]}},{"type":"Feature","properties":{"osm_id":"node/12518077864","name":null,"species":null,"height":null,"source":"OpenStreetMap contributors","kind":"tree"},"geometry":{"type":"Point","coordinates":[14.2406159,36.0422512]}},{"type":"Feature","properties":{"osm_id":"node/12518077865","name":null,"species":null,"height":null,"source":"OpenStreetMap contributors","kind":"tree"},"geometry":{"type":"Point","coordinates":[14.2406716,36.0422455]}},{"type":"Feature","properties":{"osm_id":"node/12518077866","name":null,"species":null,"height":null,"source":"OpenStreetMap contributors","kind":"tree"},"geometry":{"type":"Point","coordinates":[14.2408461,36.042228]}},{"type":"Feature","properties":{"osm_id":"node/12518077867","name":null,"species":null,"height":null,"source":"OpenStreetMap contributors","kind":"tree"},"geometry":{"type":"Point","coordinates":[14.2409022,36.0422208]}},{"type":"Feature","properties":{"osm_id":"node/12519674945","name":null,"species":null,"height":null,"source":"OpenStreetMap contributors","kind":"tree"},"geometry":{"type":"Point","coordinates":[14.2405149,36.041619]}},{"type":"Feature","properties":{"osm_id":"node/12519674946","name":null,"species":null,"height":null,"source":"OpenStreetMap contributors","kind":"tree"},"geometry":{"type":"Point","coordinates":[14.2405045,36.0415396]}},{"type":"Feature","properties":{"osm_id":"node/12519674947","name":null,"species":null,"height":null,"source":"OpenStreetMap contributors","kind":"tree"},"geometry":{"type":"Point","coordinates":[14.2405097,36.0415793]}},{"type":"Feature","properties":{"osm_id":"node/12519674948","name":null,"species":null,"height":null,"source":"OpenStreetMap contributors","kind":"tree"},"geometry":{"type":"Point","coordinates":[14.2407993,36.0415915]}},{"type":"Feature","properties":{"osm_id":"node/12519674949","name":null,"species":null,"height":null,"source":"OpenStreetMap contributors","kind":"tree"},"geometry":{"type":"Point","coordinates":[14.2407941,36.0415518]}},{"type":"Feature","properties":{"osm_id":"node/12519674950","name":null,"species":null,"height":null,"source":"OpenStreetMap contributors","kind":"tree"},"geometry":{"type":"Point","coordinates":[14.2407888,36.041512]}},{"type":"Feature","properties":{"osm_id":"node/12519674952","name":null,"species":null,"height":null,"source":"OpenStreetMap contributors","kind":"tree"},"geometry":{"type":"Point","coordinates":[14.2406698,36.0418565]}},{"type":"Feature","properties":{"osm_id":"node/12519674953","name":null,"species":null,"height":null,"source":"OpenStreetMap contributors","kind":"tree"},"geometry":{"type":"Point","coordinates":[14.2406656,36.0418256]}},{"type":"Feature","properties":{"osm_id":"node/12519674954","name":null,"species":null,"height":null,"source":"OpenStreetMap contributors","kind":"tree"},"geometry":{"type":"Point","coordinates":[14.2407061,36.041822]}},{"type":"Feature","properties":{"osm_id":"node/12519674955","name":null,"species":null,"height":null,"source":"OpenStreetMap contributors","kind":"tree"},"geometry":{"type":"Point","coordinates":[14.2407103,36.0418528]}},{"type":"Feature","properties":{"osm_id":"node/12528354764","name":null,"species":null,"height":null,"source":"OpenStreetMap contributors","kind":"tree"},"geometry":{"type":"Point","coordinates":[14.2400535,36.0440613]}},{"type":"Feature","properties":{"osm_id":"node/12530568143","name":null,"species":null,"height":null,"source":"OpenStreetMap contributors","kind":"tree"},"geometry":{"type":"Point","coordinates":[14.2350088,36.0456405]}},{"type":"Feature","properties":{"osm_id":"node/12530568144","name":null,"species":null,"height":null,"source":"OpenStreetMap contributors","kind":"tree"},"geometry":{"type":"Point","coordinates":[14.2350588,36.0456356]}},{"type":"Feature","properties":{"osm_id":"node/12530568145","name":null,"species":null,"height":null,"source":"OpenStreetMap contributors","kind":"tree"},"geometry":{"type":"Point","coordinates":[14.2351204,36.0456298]}},{"type":"Feature","properties":{"osm_id":"node/12530568146","name":null,"species":null,"height":null,"source":"OpenStreetMap contributors","kind":"tree"},"geometry":{"type":"Point","coordinates":[14.2351758,36.0456233]}},{"type":"Feature","properties":{"osm_id":"node/12530568147","name":null,"species":null,"height":null,"source":"OpenStreetMap contributors","kind":"tree"},"geometry":{"type":"Point","coordinates":[14.2346388,36.0457027]}},{"type":"Feature","properties":{"osm_id":"node/12530568148","name":null,"species":null,"height":null,"source":"OpenStreetMap contributors","kind":"tree"},"geometry":{"type":"Point","coordinates":[14.2345798,36.0457116]}},{"type":"Feature","properties":{"osm_id":"node/12530568149","name":null,"species":null,"height":null,"source":"OpenStreetMap contributors","kind":"tree"},"geometry":{"type":"Point","coordinates":[14.2345197,36.0457216]}},{"type":"Feature","properties":{"osm_id":"node/12530568150","name":null,"species":null,"height":null,"source":"OpenStreetMap contributors","kind":"tree"},"geometry":{"type":"Point","coordinates":[14.2344615,36.0457307]}},{"type":"Feature","properties":{"osm_id":"node/12530568151","name":null,"species":null,"height":null,"source":"OpenStreetMap contributors","kind":"tree"},"geometry":{"type":"Point","coordinates":[14.2343843,36.0457433]}},{"type":"Feature","properties":{"osm_id":"node/12530568152","name":null,"species":null,"height":null,"source":"OpenStreetMap contributors","kind":"tree"},"geometry":{"type":"Point","coordinates":[14.2343239,36.0457518]}},{"type":"Feature","properties":{"osm_id":"node/12530568153","name":null,"species":null,"height":null,"source":"OpenStreetMap contributors","kind":"tree"},"geometry":{"type":"Point","coordinates":[14.2342616,36.0457629]}},{"type":"Feature","properties":{"osm_id":"node/12530568154","name":null,"species":null,"height":null,"source":"OpenStreetMap contributors","kind":"tree"},"geometry":{"type":"Point","coordinates":[14.23414,36.0457823]}},{"type":"Feature","properties":{"osm_id":"node/12530568155","name":null,"species":null,"height":null,"source":"OpenStreetMap contributors","kind":"tree"},"geometry":{"type":"Point","coordinates":[14.2340878,36.0457895]}},{"type":"Feature","properties":{"osm_id":"node/12530568156","name":null,"species":null,"height":null,"source":"OpenStreetMap contributors","kind":"tree"},"geometry":{"type":"Point","coordinates":[14.2340285,36.0457995]}},{"type":"Feature","properties":{"osm_id":"node/12530568157","name":null,"species":null,"height":null,"source":"OpenStreetMap contributors","kind":"tree"},"geometry":{"type":"Point","coordinates":[14.2339796,36.0458067]}},{"type":"Feature","properties":{"osm_id":"node/12530568158","name":null,"species":null,"height":null,"source":"OpenStreetMap contributors","kind":"tree"},"geometry":{"type":"Point","coordinates":[14.2339221,36.0458157]}},{"type":"Feature","properties":{"osm_id":"node/12530568159","name":null,"species":null,"height":null,"source":"OpenStreetMap contributors","kind":"tree"},"geometry":{"type":"Point","coordinates":[14.2338678,36.045824]}},{"type":"Feature","properties":{"osm_id":"node/12530568160","name":null,"species":null,"height":null,"source":"OpenStreetMap contributors","kind":"tree"},"geometry":{"type":"Point","coordinates":[14.2338195,36.0458316]}},{"type":"Feature","properties":{"osm_id":"node/12530568161","name":null,"species":null,"height":null,"source":"OpenStreetMap contributors","kind":"tree"},"geometry":{"type":"Point","coordinates":[14.2337674,36.0458396]}},{"type":"Feature","properties":{"osm_id":"node/12543011657","name":null,"species":null,"height":null,"source":"OpenStreetMap contributors","kind":"tree"},"geometry":{"type":"Point","coordinates":[14.2361899,36.0390371]}},{"type":"Feature","properties":{"osm_id":"node/12543044072","name":null,"species":null,"height":null,"source":"OpenStreetMap contributors","kind":"tree"},"geometry":{"type":"Point","coordinates":[14.2347752,36.0380793]}},{"type":"Feature","properties":{"osm_id":"node/12543044073","name":null,"species":null,"height":null,"source":"OpenStreetMap contributors","kind":"tree"},"geometry":{"type":"Point","coordinates":[14.2347758,36.038051]}},{"type":"Feature","properties":{"osm_id":"node/12655803107","name":null,"species":null,"height":null,"source":"OpenStreetMap contributors","kind":"tree"},"geometry":{"type":"Point","coordinates":[14.3532722,35.9878322]}},{"type":"Feature","properties":{"osm_id":"node/12655803108","name":null,"species":null,"height":null,"source":"OpenStreetMap contributors","kind":"tree"},"geometry":{"type":"Point","coordinates":[14.353357,35.9878433]}},{"type":"Feature","properties":{"osm_id":"node/12655803109","name":null,"species":null,"height":null,"source":"OpenStreetMap contributors","kind":"tree"},"geometry":{"type":"Point","coordinates":[14.3536114,35.987907]}},{"type":"Feature","properties":{"osm_id":"node/12655803255","name":null,"species":null,"height":null,"source":"OpenStreetMap contributors","kind":"tree"},"geometry":{"type":"Point","coordinates":[14.353488,35.9880778]}},{"type":"Feature","properties":{"osm_id":"node/12656070577","name":null,"species":null,"height":null,"source":"OpenStreetMap contributors","kind":"tree"},"geometry":{"type":"Point","coordinates":[14.3535333,35.989376]}},{"type":"Feature","properties":{"osm_id":"node/12656070578","name":null,"species":null,"height":null,"source":"OpenStreetMap contributors","kind":"tree"},"geometry":{"type":"Point","coordinates":[14.3535912,35.9893798]}},{"type":"Feature","properties":{"osm_id":"node/12656070579","name":null,"species":null,"height":null,"source":"OpenStreetMap contributors","kind":"tree"},"geometry":{"type":"Point","coordinates":[14.3535669,35.9893239]}},{"type":"Feature","properties":{"osm_id":"node/12656071115","name":null,"species":null,"height":null,"source":"OpenStreetMap contributors","kind":"tree"},"geometry":{"type":"Point","coordinates":[14.353453,35.9904711]}},{"type":"Feature","properties":{"osm_id":"node/12656071116","name":null,"species":null,"height":null,"source":"OpenStreetMap contributors","kind":"tree"},"geometry":{"type":"Point","coordinates":[14.3534861,35.990476]}},{"type":"Feature","properties":{"osm_id":"node/12656071117","name":null,"species":null,"height":null,"source":"OpenStreetMap contributors","kind":"tree"},"geometry":{"type":"Point","coordinates":[14.3535337,35.9904742]}},{"type":"Feature","properties":{"osm_id":"node/12656071118","name":null,"species":null,"height":null,"source":"OpenStreetMap contributors","kind":"tree"},"geometry":{"type":"Point","coordinates":[14.353336,35.9904725]}},{"type":"Feature","properties":{"osm_id":"node/12656071127","name":null,"species":null,"height":null,"source":"OpenStreetMap contributors","kind":"tree"},"geometry":{"type":"Point","coordinates":[14.3534929,35.9906902]}},{"type":"Feature","properties":{"osm_id":"node/12658196879","name":null,"species":null,"height":null,"source":"OpenStreetMap contributors","kind":"tree"},"geometry":{"type":"Point","coordinates":[14.3554038,35.9907393]}},{"type":"Feature","properties":{"osm_id":"node/12658196880","name":null,"species":null,"height":null,"source":"OpenStreetMap contributors","kind":"tree"},"geometry":{"type":"Point","coordinates":[14.3554327,35.9907505]}},{"type":"Feature","properties":{"osm_id":"node/12658196881","name":null,"species":null,"height":null,"source":"OpenStreetMap contributors","kind":"tree"},"geometry":{"type":"Point","coordinates":[14.3554604,35.9907579]}},{"type":"Feature","properties":{"osm_id":"node/12658196882","name":null,"species":null,"height":null,"source":"OpenStreetMap contributors","kind":"tree"},"geometry":{"type":"Point","coordinates":[14.3554878,35.9907702]}},{"type":"Feature","properties":{"osm_id":"node/12662977541","name":null,"species":null,"height":null,"source":"OpenStreetMap contributors","kind":"tree"},"geometry":{"type":"Point","coordinates":[14.3461577,35.9723092]}},{"type":"Feature","properties":{"osm_id":"way/23589150","name":"Masġar Ta' Blankas","species":null,"height":null,"source":"OpenStreetMap contributors","kind":"woodland"},"geometry":{"type":"Polygon","coordinates":[[[14.255158,36.0293742],[14.2564055,36.0291809],[14.2570393,36.0290062],[14.2570334,36.0289765],[14.2571123,36.028959],[14.2571371,36.0289393],[14.2570772,36.0288067],[14.2570506,36.0285982],[14.2568789,36.0284038],[14.2571278,36.0281886],[14.2574282,36.0283621],[14.2577544,36.0280706],[14.2563639,36.0275361],[14.2555056,36.0275639],[14.2551795,36.0281817],[14.2552627,36.0286403],[14.2552213,36.0289308],[14.255158,36.0293742]]]}},{"type":"Feature","properties":{"osm_id":"way/29546605","name":null,"species":null,"height":null,"source":"OpenStreetMap contributors","kind":"woodland"},"geometry":{"type":"Polygon","coordinates":[[[14.2555886,36.066576],[14.2559586,36.066601],[14.2558834,36.0661181],[14.2557627,36.0661449],[14.2554317,36.0662184],[14.2555886,36.066576]]]}},{"type":"Feature","properties":{"osm_id":"way/29546606","name":null,"species":null,"height":null,"source":"OpenStreetMap contributors","kind":"woodland"},"geometry":{"type":"Polygon","coordinates":[[[14.2563036,36.0660992],[14.256887,36.0660302],[14.2568117,36.0657354],[14.2562346,36.0657982],[14.2563036,36.0660992]]]}},{"type":"Feature","properties":{"osm_id":"way/29980272","name":null,"species":null,"height":null,"source":"OpenStreetMap contributors","kind":"woodland"},"geometry":{"type":"Polygon","coordinates":[[[14.2532921,36.0390469],[14.2532698,36.0390031],[14.2534871,36.0376025],[14.2535813,36.0375666],[14.2540172,36.0374813],[14.2544234,36.0374078],[14.2549499,36.03735],[14.2561316,36.0371774],[14.2566915,36.0370952],[14.257029,36.0370155],[14.258427,36.0365377],[14.2585486,36.0366426],[14.2585631,36.0367291],[14.2585404,36.0368132],[14.2583914,36.0368837],[14.2566598,36.0374873],[14.2564897,36.0374533],[14.2564668,36.0374232],[14.2553736,36.037789],[14.2553391,36.0378288],[14.2552193,36.0379117],[14.253341,36.0390518],[14.2532921,36.0390469]]]}},{"type":"Feature","properties":{"osm_id":"way/221974343","name":null,"species":null,"height":null,"source":"OpenStreetMap contributors","kind":"tree_row"},"geometry":{"type":"LineString","coordinates":[[14.3112419,36.0355566],[14.3110577,36.0360612]]}},{"type":"Feature","properties":{"osm_id":"way/248425015","name":null,"species":null,"height":null,"source":"OpenStreetMap contributors","kind":"woodland"},"geometry":{"type":"Polygon","coordinates":[[[14.2788942,36.0604874],[14.2788824,36.0604403],[14.2790881,36.0604593],[14.2793098,36.0604737],[14.2795042,36.0604978],[14.2795183,36.0605932],[14.2795575,36.0606351],[14.2795276,36.0607073],[14.2794434,36.0607485],[14.2792136,36.0609235],[14.2789747,36.0605973],[14.2788942,36.0604874]]]}},{"type":"Feature","properties":{"osm_id":"way/275675355","name":null,"species":null,"height":null,"source":"OpenStreetMap contributors","kind":"woodland"},"geometry":{"type":"Polygon","coordinates":[[[14.34945,35.9773773],[14.3492985,35.9772987],[14.3492714,35.9772036],[14.3492465,35.9771176],[14.3491222,35.9770371],[14.3491313,35.9769511],[14.3493279,35.9768798],[14.3494409,35.9768542],[14.3495381,35.9768011],[14.3498275,35.9768286],[14.3510255,35.9771487],[14.3507814,35.9775914],[14.3509577,35.9778511],[14.3511114,35.9779828],[14.3513827,35.9779499],[14.3515861,35.9777816],[14.3516268,35.9776499],[14.3517082,35.9776206],[14.3521467,35.9776316],[14.3524089,35.9777889],[14.3521829,35.9778731],[14.3521015,35.9779096],[14.3522009,35.9779865],[14.3524858,35.9781914],[14.3528339,35.9782535],[14.3532814,35.9782389],[14.3534125,35.9782243],[14.3536175,35.9782976],[14.3542308,35.978517],[14.354597,35.9787328],[14.3554334,35.9789304],[14.3557363,35.9790511],[14.3563375,35.9794023],[14.3568801,35.9794316],[14.3574226,35.9797791],[14.3570473,35.9801596],[14.3571197,35.9805437],[14.357834,35.9805108],[14.3585844,35.9809315],[14.3589461,35.980701],[14.3594072,35.9810413],[14.3597418,35.9810669],[14.3604922,35.9814803],[14.3611975,35.9814912],[14.361462,35.9815937],[14.3614326,35.9818863],[14.3615931,35.9821113],[14.3616654,35.982554],[14.3614955,35.9829697],[14.3613608,35.9832173],[14.3607953,35.9830145],[14.359885,35.9825963],[14.3595576,35.9824326],[14.3592036,35.9821653],[14.3589285,35.9818964],[14.3586882,35.9816918],[14.3564191,35.9809738],[14.3553633,35.980498],[14.3542778,35.9800473],[14.3524369,35.9790745],[14.3517622,35.9787168],[14.3511154,35.9783693],[14.34945,35.9773773]]]}},{"type":"Feature","properties":{"osm_id":"way/298059532","name":null,"species":null,"height":null,"source":"OpenStreetMap contributors","kind":"woodland"},"geometry":{"type":"Polygon","coordinates":[[[14.3399585,35.9797166],[14.342276,35.9797166],[14.3438853,35.9785706],[14.3454743,35.9775829],[14.3443237,35.9772421],[14.3442271,35.977533],[14.3444325,35.9779628],[14.3438864,35.978406],[14.3434143,35.9784755],[14.3430163,35.978232],[14.3424032,35.9770945],[14.3422009,35.9767126],[14.3419337,35.9767304],[14.3420829,35.9781451],[14.3417728,35.978354],[14.3414177,35.9781191],[14.341128,35.9774332],[14.3409885,35.9773464],[14.3395294,35.9789613],[14.3402278,35.979144],[14.3399585,35.9797166]]]}},{"type":"Feature","properties":{"osm_id":"way/337175336","name":null,"species":null,"height":null,"source":"OpenStreetMap contributors","kind":"woodland"},"geometry":{"type":"Polygon","coordinates":[[[14.2620186,36.0689669],[14.2626356,36.0688151],[14.2625739,36.0687652],[14.26237,36.0687609],[14.2619891,36.0684747],[14.2618282,36.0684855],[14.2617719,36.0686351],[14.2620186,36.0689669]]]}},{"type":"Feature","properties":{"osm_id":"way/342723583","name":null,"species":null,"height":null,"source":"OpenStreetMap contributors","kind":"tree_row"},"geometry":{"type":"LineString","coordinates":[[14.2577217,36.0401471],[14.2644675,36.0387026]]}},{"type":"Feature","properties":{"osm_id":"way/342723590","name":null,"species":null,"height":null,"source":"OpenStreetMap contributors","kind":"tree_row"},"geometry":{"type":"LineString","coordinates":[[14.2271292,36.0536182],[14.227276,36.0561645]]}},{"type":"Feature","properties":{"osm_id":"way/342737142","name":null,"species":null,"height":null,"source":"OpenStreetMap contributors","kind":"woodland"},"geometry":{"type":"Polygon","coordinates":[[[14.1994803,36.0365792],[14.2000811,36.0359871],[14.1992898,36.0363406],[14.1994803,36.0365792]]]}},{"type":"Feature","properties":{"osm_id":"way/376962658","name":null,"species":null,"height":null,"source":"OpenStreetMap contributors","kind":"tree_row"},"geometry":{"type":"LineString","coordinates":[[14.3114617,36.0353476],[14.3115359,36.0353868],[14.3116432,36.0356954],[14.311679,36.0359243],[14.3116522,36.0360929]]}},{"type":"Feature","properties":{"osm_id":"way/376962684","name":null,"species":null,"height":null,"source":"OpenStreetMap contributors","kind":"tree_row"},"geometry":{"type":"LineString","coordinates":[[14.311077,36.0360882],[14.3112647,36.0360858]]}},{"type":"Feature","properties":{"osm_id":"way/377582117","name":null,"species":null,"height":null,"source":"OpenStreetMap contributors","kind":"woodland"},"geometry":{"type":"Polygon","coordinates":[[[14.342576,35.9766189],[14.3425709,35.9765541],[14.3426138,35.9764586],[14.3426889,35.9763717],[14.3428177,35.9762393],[14.3429199,35.9761287],[14.3438669,35.9761703],[14.3446566,35.9763835],[14.3451724,35.9770097],[14.3450179,35.9773978],[14.3444273,35.9772086],[14.342576,35.9766189]]]}},{"type":"Feature","properties":{"osm_id":"way/379506199","name":null,"species":null,"height":null,"source":"OpenStreetMap contributors","kind":"tree_row"},"geometry":{"type":"LineString","coordinates":[[14.2900963,36.026706],[14.2901231,36.0266336],[14.2901231,36.0265541],[14.2901022,36.026477],[14.2900397,36.0264167],[14.2893662,36.0259323]]}},{"type":"Feature","properties":{"osm_id":"way/379506211","name":null,"species":null,"height":null,"source":"OpenStreetMap contributors","kind":"tree_row"},"geometry":{"type":"LineString","coordinates":[[14.2895957,36.0266915],[14.2897685,36.0267951],[14.2899324,36.0268071],[14.2900278,36.0267831]]}},{"type":"Feature","properties":{"osm_id":"way/463833253","name":null,"species":null,"height":null,"source":"OpenStreetMap contributors","kind":"tree_row"},"geometry":{"type":"LineString","coordinates":[[14.2515057,36.039176],[14.2514146,36.0390561]]}},{"type":"Feature","properties":{"osm_id":"way/463833254","name":null,"species":null,"height":null,"source":"OpenStreetMap contributors","kind":"tree_row"},"geometry":{"type":"LineString","coordinates":[[14.2516738,36.0393841],[14.2515827,36.0392642]]}},{"type":"Feature","properties":{"osm_id":"way/516819762","name":null,"species":null,"height":null,"source":"OpenStreetMap contributors","kind":"woodland"},"geometry":{"type":"Polygon","coordinates":[[[14.3488631,35.9733226],[14.3488862,35.9733849],[14.3490622,35.9730355],[14.3492974,35.972535],[14.3493511,35.9723875],[14.3493773,35.9722355],[14.3493943,35.972053],[14.3493717,35.9717638],[14.3493126,35.9717167],[14.3493234,35.9716853],[14.3493565,35.971658],[14.3492449,35.9706791],[14.3492834,35.9703955],[14.3492422,35.9704008],[14.3491534,35.9704411],[14.3491498,35.9704104],[14.349146,35.9703785],[14.3493126,35.9702989],[14.3494621,35.9697867],[14.3496104,35.9694233],[14.3496425,35.969267],[14.3495902,35.969254],[14.3495648,35.9692779],[14.3495312,35.9692844],[14.3492255,35.9692518],[14.3492335,35.9693137],[14.3492509,35.9693495],[14.3493234,35.9694125],[14.3492335,35.9694646],[14.3492372,35.9696804],[14.3490601,35.9697546],[14.3488216,35.9697543],[14.3489557,35.9699562],[14.3488537,35.9702688],[14.3486726,35.9702423],[14.3485465,35.9702336],[14.3483897,35.9701538],[14.348336,35.9703425],[14.3484133,35.9706897],[14.3486451,35.9712246],[14.3487885,35.9714831],[14.3490224,35.9716892],[14.3489455,35.9717733],[14.3486193,35.9718358],[14.3486622,35.9721067],[14.3487223,35.972329],[14.3488167,35.9725305],[14.3488167,35.9726208],[14.3486692,35.9728832],[14.3489888,35.9730106],[14.3488631,35.9733226]]]}},{"type":"Feature","properties":{"osm_id":"way/516852358","name":null,"species":null,"height":null,"source":"OpenStreetMap contributors","kind":"woodland"},"geometry":{"type":"Polygon","coordinates":[[[14.3672928,35.9668965],[14.3672177,35.9668379],[14.3672445,35.9667228],[14.367215,35.9665491],[14.3671426,35.9664232],[14.3670568,35.9663386],[14.3670219,35.9662648],[14.3670166,35.9661736],[14.3670568,35.9661171],[14.367494,35.9655896],[14.3677006,35.9653024],[14.3677352,35.9652543],[14.3678936,35.9650339],[14.3678722,35.9647734],[14.3679392,35.9646431],[14.3680304,35.9646583],[14.3680676,35.9643912],[14.368076,35.9643305],[14.3678856,35.9639223],[14.3679044,35.9638051],[14.3681082,35.9635772],[14.3682879,35.9635641],[14.3682906,35.9635229],[14.368473,35.9635099],[14.3684086,35.9629204],[14.3683939,35.9629053],[14.3683496,35.9628901],[14.3682772,35.9628835],[14.3682195,35.9628901],[14.3680868,35.9629552],[14.3677703,35.9631299],[14.36762,35.9632494],[14.3675557,35.963321],[14.3674913,35.9634165],[14.3674403,35.9635316],[14.367313,35.9643234],[14.3677894,35.9643458],[14.3677139,35.9649644],[14.3676147,35.9649622],[14.3674672,35.9652705],[14.367156,35.9651793],[14.3668871,35.9655242],[14.3671296,35.9656389],[14.3667659,35.966151],[14.3665746,35.9660734],[14.3665954,35.9661519],[14.3667859,35.9668097],[14.3668127,35.9668444],[14.3668637,35.9668835],[14.3669093,35.9669008],[14.3669522,35.9669052],[14.3670648,35.9669073],[14.3671453,35.9669247],[14.3672338,35.9669442],[14.3672606,35.9669334],[14.3672928,35.9668965]]]}},{"type":"Feature","properties":{"osm_id":"way/518344696","name":null,"species":null,"height":null,"source":"OpenStreetMap contributors","kind":"woodland"},"geometry":{"type":"Polygon","coordinates":[[[14.2864308,36.0299988],[14.2859294,36.0298926],[14.2861265,36.0299479],[14.2861479,36.0299587],[14.2863679,36.030039],[14.2864308,36.0299988]]]}},{"type":"Feature","properties":{"osm_id":"way/518344716","name":null,"species":null,"height":null,"source":"OpenStreetMap contributors","kind":"woodland"},"geometry":{"type":"Polygon","coordinates":[[[14.2545499,36.0370556],[14.2546092,36.037212],[14.2546642,36.0372033],[14.254695,36.0372814],[14.2543302,36.0373345],[14.2543007,36.0373085],[14.2542565,36.0373139],[14.2542653,36.0373278],[14.2542793,36.0373497],[14.2539588,36.0374104],[14.2538768,36.0374103],[14.2538531,36.0373829],[14.2538327,36.0373594],[14.2537365,36.037171],[14.253734,36.0371613],[14.2534572,36.0365895],[14.2535055,36.0364865],[14.2538079,36.0363961],[14.2541227,36.0370647],[14.2541207,36.0370873],[14.2541732,36.0371727],[14.2545499,36.0370556]]]}},{"type":"Feature","properties":{"osm_id":"way/518344717","name":null,"species":null,"height":null,"source":"OpenStreetMap contributors","kind":"woodland"},"geometry":{"type":"Polygon","coordinates":[[[14.2549168,36.0372526],[14.2547446,36.0372759],[14.2546466,36.0370255],[14.2547763,36.0369852],[14.2549168,36.0372526]]]}},{"type":"Feature","properties":{"osm_id":"way/518456423","name":"Censu Sciberras Garden","species":null,"height":null,"source":"OpenStreetMap contributors","kind":"woodland"},"geometry":{"type":"Polygon","coordinates":[[[14.2291461,36.0436423],[14.2287965,36.0433891],[14.2286115,36.0432429],[14.2287856,36.0432052],[14.2288345,36.0431675],[14.2288997,36.0431173],[14.228932,36.0430438],[14.2290088,36.0426693],[14.2290213,36.0426165],[14.229047,36.0425557],[14.22907,36.0425237],[14.2290942,36.0425043],[14.2291954,36.0424952],[14.2292603,36.0424915],[14.2293133,36.0424933],[14.229374,36.042494],[14.2294095,36.04254],[14.2294489,36.0425528],[14.229452,36.0425821],[14.2294668,36.0426043],[14.2294888,36.0426244],[14.2295209,36.0426397],[14.2296974,36.0426964],[14.2296569,36.042891],[14.2295644,36.0431465],[14.229515,36.0432448],[14.2294368,36.0433517],[14.2294076,36.0433838],[14.2293877,36.0434056],[14.2292232,36.043586],[14.2291461,36.0436423]]]}},{"type":"Feature","properties":{"osm_id":"way/518551784","name":null,"species":null,"height":null,"source":"OpenStreetMap contributors","kind":"woodland"},"geometry":{"type":"Polygon","coordinates":[[[14.2974172,36.0309788],[14.2974132,36.0310596],[14.2974159,36.0310932],[14.2974307,36.0311138],[14.2975165,36.0311279],[14.2975648,36.0311279],[14.2975929,36.0311073],[14.2976171,36.0309999],[14.2976623,36.0309822],[14.2976278,36.0309218],[14.29766,36.0306095],[14.297432,36.0306095],[14.2974749,36.0307027],[14.2974883,36.030809],[14.2974883,36.0309804],[14.2974172,36.0309788]]]}},{"type":"Feature","properties":{"osm_id":"way/518551786","name":null,"species":null,"height":null,"source":"OpenStreetMap contributors","kind":"woodland"},"geometry":{"type":"Polygon","coordinates":[[[14.2971525,36.0305937],[14.2971409,36.0308893],[14.2971826,36.0310086],[14.2972188,36.0310585],[14.2972724,36.031053],[14.2973274,36.0310324],[14.2973408,36.0309771],[14.2972912,36.0307071],[14.2972362,36.0306301],[14.2971987,36.0305607],[14.2972067,36.0305173],[14.297267,36.0303991],[14.2972845,36.0303297],[14.2973274,36.0302928],[14.2973328,36.0302364],[14.2972925,36.030193],[14.2972738,36.0300216],[14.2973033,36.0299544],[14.2972979,36.0298828],[14.2972684,36.0298026],[14.2972764,36.0297483],[14.2973247,36.029744],[14.2973086,36.0296963],[14.2971294,36.0295968],[14.2971525,36.0305937]]]}},{"type":"Feature","properties":{"osm_id":"way/543248854","name":null,"species":null,"height":null,"source":"OpenStreetMap contributors","kind":"tree_row"},"geometry":{"type":"LineString","coordinates":[[14.2429279,36.0358073],[14.2425397,36.0364254]]}},{"type":"Feature","properties":{"osm_id":"way/543248855","name":null,"species":null,"height":null,"source":"OpenStreetMap contributors","kind":"tree_row"},"geometry":{"type":"LineString","coordinates":[[14.2419966,36.0372685],[14.2422037,36.0369495]]}},{"type":"Feature","properties":{"osm_id":"way/543248859","name":null,"species":null,"height":null,"source":"OpenStreetMap contributors","kind":"tree_row"},"geometry":{"type":"LineString","coordinates":[[14.2422893,36.0368252],[14.2424024,36.0366484]]}},{"type":"Feature","properties":{"osm_id":"way/792112321","name":null,"species":null,"height":null,"source":"OpenStreetMap contributors","kind":"woodland"},"geometry":{"type":"Polygon","coordinates":[[[14.3514055,35.9786664],[14.353435,35.9797272],[14.352906,35.9806991],[14.3523038,35.9800961],[14.3514321,35.9797353],[14.351309,35.9794418],[14.3512125,35.9789653],[14.3514055,35.9786664]]]}},{"type":"Feature","properties":{"osm_id":"way/874415699","name":null,"species":null,"height":null,"source":"OpenStreetMap contributors","kind":"tree_row"},"geometry":{"type":"LineString","coordinates":[[14.3320144,36.0097826],[14.3322363,36.0110288],[14.3323071,36.0112431]]}},{"type":"Feature","properties":{"osm_id":"way/874415700","name":null,"species":null,"height":null,"source":"OpenStreetMap contributors","kind":"tree_row"},"geometry":{"type":"LineString","coordinates":[[14.3317279,36.0104082],[14.3316355,36.0097178]]}},{"type":"Feature","properties":{"osm_id":"way/874415701","name":null,"species":null,"height":null,"source":"OpenStreetMap contributors","kind":"tree_row"},"geometry":{"type":"LineString","coordinates":[[14.3328372,36.0125996],[14.3332265,36.012445],[14.3339344,36.0124622]]}},{"type":"Feature","properties":{"osm_id":"way/874415702","name":null,"species":null,"height":null,"source":"OpenStreetMap contributors","kind":"tree_row"},"geometry":{"type":"LineString","coordinates":[[14.3334353,36.013029],[14.3336937,36.0130204],[14.3345785,36.0127313]]}},{"type":"Feature","properties":{"osm_id":"way/874415703","name":null,"species":null,"height":null,"source":"OpenStreetMap contributors","kind":"tree_row"},"geometry":{"type":"LineString","coordinates":[[14.3346458,36.0139566],[14.3346634,36.0137819],[14.3345714,36.0136216]]}},{"type":"Feature","properties":{"osm_id":"way/967563856","name":null,"species":null,"height":null,"source":"OpenStreetMap contributors","kind":"woodland"},"geometry":{"type":"Polygon","coordinates":[[[14.335906,36.0100661],[14.335847,36.0100671],[14.335733,36.0101897],[14.3356593,36.0101615],[14.3356646,36.0100867],[14.3356217,36.0100812],[14.3356123,36.01004],[14.3355614,36.0100595],[14.3355144,36.0100888],[14.3354635,36.0100845],[14.3354326,36.0101268],[14.3353776,36.0101116],[14.3353562,36.0100715],[14.335277,36.0100444],[14.3352449,36.0099879],[14.3352502,36.0098415],[14.335147,36.0098068],[14.3351523,36.0097482],[14.3352556,36.0096506],[14.3353428,36.0096234],[14.3353977,36.0097091],[14.3354608,36.0096994],[14.3354635,36.0096777],[14.3355265,36.0096343],[14.3355506,36.0095833],[14.3356284,36.0095692],[14.3356217,36.0095377],[14.335501,36.0095377],[14.3354514,36.0094857],[14.3354058,36.0094748],[14.3353964,36.0094358],[14.3354232,36.0094032],[14.3354407,36.0093794],[14.3354299,36.0093316],[14.3354608,36.0092806],[14.335509,36.0092589],[14.3355909,36.0092568],[14.3356324,36.0092654],[14.3356365,36.0093045],[14.3356338,36.0093338],[14.3355976,36.0093392],[14.3355801,36.0093425],[14.3355774,36.0093989],[14.3356311,36.0094358],[14.335666,36.0094499],[14.3356673,36.0093989],[14.3356821,36.0093587],[14.3357156,36.0093457],[14.3357142,36.0093294],[14.335733,36.0093153],[14.3357317,36.0092882],[14.3357679,36.0092633],[14.3357612,36.0092481],[14.3357598,36.0092286],[14.3357531,36.0092004],[14.3358363,36.00917],[14.3358899,36.0092296],[14.3359597,36.0092698],[14.3360576,36.0092774],[14.3360991,36.0092904],[14.3361501,36.0093002],[14.3361702,36.0093294],[14.3361836,36.0093772],[14.3361568,36.0094119],[14.3360683,36.0094152],[14.3360267,36.0093446],[14.3359932,36.0093956],[14.3359167,36.0093891],[14.335851,36.0093761],[14.3358765,36.0094043],[14.3358711,36.0094271],[14.3358041,36.0094683],[14.3357598,36.0094878],[14.3357746,36.0095182],[14.3358229,36.0095323],[14.3358765,36.0095497],[14.3358846,36.0095735],[14.3358323,36.00958],[14.3358135,36.0096104],[14.33578,36.0096343],[14.3358591,36.0096614],[14.3359422,36.009695],[14.3359838,36.0097059],[14.3360173,36.0097059],[14.3360522,36.0097135],[14.3361206,36.0097406],[14.3361407,36.0097287],[14.3361139,36.0097016],[14.3361689,36.0096864],[14.3362547,36.0097016],[14.3362748,36.0097688],[14.3362104,36.0097764],[14.3362104,36.0097959],[14.3362936,36.0098502],[14.3363459,36.0098567],[14.3363794,36.0099261],[14.3363674,36.0099521],[14.3363003,36.0099955],[14.336256,36.0099934],[14.3361622,36.0099033],[14.3361394,36.0098773],[14.3361179,36.0098589],[14.3360884,36.0098415],[14.3360361,36.0098415],[14.3360321,36.0099098],[14.3360066,36.0099478],[14.3359865,36.0099543],[14.3359704,36.0099771],[14.3359007,36.0099771],[14.335957,36.0100172],[14.3360214,36.0099988],[14.3360616,36.0099663],[14.3361206,36.0099608],[14.3361648,36.0099348],[14.3361917,36.0099728],[14.3362118,36.0100151],[14.336244,36.0100595],[14.3362413,36.0100899],[14.3361675,36.0101398],[14.3360924,36.0101778],[14.3360374,36.0102093],[14.3359878,36.0102038],[14.3359462,36.0101941],[14.3359194,36.0101691],[14.335902,36.010142],[14.335906,36.0100661]]]}},{"type":"Feature","properties":{"osm_id":"way/967563857","name":null,"species":null,"height":null,"source":"OpenStreetMap contributors","kind":"woodland"},"geometry":{"type":"Polygon","coordinates":[[[14.3316105,36.0090951],[14.3315675,36.0090246],[14.331424,36.0090398],[14.3314093,36.0090062],[14.3313637,36.0090441],[14.3313288,36.0090539],[14.3313624,36.0091027],[14.3313074,36.0091494],[14.3313355,36.0091797],[14.3313704,36.0091624],[14.3314442,36.0091646],[14.3314495,36.0091852],[14.3314978,36.0092101],[14.3315193,36.0092568],[14.3314281,36.0092926],[14.3313114,36.0092817],[14.3312846,36.0092763],[14.3311397,36.0092253],[14.3311545,36.0091711],[14.3312645,36.0091515],[14.3312323,36.0091255],[14.3312081,36.0091103],[14.33118,36.0090485],[14.331294,36.0089997],[14.3312752,36.0089714],[14.3313074,36.0089519],[14.331357,36.0089563],[14.331408,36.0089367],[14.3314763,36.0089856],[14.3315394,36.0089758],[14.3315608,36.0089758],[14.3316279,36.0090886],[14.3316105,36.0090951]]]}},{"type":"Feature","properties":{"osm_id":"way/967563858","name":null,"species":null,"height":null,"source":"OpenStreetMap contributors","kind":"woodland"},"geometry":{"type":"Polygon","coordinates":[[[14.3321482,36.0092709],[14.332053,36.0092741],[14.3320114,36.0092264],[14.3319685,36.0092166],[14.331935,36.009145],[14.3320906,36.0091407],[14.3321335,36.0091277],[14.332167,36.009158],[14.3321482,36.0092709]]]}},{"type":"Feature","properties":{"osm_id":"way/967563859","name":null,"species":null,"height":null,"source":"OpenStreetMap contributors","kind":"woodland"},"geometry":{"type":"Polygon","coordinates":[[[14.3337173,36.0095291],[14.3336744,36.0095193],[14.3336784,36.0094325],[14.3336972,36.0093902],[14.3336959,36.0093251],[14.3336945,36.0092654],[14.3337334,36.0092145],[14.333783,36.0093186],[14.3337924,36.0093522],[14.3338058,36.0093891],[14.3337871,36.0094293],[14.3337589,36.0094119],[14.3337589,36.0094423],[14.3337696,36.009451],[14.3337495,36.0094943],[14.3337173,36.0095291]]]}},{"type":"Feature","properties":{"osm_id":"way/985133801","name":null,"species":null,"height":null,"source":"OpenStreetMap contributors","kind":"tree_row"},"geometry":{"type":"LineString","coordinates":[[14.2439447,36.0392511],[14.2441137,36.0387629]]}},{"type":"Feature","properties":{"osm_id":"way/1034418820","name":null,"species":null,"height":null,"source":"OpenStreetMap contributors","kind":"woodland"},"geometry":{"type":"Polygon","coordinates":[[[14.308656,36.0298971],[14.3086943,36.029586],[14.309344,36.0296382],[14.3093057,36.0299494],[14.308656,36.0298971]]]}},{"type":"Feature","properties":{"osm_id":"way/1034418821","name":null,"species":null,"height":null,"source":"OpenStreetMap contributors","kind":"woodland"},"geometry":{"type":"Polygon","coordinates":[[[14.3073313,36.029658],[14.3073736,36.0295311],[14.30765,36.0295914],[14.3076076,36.0297183],[14.3073313,36.029658]]]}},{"type":"Feature","properties":{"osm_id":"way/1034418822","name":null,"species":null,"height":null,"source":"OpenStreetMap contributors","kind":"woodland"},"geometry":{"type":"Polygon","coordinates":[[[14.3071292,36.0294587],[14.3073134,36.0294962],[14.3073541,36.0293655],[14.3071699,36.029328],[14.3071292,36.0294587]]]}},{"type":"Feature","properties":{"osm_id":"way/1034418823","name":null,"species":null,"height":null,"source":"OpenStreetMap contributors","kind":"woodland"},"geometry":{"type":"Polygon","coordinates":[[[14.3075102,36.0292568],[14.3075341,36.0291897],[14.3079359,36.0292834],[14.307912,36.0293504],[14.3075102,36.0292568]]]}},{"type":"Feature","properties":{"osm_id":"way/1034418824","name":null,"species":null,"height":null,"source":"OpenStreetMap contributors","kind":"woodland"},"geometry":{"type":"Polygon","coordinates":[[[14.3111366,36.028365],[14.3111709,36.0285935],[14.3112,36.0286596],[14.3113399,36.0286426],[14.311559,36.028538],[14.3111366,36.028365]]]}},{"type":"Feature","properties":{"osm_id":"way/1034418825","name":null,"species":null,"height":null,"source":"OpenStreetMap contributors","kind":"woodland"},"geometry":{"type":"Polygon","coordinates":[[[14.3117037,36.0294648],[14.3116329,36.0294709],[14.3115326,36.0295627],[14.3115062,36.0296801],[14.3115115,36.029806],[14.3115616,36.0298893],[14.3116329,36.0299192],[14.3116804,36.0298807],[14.3116619,36.0298188],[14.311731,36.0297844],[14.3117037,36.0294648]]]}},{"type":"Feature","properties":{"osm_id":"way/1034418831","name":null,"species":null,"height":null,"source":"OpenStreetMap contributors","kind":"woodland"},"geometry":{"type":"Polygon","coordinates":[[[14.298987,36.0272407],[14.2990244,36.0274695],[14.2991695,36.0275395],[14.2992994,36.0275931],[14.2993631,36.0277641],[14.2992918,36.0279488],[14.2990874,36.0279245],[14.2987638,36.027812],[14.2987304,36.0277633],[14.2988514,36.0272175],[14.298987,36.0272407]]]}},{"type":"Feature","properties":{"osm_id":"way/1034418837","name":null,"species":null,"height":null,"source":"OpenStreetMap contributors","kind":"woodland"},"geometry":{"type":"Polygon","coordinates":[[[14.2405976,36.0700418],[14.2407856,36.0698837],[14.2410618,36.0700449],[14.2410925,36.0702588],[14.2410771,36.0704604],[14.2408393,36.0704604],[14.2408086,36.0701968],[14.2405976,36.0700418]]]}},{"type":"Feature","properties":{"osm_id":"way/1093420433","name":null,"species":null,"height":null,"source":"OpenStreetMap contributors","kind":"woodland"},"geometry":{"type":"Polygon","coordinates":[[[14.334868,36.014805],[14.3346666,36.0144285],[14.334352,36.0140468],[14.3341279,36.0137828],[14.3338644,36.0135665],[14.3337897,36.0135124],[14.3339155,36.0132802],[14.3339627,36.0132707],[14.3338408,36.0130544],[14.3345211,36.0128285],[14.3345526,36.0130146],[14.3346784,36.0131816],[14.3343245,36.0133248],[14.3343048,36.0134424],[14.3342144,36.0135061],[14.3340886,36.0133756],[14.3339981,36.0133756],[14.3339588,36.0134488],[14.3342773,36.0137446],[14.3345644,36.0140245],[14.3345211,36.0141645],[14.3347178,36.014244],[14.3348279,36.014209],[14.3349616,36.0143458],[14.334875,36.0144889],[14.3349773,36.0146384],[14.334993,36.0147752],[14.334868,36.014805]]]}},{"type":"Feature","properties":{"osm_id":"way/1093420434","name":null,"species":null,"height":null,"source":"OpenStreetMap contributors","kind":"tree_row"},"geometry":{"type":"LineString","coordinates":[[14.3336282,36.01446],[14.3339192,36.0141387],[14.3340136,36.0140019],[14.334049,36.0138588],[14.33399,36.0138047]]}},{"type":"Feature","properties":{"osm_id":"way/1093420435","name":null,"species":null,"height":null,"source":"OpenStreetMap contributors","kind":"tree_row"},"geometry":{"type":"LineString","coordinates":[[14.3337816,36.0148099],[14.3341394,36.0144854],[14.3343832,36.0143169]]}},{"type":"Feature","properties":{"osm_id":"way/1093420436","name":null,"species":null,"height":null,"source":"OpenStreetMap contributors","kind":"tree_row"},"geometry":{"type":"LineString","coordinates":[[14.3307026,36.0156563],[14.3309211,36.0159379],[14.3312385,36.0161809],[14.3316311,36.0163632]]}},{"type":"Feature","properties":{"osm_id":"way/1093420437","name":null,"species":null,"height":null,"source":"OpenStreetMap contributors","kind":"tree_row"},"geometry":{"type":"LineString","coordinates":[[14.3314229,36.0160456],[14.3317984,36.0163024],[14.3319725,36.0164764],[14.332133,36.016758]]}},{"type":"Feature","properties":{"osm_id":"way/1093420438","name":null,"species":null,"height":null,"source":"OpenStreetMap contributors","kind":"tree_row"},"geometry":{"type":"LineString","coordinates":[[14.3315864,36.0176226],[14.3313662,36.0170819]]}},{"type":"Feature","properties":{"osm_id":"way/1093420439","name":null,"species":null,"height":null,"source":"OpenStreetMap contributors","kind":"tree_row"},"geometry":{"type":"LineString","coordinates":[[14.3312482,36.0168434],[14.3312227,36.0166128],[14.3311106,36.0163949]]}},{"type":"Feature","properties":{"osm_id":"way/1093420440","name":null,"species":null,"height":null,"source":"OpenStreetMap contributors","kind":"tree_row"},"geometry":{"type":"LineString","coordinates":[[14.3315038,36.0165857],[14.33161,36.0167098],[14.3316297,36.016872],[14.33161,36.0170024]]}},{"type":"Feature","properties":{"osm_id":"way/1093420441","name":null,"species":null,"height":null,"source":"OpenStreetMap contributors","kind":"tree_row"},"geometry":{"type":"LineString","coordinates":[[14.3318538,36.0174032],[14.3318538,36.0169261]]}},{"type":"Feature","properties":{"osm_id":"way/1093420442","name":null,"species":null,"height":null,"source":"OpenStreetMap contributors","kind":"tree_row"},"geometry":{"type":"LineString","coordinates":[[14.3301301,36.0155331],[14.330533,36.0159252]]}},{"type":"Feature","properties":{"osm_id":"way/1093420443","name":null,"species":null,"height":null,"source":"OpenStreetMap contributors","kind":"tree_row"},"geometry":{"type":"LineString","coordinates":[[14.3307139,36.0159308],[14.3311099,36.0162677]]}},{"type":"Feature","properties":{"osm_id":"way/1093420444","name":null,"species":null,"height":null,"source":"OpenStreetMap contributors","kind":"woodland"},"geometry":{"type":"Polygon","coordinates":[[[14.3359876,36.0153122],[14.3359295,36.0151679],[14.3359275,36.0150094],[14.3359624,36.0148965],[14.3358771,36.014782],[14.335912,36.0147193],[14.3360032,36.0147052],[14.3359915,36.0147993],[14.3360187,36.0149326],[14.3361467,36.0149985],[14.3365073,36.0150314],[14.3366256,36.0150659],[14.3365965,36.0149545],[14.3366062,36.0148008],[14.3365209,36.014713],[14.3364511,36.014644],[14.3362126,36.0146032],[14.3362998,36.0145311],[14.3366877,36.0146173],[14.3367342,36.0144432],[14.3364763,36.0143883],[14.3365481,36.0142958],[14.3366198,36.0143397],[14.3367032,36.0143036],[14.3368486,36.0143695],[14.3368797,36.0142942],[14.3369417,36.0143318],[14.3369727,36.0144228],[14.3369107,36.0145593],[14.3368719,36.0146848],[14.3369281,36.014724],[14.3369223,36.0147616],[14.3368428,36.0148118],[14.3369126,36.0149389],[14.3369417,36.0150628],[14.3369533,36.015229],[14.3370794,36.0154235],[14.3370348,36.0155114],[14.3369747,36.0155098],[14.3368137,36.0153435],[14.3367012,36.0151977],[14.3366411,36.0152306],[14.3365384,36.0152761],[14.3364259,36.0152573],[14.3363367,36.0151977],[14.3362048,36.0151287],[14.3360788,36.0150957],[14.3360788,36.0151914],[14.3360555,36.0152808],[14.3359876,36.0153122]]]}},{"type":"Feature","properties":{"osm_id":"way/1093420445","name":null,"species":null,"height":null,"source":"OpenStreetMap contributors","kind":"woodland"},"geometry":{"type":"Polygon","coordinates":[[[14.3370492,36.014295],[14.3369673,36.0142619],[14.3370458,36.0140906],[14.3369673,36.0140603],[14.3368819,36.0142508],[14.3368478,36.0141155],[14.3369229,36.0140106],[14.3369946,36.0138504],[14.3370833,36.0138863],[14.3371687,36.0137234],[14.3371209,36.0136405],[14.3371448,36.0135881],[14.3371004,36.013566],[14.3371038,36.0135025],[14.3372404,36.0135825],[14.3372779,36.0136543],[14.3373872,36.013682],[14.3372506,36.0138863],[14.3372267,36.014063],[14.3371311,36.0142646],[14.3370492,36.014295]]]}},{"type":"Feature","properties":{"osm_id":"way/1093420446","name":null,"species":null,"height":null,"source":"OpenStreetMap contributors","kind":"woodland"},"geometry":{"type":"Polygon","coordinates":[[[14.335617,36.0146098],[14.3354718,36.0145394],[14.3354226,36.0144436],[14.3356013,36.0145014],[14.3357621,36.0144888],[14.33578,36.0144454],[14.3357644,36.0143497],[14.3356773,36.014272],[14.3357755,36.0142358],[14.335952,36.0143695],[14.3360704,36.0143605],[14.3362066,36.0142991],[14.3362647,36.0141816],[14.3363139,36.0140678],[14.3364121,36.0140624],[14.3364635,36.0139955],[14.3364613,36.0139233],[14.3364278,36.0138799],[14.3364457,36.013739],[14.3365551,36.013645],[14.3366847,36.0135438],[14.3367718,36.0135131],[14.3367567,36.0134339],[14.3368363,36.01331],[14.3369274,36.013263],[14.3368906,36.013172],[14.3369158,36.0130826],[14.3369953,36.0130245],[14.3370399,36.012943],[14.3371291,36.0129994],[14.3371116,36.0131485],[14.3370457,36.0132567],[14.3369894,36.0134418],[14.3369002,36.0135814],[14.3368072,36.0137225],[14.3366912,36.0138282],[14.3366339,36.013997],[14.336511,36.0140461],[14.3364774,36.0142095],[14.3363882,36.0143633],[14.3363225,36.0144518],[14.3362434,36.0143688],[14.3362114,36.0143552],[14.336139,36.0143906],[14.3361373,36.0144396],[14.3361558,36.0145526],[14.3360831,36.014606],[14.335896,36.0146793],[14.3358171,36.014697],[14.3357776,36.0146734],[14.3357908,36.0146155],[14.3357572,36.0145753],[14.3356827,36.0145682],[14.3356403,36.0145847],[14.335617,36.0146098]]]}},{"type":"Feature","properties":{"osm_id":"way/1133428405","name":null,"species":null,"height":null,"source":"OpenStreetMap contributors","kind":"woodland"},"geometry":{"type":"Polygon","coordinates":[[[14.3483896,35.9776042],[14.3484031,35.9775966],[14.3484379,35.9775999],[14.3488389,35.9776813],[14.3488939,35.9777052],[14.3489073,35.9777225],[14.3488832,35.9777746],[14.3487893,35.9779417],[14.3485921,35.9778907],[14.3485251,35.9778723],[14.3484849,35.9778538],[14.3484299,35.9778419],[14.3483723,35.9778302],[14.3483455,35.9778097],[14.34834,35.9777714],[14.3483896,35.9776042]]]}},{"type":"Feature","properties":{"osm_id":"way/1157671270","name":null,"species":null,"height":null,"source":"OpenStreetMap contributors","kind":"tree_row"},"geometry":{"type":"LineString","coordinates":[[14.2678951,36.0445252],[14.2683021,36.0457041],[14.2683134,36.0458129]]}},{"type":"Feature","properties":{"osm_id":"way/1157671271","name":null,"species":null,"height":null,"source":"OpenStreetMap contributors","kind":"tree_row"},"geometry":{"type":"LineString","coordinates":[[14.2682934,36.0458945],[14.2681681,36.0460416],[14.2679748,36.046102],[14.2678315,36.0460864],[14.2676872,36.0460529],[14.2674256,36.0458849],[14.2672108,36.0457678],[14.2668512,36.0456413],[14.266508,36.0455507],[14.2663912,36.0455186],[14.2662815,36.0454676]]}},{"type":"Feature","properties":{"osm_id":"way/1342100419","name":null,"species":null,"height":null,"source":"OpenStreetMap contributors","kind":"woodland"},"geometry":{"type":"Polygon","coordinates":[[[14.2576424,36.0621395],[14.2580342,36.0621827],[14.2579336,36.0627793],[14.2575417,36.062736],[14.2576424,36.0621395]]]}},{"type":"Feature","properties":{"osm_id":"way/1348639639","name":null,"species":null,"height":null,"source":"OpenStreetMap contributors","kind":"woodland"},"geometry":{"type":"Polygon","coordinates":[[[14.2410726,36.0451887],[14.2410641,36.0451591],[14.2410401,36.0451663],[14.2410238,36.0450657],[14.2410199,36.0450399],[14.2410156,36.0450017],[14.2410266,36.0449717],[14.2410603,36.0449702],[14.2410975,36.0449455],[14.2411251,36.0449729],[14.2411302,36.0449695],[14.2411698,36.0449963],[14.241202,36.0450261],[14.2411929,36.0450311],[14.2412527,36.0451087],[14.2410726,36.0451887]]]}},{"type":"Feature","properties":{"osm_id":"way/1348971816","name":null,"species":null,"height":null,"source":"OpenStreetMap contributors","kind":"tree_row"},"geometry":{"type":"LineString","coordinates":[[14.2418407,36.0432054],[14.2424857,36.0430452]]}},{"type":"Feature","properties":{"osm_id":"way/1376729435","name":null,"species":null,"height":null,"source":"OpenStreetMap contributors","kind":"woodland"},"geometry":{"type":"Polygon","coordinates":[[[14.3462168,35.9676951],[14.3470223,35.9672652],[14.3471703,35.9670816],[14.3477541,35.967076],[14.3477803,35.9674098],[14.3488812,35.9679862],[14.3493856,35.9681298],[14.3501986,35.9682499],[14.3496367,35.9687659],[14.3494183,35.9688598],[14.349322,35.9688178],[14.3492437,35.9688007],[14.3492002,35.968866],[14.3491299,35.9692137],[14.3489636,35.9689879],[14.3486525,35.9688186],[14.3483387,35.9685646],[14.3480265,35.968414],[14.3477106,35.9683263],[14.3477838,35.967992],[14.3472283,35.9678954],[14.3467732,35.9678064],[14.3467514,35.9680276],[14.3462168,35.9676951]]]}},{"type":"Feature","properties":{"osm_id":"way/1376729456","name":null,"species":null,"height":null,"source":"OpenStreetMap contributors","kind":"woodland"},"geometry":{"type":"Polygon","coordinates":[[[14.3530427,35.980696],[14.3533595,35.980855],[14.3537741,35.9809263],[14.3539174,35.9808067],[14.3541626,35.980797],[14.3543472,35.9807044],[14.3537462,35.979925],[14.3535594,35.9798002],[14.3530427,35.980696]]]}},{"type":"Feature","properties":{"osm_id":"way/1376729457","name":null,"species":null,"height":null,"source":"OpenStreetMap contributors","kind":"woodland"},"geometry":{"type":"Polygon","coordinates":[[[14.353958,35.9800036],[14.3545142,35.9806705],[14.3547903,35.9808118],[14.3560895,35.9809859],[14.353958,35.9800036]]]}},{"type":"Feature","properties":{"osm_id":"way/1376729458","name":null,"species":null,"height":null,"source":"OpenStreetMap contributors","kind":"woodland"},"geometry":{"type":"Polygon","coordinates":[[[14.3552111,35.9819372],[14.3553984,35.9826353],[14.3568496,35.9837284],[14.3580802,35.9818542],[14.3578227,35.9815656],[14.3563296,35.9810966],[14.3559931,35.9814664],[14.3553624,35.9814682],[14.3552111,35.9819372]]]}},{"type":"Feature","properties":{"osm_id":"way/1376737581","name":"Foresta 2000 - Għadira","species":null,"height":null,"source":"OpenStreetMap contributors","kind":"woodland"},"geometry":{"type":"Polygon","coordinates":[[[14.3452071,35.9753271],[14.3463387,35.975979],[14.3465209,35.9758005],[14.3486307,35.9755366],[14.3489855,35.9753969],[14.3491773,35.9751253],[14.3491485,35.9746907],[14.3486978,35.974194],[14.348506,35.9745355],[14.3476909,35.9741319],[14.346099,35.9738137],[14.3452071,35.9753271]]]}},{"type":"Feature","properties":{"osm_id":"way/1432751349","name":null,"species":null,"height":null,"source":"OpenStreetMap contributors","kind":"tree_row"},"geometry":{"type":"LineString","coordinates":[[14.278788,36.0307249],[14.2790274,36.0306613],[14.2789232,36.0303796]]}},{"type":"Feature","properties":{"osm_id":"way/1436450615","name":null,"species":null,"height":null,"source":"OpenStreetMap contributors","kind":"tree_row"},"geometry":{"type":"LineString","coordinates":[[14.2352192,36.0763698],[14.2353395,36.0765481],[14.2354874,36.0766676],[14.2356803,36.0767759],[14.2358658,36.076859]]}},{"type":"Feature","properties":{"osm_id":"way/1436450617","name":null,"species":null,"height":null,"source":"OpenStreetMap contributors","kind":"tree_row"},"geometry":{"type":"LineString","coordinates":[[14.2354498,36.077019],[14.2356816,36.0771122]]}},{"type":"Feature","properties":{"osm_id":"way/1436450623","name":null,"species":null,"height":null,"source":"OpenStreetMap contributors","kind":"tree_row"},"geometry":{"type":"LineString","coordinates":[[14.2354729,36.0762038],[14.2360315,36.0766023],[14.2361711,36.0766887],[14.2363696,36.0767257],[14.2365638,36.0766393]]}},{"type":"Feature","properties":{"osm_id":"way/1436450625","name":null,"species":null,"height":null,"source":"OpenStreetMap contributors","kind":"tree_row"},"geometry":{"type":"LineString","coordinates":[[14.2358358,36.0760077],[14.235898,36.0759444]]}},{"type":"Feature","properties":{"osm_id":"way/1436450626","name":null,"species":null,"height":null,"source":"OpenStreetMap contributors","kind":"tree_row"},"geometry":{"type":"LineString","coordinates":[[14.2359104,36.0760577],[14.2359738,36.0759925]]}},{"type":"Feature","properties":{"osm_id":"way/1436450627","name":null,"species":null,"height":null,"source":"OpenStreetMap contributors","kind":"tree_row"},"geometry":{"type":"LineString","coordinates":[[14.235989,36.0761103],[14.2360651,36.0760305]]}},{"type":"Feature","properties":{"osm_id":"way/1436450628","name":null,"species":null,"height":null,"source":"OpenStreetMap contributors","kind":"tree_row"},"geometry":{"type":"LineString","coordinates":[[14.2357696,36.0759633],[14.2358256,36.0759071]]}},{"type":"Feature","properties":{"osm_id":"way/1436450629","name":null,"species":null,"height":null,"source":"OpenStreetMap contributors","kind":"tree_row"},"geometry":{"type":"LineString","coordinates":[[14.2360868,36.0761759],[14.2361701,36.076089]]}},{"type":"Feature","properties":{"osm_id":"way/1436450675","name":null,"species":null,"height":null,"source":"OpenStreetMap contributors","kind":"tree_row"},"geometry":{"type":"LineString","coordinates":[[14.2373639,36.0781304],[14.237138,36.078096],[14.2370879,36.0780616]]}},{"type":"Feature","properties":{"osm_id":"way/1436458647","name":null,"species":null,"height":null,"source":"OpenStreetMap contributors","kind":"tree_row"},"geometry":{"type":"LineString","coordinates":[[14.2430198,36.0789307],[14.243199,36.0789455]]}},{"type":"Feature","properties":{"osm_id":"way/1436458648","name":null,"species":null,"height":null,"source":"OpenStreetMap contributors","kind":"tree_row"},"geometry":{"type":"LineString","coordinates":[[14.2432816,36.0790512],[14.2430778,36.0790469]]}},{"type":"Feature","properties":{"osm_id":"way/1436458678","name":null,"species":null,"height":null,"source":"OpenStreetMap contributors","kind":"tree_row"},"geometry":{"type":"LineString","coordinates":[[14.2407958,36.0753522],[14.2409412,36.0753811],[14.2412863,36.075388],[14.2414231,36.0754418]]}},{"type":"Feature","properties":{"osm_id":"way/1436458679","name":null,"species":null,"height":null,"source":"OpenStreetMap contributors","kind":"tree_row"},"geometry":{"type":"LineString","coordinates":[[14.2406504,36.0755255],[14.2409092,36.0755982],[14.2411976,36.075659]]}},{"type":"Feature","properties":{"osm_id":"way/1442585977","name":null,"species":null,"height":null,"source":"OpenStreetMap contributors","kind":"tree_row"},"geometry":{"type":"LineString","coordinates":[[14.2352959,36.0753563],[14.2352959,36.0755165],[14.2353384,36.0757196]]}},{"type":"Feature","properties":{"osm_id":"way/1442585978","name":null,"species":null,"height":null,"source":"OpenStreetMap contributors","kind":"tree_row"},"geometry":{"type":"LineString","coordinates":[[14.2351349,36.0754063],[14.2349438,36.0751861],[14.2348995,36.0750187],[14.234896,36.0748986],[14.2349367,36.0750116],[14.2349862,36.0751432],[14.2351331,36.075269],[14.2351614,36.0753155],[14.2351897,36.075362],[14.2352818,36.0757196],[14.235126,36.0757467],[14.2349739,36.0755351]]}},{"type":"Feature","properties":{"osm_id":"way/1442585994","name":null,"species":null,"height":null,"source":"OpenStreetMap contributors","kind":"tree_row"},"geometry":{"type":"LineString","coordinates":[[14.2350615,36.0725567],[14.2349709,36.0728085]]}},{"type":"Feature","properties":{"osm_id":"way/1442585995","name":null,"species":null,"height":null,"source":"OpenStreetMap contributors","kind":"tree_row"},"geometry":{"type":"LineString","coordinates":[[14.234808,36.0725716],[14.2348208,36.0727845],[14.2349185,36.0729881]]}},{"type":"Feature","properties":{"osm_id":"way/1442585996","name":null,"species":null,"height":null,"source":"OpenStreetMap contributors","kind":"tree_row"},"geometry":{"type":"LineString","coordinates":[[14.2348208,36.0727845],[14.2347953,36.0730373]]}},{"type":"Feature","properties":{"osm_id":"way/1442621139","name":null,"species":null,"height":null,"source":"OpenStreetMap contributors","kind":"tree_row"},"geometry":{"type":"LineString","coordinates":[[14.2336644,36.0727785],[14.2336803,36.0731819],[14.2337228,36.0732434],[14.2338945,36.0732248],[14.2339458,36.0734422],[14.2342165,36.0733893],[14.2343864,36.0733592],[14.2344147,36.0729273]]}},{"type":"Feature","properties":{"osm_id":"way/1442621140","name":null,"species":null,"height":null,"source":"OpenStreetMap contributors","kind":"tree_row"},"geometry":{"type":"LineString","coordinates":[[14.2342165,36.0733893],[14.2341758,36.0733006],[14.2341511,36.0731805],[14.2341617,36.0726913]]}},{"type":"Feature","properties":{"osm_id":"way/1445423774","name":null,"species":null,"height":null,"source":"OpenStreetMap contributors","kind":"tree_row"},"geometry":{"type":"LineString","coordinates":[[14.3346179,35.9864367],[14.3346522,35.9863568],[14.3350528,35.9829374],[14.3350083,35.982885]]}},{"type":"Feature","properties":{"osm_id":"way/1445423775","name":null,"species":null,"height":null,"source":"OpenStreetMap contributors","kind":"tree_row"},"geometry":{"type":"LineString","coordinates":[[14.3348601,35.9854807],[14.3349174,35.9850733],[14.3351708,35.982847]]}},{"type":"Feature","properties":{"osm_id":"node/1498913980","name":null,"species":null,"height":null,"source":"OpenStreetMap contributors","kind":"tree"},"geometry":{"type":"Point","coordinates":[14.5017964,35.9124652]}},{"type":"Feature","properties":{"osm_id":"node/1499687741","name":null,"species":null,"height":null,"source":"OpenStreetMap contributors","kind":"tree"},"geometry":{"type":"Point","coordinates":[14.5271747,35.8272674]}},{"type":"Feature","properties":{"osm_id":"node/1499687932","name":null,"species":null,"height":null,"source":"OpenStreetMap contributors","kind":"tree"},"geometry":{"type":"Point","coordinates":[14.527223,35.8273327]}},{"type":"Feature","properties":{"osm_id":"node/1499688215","name":null,"species":null,"height":null,"source":"OpenStreetMap contributors","kind":"tree"},"geometry":{"type":"Point","coordinates":[14.5273141,35.8273675]}},{"type":"Feature","properties":{"osm_id":"node/1499688370","name":null,"species":null,"height":null,"source":"OpenStreetMap contributors","kind":"tree"},"geometry":{"type":"Point","coordinates":[14.5276554,35.8265818]}},{"type":"Feature","properties":{"osm_id":"node/1499688373","name":null,"species":null,"height":null,"source":"OpenStreetMap contributors","kind":"tree"},"geometry":{"type":"Point","coordinates":[14.5275421,35.8265742]}},{"type":"Feature","properties":{"osm_id":"node/1499688376","name":null,"species":null,"height":null,"source":"OpenStreetMap contributors","kind":"tree"},"geometry":{"type":"Point","coordinates":[14.5274644,35.8265802]}},{"type":"Feature","properties":{"osm_id":"node/1499688378","name":null,"species":null,"height":null,"source":"OpenStreetMap contributors","kind":"tree"},"geometry":{"type":"Point","coordinates":[14.5274053,35.8266237]}},{"type":"Feature","properties":{"osm_id":"node/1499688380","name":null,"species":null,"height":null,"source":"OpenStreetMap contributors","kind":"tree"},"geometry":{"type":"Point","coordinates":[14.5271693,35.827102]}},{"type":"Feature","properties":{"osm_id":"node/1499688382","name":null,"species":null,"height":null,"source":"OpenStreetMap contributors","kind":"tree"},"geometry":{"type":"Point","coordinates":[14.5271586,35.8271976]}},{"type":"Feature","properties":{"osm_id":"node/1667038810","name":null,"species":null,"height":null,"source":"OpenStreetMap contributors","kind":"tree"},"geometry":{"type":"Point","coordinates":[14.5300833,35.8555575]}},{"type":"Feature","properties":{"osm_id":"node/1677985230","name":null,"species":null,"height":null,"source":"OpenStreetMap contributors","kind":"tree"},"geometry":{"type":"Point","coordinates":[14.5556903,35.8333245]}},{"type":"Feature","properties":{"osm_id":"node/1677985231","name":null,"species":null,"height":null,"source":"OpenStreetMap contributors","kind":"tree"},"geometry":{"type":"Point","coordinates":[14.55576,35.8332462]}},{"type":"Feature","properties":{"osm_id":"node/2036903789","name":null,"species":null,"height":null,"source":"OpenStreetMap contributors","kind":"tree"},"geometry":{"type":"Point","coordinates":[14.4847737,35.8762606]}},{"type":"Feature","properties":{"osm_id":"node/2036903796","name":null,"species":null,"height":null,"source":"OpenStreetMap contributors","kind":"tree"},"geometry":{"type":"Point","coordinates":[14.4848354,35.8762843]}},{"type":"Feature","properties":{"osm_id":"node/2036903805","name":null,"species":null,"height":null,"source":"OpenStreetMap contributors","kind":"tree"},"geometry":{"type":"Point","coordinates":[14.4846891,35.8762992]}},{"type":"Feature","properties":{"osm_id":"node/2036903815","name":null,"species":null,"height":null,"source":"OpenStreetMap contributors","kind":"tree"},"geometry":{"type":"Point","coordinates":[14.4846404,35.8763221]}},{"type":"Feature","properties":{"osm_id":"node/2036903842","name":null,"species":null,"height":null,"source":"OpenStreetMap contributors","kind":"tree"},"geometry":{"type":"Point","coordinates":[14.4847531,35.876351]}},{"type":"Feature","properties":{"osm_id":"node/2036903853","name":null,"species":null,"height":null,"source":"OpenStreetMap contributors","kind":"tree"},"geometry":{"type":"Point","coordinates":[14.4846241,35.8763818]}},{"type":"Feature","properties":{"osm_id":"node/2036903867","name":null,"species":null,"height":null,"source":"OpenStreetMap contributors","kind":"tree"},"geometry":{"type":"Point","coordinates":[14.4845667,35.8763949]}},{"type":"Feature","properties":{"osm_id":"node/2036903886","name":null,"species":null,"height":null,"source":"OpenStreetMap contributors","kind":"tree"},"geometry":{"type":"Point","coordinates":[14.4844963,35.8764063]}},{"type":"Feature","properties":{"osm_id":"node/2036903903","name":null,"species":null,"height":null,"source":"OpenStreetMap contributors","kind":"tree"},"geometry":{"type":"Point","coordinates":[14.4844389,35.8764283]}},{"type":"Feature","properties":{"osm_id":"node/2036903919","name":null,"species":null,"height":null,"source":"OpenStreetMap contributors","kind":"tree"},"geometry":{"type":"Point","coordinates":[14.4843425,35.8764792]}},{"type":"Feature","properties":{"osm_id":"node/2036903921","name":null,"species":null,"height":null,"source":"OpenStreetMap contributors","kind":"tree"},"geometry":{"type":"Point","coordinates":[14.485334,35.8764901]}},{"type":"Feature","properties":{"osm_id":"node/2036903928","name":null,"species":null,"height":null,"source":"OpenStreetMap contributors","kind":"tree"},"geometry":{"type":"Point","coordinates":[14.485452,35.8765181]}},{"type":"Feature","properties":{"osm_id":"node/2036903932","name":null,"species":null,"height":null,"source":"OpenStreetMap contributors","kind":"tree"},"geometry":{"type":"Point","coordinates":[14.4842114,35.8765301]}},{"type":"Feature","properties":{"osm_id":"node/2036903935","name":null,"species":null,"height":null,"source":"OpenStreetMap contributors","kind":"tree"},"geometry":{"type":"Point","coordinates":[14.4843435,35.8765521]}},{"type":"Feature","properties":{"osm_id":"node/2036903946","name":null,"species":null,"height":null,"source":"OpenStreetMap contributors","kind":"tree"},"geometry":{"type":"Point","coordinates":[14.4851801,35.8765963]}},{"type":"Feature","properties":{"osm_id":"node/2036903957","name":null,"species":null,"height":null,"source":"OpenStreetMap contributors","kind":"tree"},"geometry":{"type":"Point","coordinates":[14.4840347,35.8766697]}},{"type":"Feature","properties":{"osm_id":"node/2036903965","name":null,"species":null,"height":null,"source":"OpenStreetMap contributors","kind":"tree"},"geometry":{"type":"Point","coordinates":[14.484968,35.8766941]}},{"type":"Feature","properties":{"osm_id":"node/2036903995","name":null,"species":null,"height":null,"source":"OpenStreetMap contributors","kind":"tree"},"geometry":{"type":"Point","coordinates":[14.4848753,35.876755]}},{"type":"Feature","properties":{"osm_id":"node/2036904008","name":null,"species":null,"height":null,"source":"OpenStreetMap contributors","kind":"tree"},"geometry":{"type":"Point","coordinates":[14.4849795,35.8767668]}},{"type":"Feature","properties":{"osm_id":"node/2036904042","name":null,"species":null,"height":null,"source":"OpenStreetMap contributors","kind":"tree"},"geometry":{"type":"Point","coordinates":[14.4847688,35.8767941]}},{"type":"Feature","properties":{"osm_id":"node/2036904120","name":null,"species":null,"height":null,"source":"OpenStreetMap contributors","kind":"tree"},"geometry":{"type":"Point","coordinates":[14.4848102,35.8768369]}},{"type":"Feature","properties":{"osm_id":"node/2036904176","name":null,"species":null,"height":null,"source":"OpenStreetMap contributors","kind":"tree"},"geometry":{"type":"Point","coordinates":[14.484814,35.8768779]}},{"type":"Feature","properties":{"osm_id":"node/2036904200","name":null,"species":null,"height":null,"source":"OpenStreetMap contributors","kind":"tree"},"geometry":{"type":"Point","coordinates":[14.4846907,35.8768847]}},{"type":"Feature","properties":{"osm_id":"node/2036904213","name":null,"species":null,"height":null,"source":"OpenStreetMap contributors","kind":"tree"},"geometry":{"type":"Point","coordinates":[14.4846317,35.876899]}},{"type":"Feature","properties":{"osm_id":"node/2036904224","name":null,"species":null,"height":null,"source":"OpenStreetMap contributors","kind":"tree"},"geometry":{"type":"Point","coordinates":[14.4847473,35.8769058]}},{"type":"Feature","properties":{"osm_id":"node/2036904252","name":null,"species":null,"height":null,"source":"OpenStreetMap contributors","kind":"tree"},"geometry":{"type":"Point","coordinates":[14.4845895,35.8769337]}},{"type":"Feature","properties":{"osm_id":"node/2036904279","name":null,"species":null,"height":null,"source":"OpenStreetMap contributors","kind":"tree"},"geometry":{"type":"Point","coordinates":[14.4845009,35.8769551]}},{"type":"Feature","properties":{"osm_id":"node/2036904333","name":null,"species":null,"height":null,"source":"OpenStreetMap contributors","kind":"tree"},"geometry":{"type":"Point","coordinates":[14.4845757,35.8770163]}},{"type":"Feature","properties":{"osm_id":"node/2036904388","name":null,"species":null,"height":null,"source":"OpenStreetMap contributors","kind":"tree"},"geometry":{"type":"Point","coordinates":[14.4843877,35.8770504]}},{"type":"Feature","properties":{"osm_id":"node/2036904394","name":null,"species":null,"height":null,"source":"OpenStreetMap contributors","kind":"tree"},"geometry":{"type":"Point","coordinates":[14.4842057,35.8770626]}},{"type":"Feature","properties":{"osm_id":"node/3391053971","name":null,"species":null,"height":null,"source":"OpenStreetMap contributors","kind":"tree"},"geometry":{"type":"Point","coordinates":[14.5014546,35.8488618]}},{"type":"Feature","properties":{"osm_id":"node/3391056521","name":null,"species":null,"height":null,"source":"OpenStreetMap contributors","kind":"tree"},"geometry":{"type":"Point","coordinates":[14.5013898,35.8486996]}},{"type":"Feature","properties":{"osm_id":"node/3391056779","name":null,"species":null,"height":null,"source":"OpenStreetMap contributors","kind":"tree"},"geometry":{"type":"Point","coordinates":[14.5010412,35.8489496]}},{"type":"Feature","properties":{"osm_id":"node/3392447224","name":null,"species":null,"height":null,"source":"OpenStreetMap contributors","kind":"tree"},"geometry":{"type":"Point","coordinates":[14.5113911,35.8692666]}},{"type":"Feature","properties":{"osm_id":"node/3392447230","name":null,"species":null,"height":null,"source":"OpenStreetMap contributors","kind":"tree"},"geometry":{"type":"Point","coordinates":[14.5113536,35.8693014]}},{"type":"Feature","properties":{"osm_id":"node/3392447233","name":null,"species":null,"height":null,"source":"OpenStreetMap contributors","kind":"tree"},"geometry":{"type":"Point","coordinates":[14.5113034,35.8690907]}},{"type":"Feature","properties":{"osm_id":"node/3392447234","name":null,"species":null,"height":null,"source":"OpenStreetMap contributors","kind":"tree"},"geometry":{"type":"Point","coordinates":[14.5113804,35.8691188]}},{"type":"Feature","properties":{"osm_id":"node/3392447237","name":null,"species":null,"height":null,"source":"OpenStreetMap contributors","kind":"tree"},"geometry":{"type":"Point","coordinates":[14.5114018,35.8691687]}},{"type":"Feature","properties":{"osm_id":"node/3392447245","name":null,"species":null,"height":null,"source":"OpenStreetMap contributors","kind":"tree"},"geometry":{"type":"Point","coordinates":[14.5114045,35.8692253]}},{"type":"Feature","properties":{"osm_id":"node/3392447247","name":null,"species":null,"height":null,"source":"OpenStreetMap contributors","kind":"tree"},"geometry":{"type":"Point","coordinates":[14.5112329,35.8690906]}},{"type":"Feature","properties":{"osm_id":"node/3392737706","name":null,"species":null,"height":null,"source":"OpenStreetMap contributors","kind":"tree"},"geometry":{"type":"Point","coordinates":[14.5102704,35.8680714]}},{"type":"Feature","properties":{"osm_id":"node/3392737740","name":null,"species":null,"height":null,"source":"OpenStreetMap contributors","kind":"tree"},"geometry":{"type":"Point","coordinates":[14.5102053,35.8681102]}},{"type":"Feature","properties":{"osm_id":"node/3392737742","name":null,"species":null,"height":null,"source":"OpenStreetMap contributors","kind":"tree"},"geometry":{"type":"Point","coordinates":[14.5101713,35.8680714]}},{"type":"Feature","properties":{"osm_id":"node/3392737764","name":null,"species":null,"height":null,"source":"OpenStreetMap contributors","kind":"tree"},"geometry":{"type":"Point","coordinates":[14.5102319,35.868001]}},{"type":"Feature","properties":{"osm_id":"node/3393576933","name":null,"species":null,"height":null,"source":"OpenStreetMap contributors","kind":"tree"},"geometry":{"type":"Point","coordinates":[14.5087815,35.8945305]}},{"type":"Feature","properties":{"osm_id":"node/3393576934","name":null,"species":null,"height":null,"source":"OpenStreetMap contributors","kind":"tree"},"geometry":{"type":"Point","coordinates":[14.5087788,35.894763]}},{"type":"Feature","properties":{"osm_id":"node/3393576935","name":null,"species":null,"height":null,"source":"OpenStreetMap contributors","kind":"tree"},"geometry":{"type":"Point","coordinates":[14.5087707,35.8951018]}},{"type":"Feature","properties":{"osm_id":"node/3393576937","name":null,"species":null,"height":null,"source":"OpenStreetMap contributors","kind":"tree"},"geometry":{"type":"Point","coordinates":[14.5087895,35.8943153]}},{"type":"Feature","properties":{"osm_id":"node/3393576938","name":null,"species":null,"height":null,"source":"OpenStreetMap contributors","kind":"tree"},"geometry":{"type":"Point","coordinates":[14.5087764,35.8946519]}},{"type":"Feature","properties":{"osm_id":"node/3393576940","name":null,"species":null,"height":null,"source":"OpenStreetMap contributors","kind":"tree"},"geometry":{"type":"Point","coordinates":[14.5087654,35.8949801]}},{"type":"Feature","properties":{"osm_id":"node/3471347156","name":null,"species":null,"height":null,"source":"OpenStreetMap contributors","kind":"tree"},"geometry":{"type":"Point","coordinates":[14.5017143,35.8487856]}},{"type":"Feature","properties":{"osm_id":"node/3471347158","name":null,"species":null,"height":null,"source":"OpenStreetMap contributors","kind":"tree"},"geometry":{"type":"Point","coordinates":[14.5017921,35.8488227]}},{"type":"Feature","properties":{"osm_id":"node/3471347159","name":null,"species":null,"height":null,"source":"OpenStreetMap contributors","kind":"tree"},"geometry":{"type":"Point","coordinates":[14.5011457,35.8488531]}},{"type":"Feature","properties":{"osm_id":"node/3471347161","name":null,"species":null,"height":null,"source":"OpenStreetMap contributors","kind":"tree"},"geometry":{"type":"Point","coordinates":[14.5018806,35.8488574]}},{"type":"Feature","properties":{"osm_id":"node/3471347162","name":null,"species":null,"height":null,"source":"OpenStreetMap contributors","kind":"tree"},"geometry":{"type":"Point","coordinates":[14.5009874,35.8487553]}},{"type":"Feature","properties":{"osm_id":"node/3471347163","name":null,"species":null,"height":null,"source":"OpenStreetMap contributors","kind":"tree"},"geometry":{"type":"Point","coordinates":[14.5010598,35.8486618]}},{"type":"Feature","properties":{"osm_id":"node/3471347164","name":null,"species":null,"height":null,"source":"OpenStreetMap contributors","kind":"tree"},"geometry":{"type":"Point","coordinates":[14.5012744,35.8488009]}},{"type":"Feature","properties":{"osm_id":"node/3530161223","name":null,"species":null,"height":null,"source":"OpenStreetMap contributors","kind":"tree"},"geometry":{"type":"Point","coordinates":[14.4833475,35.9019613]}},{"type":"Feature","properties":{"osm_id":"node/3532422479","name":null,"species":null,"height":null,"source":"OpenStreetMap contributors","kind":"tree"},"geometry":{"type":"Point","coordinates":[14.4318269,35.8908646]}},{"type":"Feature","properties":{"osm_id":"node/3532422480","name":null,"species":null,"height":null,"source":"OpenStreetMap contributors","kind":"tree"},"geometry":{"type":"Point","coordinates":[14.4318135,35.8901258]}},{"type":"Feature","properties":{"osm_id":"node/3532422484","name":null,"species":null,"height":null,"source":"OpenStreetMap contributors","kind":"tree"},"geometry":{"type":"Point","coordinates":[14.4318108,35.8902823]}},{"type":"Feature","properties":{"osm_id":"node/3532947021","name":null,"species":null,"height":null,"source":"OpenStreetMap contributors","kind":"tree"},"geometry":{"type":"Point","coordinates":[14.5297073,35.8651604]}},{"type":"Feature","properties":{"osm_id":"node/3532947023","name":null,"species":null,"height":null,"source":"OpenStreetMap contributors","kind":"tree"},"geometry":{"type":"Point","coordinates":[14.5306594,35.863328]}},{"type":"Feature","properties":{"osm_id":"node/3532947030","name":null,"species":null,"height":null,"source":"OpenStreetMap contributors","kind":"tree"},"geometry":{"type":"Point","coordinates":[14.5308901,35.8628628]}},{"type":"Feature","properties":{"osm_id":"node/3532947032","name":null,"species":null,"height":null,"source":"OpenStreetMap contributors","kind":"tree"},"geometry":{"type":"Point","coordinates":[14.5300506,35.8645061]}},{"type":"Feature","properties":{"osm_id":"node/3532947033","name":null,"species":null,"height":null,"source":"OpenStreetMap contributors","kind":"tree"},"geometry":{"type":"Point","coordinates":[14.5312388,35.8621781]}},{"type":"Feature","properties":{"osm_id":"node/3532947052","name":null,"species":null,"height":null,"source":"OpenStreetMap contributors","kind":"tree"},"geometry":{"type":"Point","coordinates":[14.5311449,35.8623846]}},{"type":"Feature","properties":{"osm_id":"node/3532947057","name":null,"species":null,"height":null,"source":"OpenStreetMap contributors","kind":"tree"},"geometry":{"type":"Point","coordinates":[14.5305709,35.8634736]}},{"type":"Feature","properties":{"osm_id":"node/3535540791","name":null,"species":null,"height":null,"source":"OpenStreetMap contributors","kind":"tree"},"geometry":{"type":"Point","coordinates":[14.4389305,35.9133742]}},{"type":"Feature","properties":{"osm_id":"node/3535541001","name":null,"species":null,"height":null,"source":"OpenStreetMap contributors","kind":"tree"},"geometry":{"type":"Point","coordinates":[14.4388393,35.9133698]}},{"type":"Feature","properties":{"osm_id":"node/3535541009","name":null,"species":null,"height":null,"source":"OpenStreetMap contributors","kind":"tree"},"geometry":{"type":"Point","coordinates":[14.4372971,35.9132352]}},{"type":"Feature","properties":{"osm_id":"node/3535541013","name":null,"species":null,"height":null,"source":"OpenStreetMap contributors","kind":"tree"},"geometry":{"type":"Point","coordinates":[14.4372381,35.9132417]}},{"type":"Feature","properties":{"osm_id":"node/3552948145","name":null,"species":null,"height":null,"source":"OpenStreetMap contributors","kind":"tree"},"geometry":{"type":"Point","coordinates":[14.4505364,35.8714404]}},{"type":"Feature","properties":{"osm_id":"node/3552948155","name":null,"species":null,"height":null,"source":"OpenStreetMap contributors","kind":"tree"},"geometry":{"type":"Point","coordinates":[14.4501448,35.8715078]}},{"type":"Feature","properties":{"osm_id":"node/3552948160","name":null,"species":null,"height":null,"source":"OpenStreetMap contributors","kind":"tree"},"geometry":{"type":"Point","coordinates":[14.4505552,35.8716991]}},{"type":"Feature","properties":{"osm_id":"node/3552948172","name":null,"species":null,"height":null,"source":"OpenStreetMap contributors","kind":"tree"},"geometry":{"type":"Point","coordinates":[14.4503031,35.8714622]}},{"type":"Feature","properties":{"osm_id":"node/3553120905","name":null,"species":null,"height":null,"source":"OpenStreetMap contributors","kind":"tree"},"geometry":{"type":"Point","coordinates":[14.4309483,35.886988]}},{"type":"Feature","properties":{"osm_id":"node/3553120926","name":null,"species":null,"height":null,"source":"OpenStreetMap contributors","kind":"tree"},"geometry":{"type":"Point","coordinates":[14.4310569,35.88704]}},{"type":"Feature","properties":{"osm_id":"node/3554345655","name":null,"species":null,"height":null,"source":"OpenStreetMap contributors","kind":"tree"},"geometry":{"type":"Point","coordinates":[14.431068,35.8870397]}},{"type":"Feature","properties":{"osm_id":"node/3554345839","name":null,"species":null,"height":null,"source":"OpenStreetMap contributors","kind":"tree"},"geometry":{"type":"Point","coordinates":[14.4313335,35.8871766]}},{"type":"Feature","properties":{"osm_id":"node/3554345854","name":null,"species":null,"height":null,"source":"OpenStreetMap contributors","kind":"tree"},"geometry":{"type":"Point","coordinates":[14.4309661,35.886981]}},{"type":"Feature","properties":{"osm_id":"node/3554345910","name":null,"species":null,"height":null,"source":"OpenStreetMap contributors","kind":"tree"},"geometry":{"type":"Point","coordinates":[14.39161,35.8774581]}},{"type":"Feature","properties":{"osm_id":"node/3554345926","name":null,"species":null,"height":null,"source":"OpenStreetMap contributors","kind":"tree"},"geometry":{"type":"Point","coordinates":[14.3915134,35.8774363]}},{"type":"Feature","properties":{"osm_id":"node/3554345948","name":null,"species":null,"height":null,"source":"OpenStreetMap contributors","kind":"tree"},"geometry":{"type":"Point","coordinates":[14.4320041,35.8884695]}},{"type":"Feature","properties":{"osm_id":"node/3554345979","name":null,"species":null,"height":null,"source":"OpenStreetMap contributors","kind":"tree"},"geometry":{"type":"Point","coordinates":[14.4314918,35.8872287]}},{"type":"Feature","properties":{"osm_id":"node/3584323186","name":null,"species":null,"height":null,"source":"OpenStreetMap contributors","kind":"tree"},"geometry":{"type":"Point","coordinates":[14.4857777,35.902828]}},{"type":"Feature","properties":{"osm_id":"node/3586671533","name":null,"species":null,"height":null,"source":"OpenStreetMap contributors","kind":"tree"},"geometry":{"type":"Point","coordinates":[14.4832064,35.9019848]}},{"type":"Feature","properties":{"osm_id":"node/3586671534","name":null,"species":null,"height":null,"source":"OpenStreetMap contributors","kind":"tree"},"geometry":{"type":"Point","coordinates":[14.4832681,35.9019643]}},{"type":"Feature","properties":{"osm_id":"node/3586671535","name":null,"species":null,"height":null,"source":"OpenStreetMap contributors","kind":"tree"},"geometry":{"type":"Point","coordinates":[14.4831342,35.9019768]}},{"type":"Feature","properties":{"osm_id":"node/3586671536","name":null,"species":null,"height":null,"source":"OpenStreetMap contributors","kind":"tree"},"geometry":{"type":"Point","coordinates":[14.4831142,35.9021144]}},{"type":"Feature","properties":{"osm_id":"node/3586671537","name":null,"species":null,"height":null,"source":"OpenStreetMap contributors","kind":"tree"},"geometry":{"type":"Point","coordinates":[14.4833194,35.9021406]}},{"type":"Feature","properties":{"osm_id":"node/3586671538","name":null,"species":null,"height":null,"source":"OpenStreetMap contributors","kind":"tree"},"geometry":{"type":"Point","coordinates":[14.4832811,35.9021321]}},{"type":"Feature","properties":{"osm_id":"node/3586671539","name":null,"species":null,"height":null,"source":"OpenStreetMap contributors","kind":"tree"},"geometry":{"type":"Point","coordinates":[14.4834288,35.9021425]}},{"type":"Feature","properties":{"osm_id":"node/3586671540","name":null,"species":null,"height":null,"source":"OpenStreetMap contributors","kind":"tree"},"geometry":{"type":"Point","coordinates":[14.4832209,35.902107]}},{"type":"Feature","properties":{"osm_id":"node/3586671541","name":null,"species":null,"height":null,"source":"OpenStreetMap contributors","kind":"tree"},"geometry":{"type":"Point","coordinates":[14.4858382,35.9026716]}},{"type":"Feature","properties":{"osm_id":"node/3586671542","name":null,"species":null,"height":null,"source":"OpenStreetMap contributors","kind":"tree"},"geometry":{"type":"Point","coordinates":[14.4858327,35.902669]}},{"type":"Feature","properties":{"osm_id":"node/3586671546","name":null,"species":null,"height":null,"source":"OpenStreetMap contributors","kind":"tree"},"geometry":{"type":"Point","coordinates":[14.4857804,35.9025962]}},{"type":"Feature","properties":{"osm_id":"node/3586703269","name":null,"species":null,"height":null,"source":"OpenStreetMap contributors","kind":"tree"},"geometry":{"type":"Point","coordinates":[14.485773,35.9023611]}},{"type":"Feature","properties":{"osm_id":"node/3586703270","name":null,"species":null,"height":null,"source":"OpenStreetMap contributors","kind":"tree"},"geometry":{"type":"Point","coordinates":[14.485769,35.9023682]}},{"type":"Feature","properties":{"osm_id":"node/3586703271","name":null,"species":null,"height":null,"source":"OpenStreetMap contributors","kind":"tree"},"geometry":{"type":"Point","coordinates":[14.48578,35.9023959]}},{"type":"Feature","properties":{"osm_id":"node/3586703272","name":null,"species":null,"height":null,"source":"OpenStreetMap contributors","kind":"tree"},"geometry":{"type":"Point","coordinates":[14.48578,35.9023895]}},{"type":"Feature","properties":{"osm_id":"node/3610304932","name":null,"species":null,"height":null,"source":"OpenStreetMap contributors","kind":"tree"},"geometry":{"type":"Point","coordinates":[14.5372584,35.8555744]}},{"type":"Feature","properties":{"osm_id":"node/3612119656","name":null,"species":null,"height":null,"source":"OpenStreetMap contributors","kind":"tree"},"geometry":{"type":"Point","coordinates":[14.4626112,35.8946628]}},{"type":"Feature","properties":{"osm_id":"node/3612119663","name":null,"species":null,"height":null,"source":"OpenStreetMap contributors","kind":"tree"},"geometry":{"type":"Point","coordinates":[14.4625736,35.8945868]}},{"type":"Feature","properties":{"osm_id":"node/3612119681","name":null,"species":null,"height":null,"source":"OpenStreetMap contributors","kind":"tree"},"geometry":{"type":"Point","coordinates":[14.4656528,35.8941761]}},{"type":"Feature","properties":{"osm_id":"node/3612119682","name":null,"species":null,"height":null,"source":"OpenStreetMap contributors","kind":"tree"},"geometry":{"type":"Point","coordinates":[14.4657199,35.8943152]}},{"type":"Feature","properties":{"osm_id":"node/3612121093","name":null,"species":null,"height":null,"source":"OpenStreetMap contributors","kind":"tree"},"geometry":{"type":"Point","coordinates":[14.4657306,35.8943977]}},{"type":"Feature","properties":{"osm_id":"node/3612121104","name":null,"species":null,"height":null,"source":"OpenStreetMap contributors","kind":"tree"},"geometry":{"type":"Point","coordinates":[14.465677,35.8942522]}},{"type":"Feature","properties":{"osm_id":"node/3612121110","name":null,"species":null,"height":null,"source":"OpenStreetMap contributors","kind":"tree"},"geometry":{"type":"Point","coordinates":[14.4625441,35.8945281]}},{"type":"Feature","properties":{"osm_id":"node/3612121116","name":null,"species":null,"height":null,"source":"OpenStreetMap contributors","kind":"tree"},"geometry":{"type":"Point","coordinates":[14.4625173,35.8944564]}},{"type":"Feature","properties":{"osm_id":"node/3659834188","name":null,"species":null,"height":null,"source":"OpenStreetMap contributors","kind":"tree"},"geometry":{"type":"Point","coordinates":[14.4389124,35.8956319]}},{"type":"Feature","properties":{"osm_id":"node/3659834221","name":null,"species":null,"height":null,"source":"OpenStreetMap contributors","kind":"tree"},"geometry":{"type":"Point","coordinates":[14.4387542,35.8956471]}},{"type":"Feature","properties":{"osm_id":"node/3659838804","name":null,"species":null,"height":null,"source":"OpenStreetMap contributors","kind":"tree"},"geometry":{"type":"Point","coordinates":[14.4386549,35.8956427]}},{"type":"Feature","properties":{"osm_id":"node/3659838931","name":null,"species":null,"height":null,"source":"OpenStreetMap contributors","kind":"tree"},"geometry":{"type":"Point","coordinates":[14.4390787,35.8956384]}},{"type":"Feature","properties":{"osm_id":"node/3669648628","name":null,"species":null,"height":null,"source":"OpenStreetMap contributors","kind":"tree"},"geometry":{"type":"Point","coordinates":[14.538335,35.8751496]}},{"type":"Feature","properties":{"osm_id":"node/3669648629","name":null,"species":null,"height":null,"source":"OpenStreetMap contributors","kind":"tree"},"geometry":{"type":"Point","coordinates":[14.5382673,35.875085]}},{"type":"Feature","properties":{"osm_id":"node/3669648631","name":null,"species":null,"height":null,"source":"OpenStreetMap contributors","kind":"tree"},"geometry":{"type":"Point","coordinates":[14.5381553,35.8749736]}},{"type":"Feature","properties":{"osm_id":"node/3669648635","name":null,"species":null,"height":null,"source":"OpenStreetMap contributors","kind":"tree"},"geometry":{"type":"Point","coordinates":[14.5382814,35.8749605]}},{"type":"Feature","properties":{"osm_id":"node/3669648641","name":null,"species":null,"height":null,"source":"OpenStreetMap contributors","kind":"tree"},"geometry":{"type":"Point","coordinates":[14.5382492,35.8752322]}},{"type":"Feature","properties":{"osm_id":"node/3672822194","name":null,"species":null,"height":null,"source":"OpenStreetMap contributors","kind":"tree"},"geometry":{"type":"Point","coordinates":[14.4926854,35.9246531]}},{"type":"Feature","properties":{"osm_id":"node/3672822195","name":null,"species":null,"height":null,"source":"OpenStreetMap contributors","kind":"tree"},"geometry":{"type":"Point","coordinates":[14.4922831,35.9243968]}},{"type":"Feature","properties":{"osm_id":"node/3672822203","name":null,"species":null,"height":null,"source":"OpenStreetMap contributors","kind":"tree"},"geometry":{"type":"Point","coordinates":[14.4928088,35.9247226]}},{"type":"Feature","properties":{"osm_id":"node/3672822206","name":null,"species":null,"height":null,"source":"OpenStreetMap contributors","kind":"tree"},"geometry":{"type":"Point","coordinates":[14.4924654,35.9244229]}},{"type":"Feature","properties":{"osm_id":"node/3672822218","name":null,"species":null,"height":null,"source":"OpenStreetMap contributors","kind":"tree"},"geometry":{"type":"Point","coordinates":[14.4929,35.9248095]}},{"type":"Feature","properties":{"osm_id":"node/3672824948","name":null,"species":null,"height":null,"source":"OpenStreetMap contributors","kind":"tree"},"geometry":{"type":"Point","coordinates":[14.4925655,35.9245836]}},{"type":"Feature","properties":{"osm_id":"node/3675102107","name":null,"species":null,"height":null,"source":"OpenStreetMap contributors","kind":"tree"},"geometry":{"type":"Point","coordinates":[14.4627831,35.9124279]}},{"type":"Feature","properties":{"osm_id":"node/3678407178","name":null,"species":null,"height":null,"source":"OpenStreetMap contributors","kind":"tree"},"geometry":{"type":"Point","coordinates":[14.4694502,35.8782652]}},{"type":"Feature","properties":{"osm_id":"node/3678407182","name":null,"species":null,"height":null,"source":"OpenStreetMap contributors","kind":"tree"},"geometry":{"type":"Point","coordinates":[14.4694099,35.8782505]}},{"type":"Feature","properties":{"osm_id":"node/3678902681","name":null,"species":null,"height":null,"source":"OpenStreetMap contributors","kind":"tree"},"geometry":{"type":"Point","coordinates":[14.4189189,35.9108176]}},{"type":"Feature","properties":{"osm_id":"node/3681719675","name":null,"species":null,"height":null,"source":"OpenStreetMap contributors","kind":"tree"},"geometry":{"type":"Point","coordinates":[14.4940284,35.8926948]}},{"type":"Feature","properties":{"osm_id":"node/3681719676","name":null,"species":null,"height":null,"source":"OpenStreetMap contributors","kind":"tree"},"geometry":{"type":"Point","coordinates":[14.4936788,35.8930336]}},{"type":"Feature","properties":{"osm_id":"node/3682086174","name":null,"species":null,"height":null,"source":"OpenStreetMap contributors","kind":"tree"},"geometry":{"type":"Point","coordinates":[14.4671878,35.9032243]}},{"type":"Feature","properties":{"osm_id":"node/3682086201","name":null,"species":null,"height":null,"source":"OpenStreetMap contributors","kind":"tree"},"geometry":{"type":"Point","coordinates":[14.467813,35.9035873]}},{"type":"Feature","properties":{"osm_id":"node/3682098772","name":null,"species":null,"height":null,"source":"OpenStreetMap contributors","kind":"tree"},"geometry":{"type":"Point","coordinates":[14.4545234,35.9047263]}},{"type":"Feature","properties":{"osm_id":"node/3683305041","name":null,"species":null,"height":null,"source":"OpenStreetMap contributors","kind":"tree"},"geometry":{"type":"Point","coordinates":[14.5043987,35.8616723]}},{"type":"Feature","properties":{"osm_id":"node/3683345086","name":null,"species":null,"height":null,"source":"OpenStreetMap contributors","kind":"tree"},"geometry":{"type":"Point","coordinates":[14.4954534,35.8757371]}},{"type":"Feature","properties":{"osm_id":"node/3683345098","name":null,"species":null,"height":null,"source":"OpenStreetMap contributors","kind":"tree"},"geometry":{"type":"Point","coordinates":[14.4954695,35.8759827]}},{"type":"Feature","properties":{"osm_id":"node/3683380922","name":null,"species":null,"height":null,"source":"OpenStreetMap contributors","kind":"tree"},"geometry":{"type":"Point","coordinates":[14.4235757,35.9055629]}},{"type":"Feature","properties":{"osm_id":"node/3707529119","name":null,"species":null,"height":null,"source":"OpenStreetMap contributors","kind":"tree"},"geometry":{"type":"Point","coordinates":[14.4691423,35.9108311]}},{"type":"Feature","properties":{"osm_id":"node/3707529122","name":null,"species":null,"height":null,"source":"OpenStreetMap contributors","kind":"tree"},"geometry":{"type":"Point","coordinates":[14.4877354,35.8926851]}},{"type":"Feature","properties":{"osm_id":"node/3707529928","name":null,"species":null,"height":null,"source":"OpenStreetMap contributors","kind":"tree"},"geometry":{"type":"Point","coordinates":[14.4877756,35.8927482]}},{"type":"Feature","properties":{"osm_id":"node/3707529942","name":null,"species":null,"height":null,"source":"OpenStreetMap contributors","kind":"tree"},"geometry":{"type":"Point","coordinates":[14.4692925,35.9107855]}},{"type":"Feature","properties":{"osm_id":"node/3707529946","name":null,"species":null,"height":null,"source":"OpenStreetMap contributors","kind":"tree"},"geometry":{"type":"Point","coordinates":[14.4693918,35.910729]}},{"type":"Feature","properties":{"osm_id":"node/3718109885","name":null,"species":null,"height":null,"source":"OpenStreetMap contributors","kind":"tree"},"geometry":{"type":"Point","coordinates":[14.5057466,35.8702919]}},{"type":"Feature","properties":{"osm_id":"node/3722522511","name":null,"species":null,"height":null,"source":"OpenStreetMap contributors","kind":"tree"},"geometry":{"type":"Point","coordinates":[14.3934881,35.8818387]}},{"type":"Feature","properties":{"osm_id":"node/3722522522","name":null,"species":null,"height":null,"source":"OpenStreetMap contributors","kind":"tree"},"geometry":{"type":"Point","coordinates":[14.3936625,35.8818321]}},{"type":"Feature","properties":{"osm_id":"node/3722526131","name":null,"species":null,"height":null,"source":"OpenStreetMap contributors","kind":"tree"},"geometry":{"type":"Point","coordinates":[14.393641,35.8819169]}},{"type":"Feature","properties":{"osm_id":"node/3722526141","name":null,"species":null,"height":null,"source":"OpenStreetMap contributors","kind":"tree"},"geometry":{"type":"Point","coordinates":[14.3934077,35.8820256]}},{"type":"Feature","properties":{"osm_id":"node/3722526164","name":null,"species":null,"height":null,"source":"OpenStreetMap contributors","kind":"tree"},"geometry":{"type":"Point","coordinates":[14.3934398,35.8819408]}},{"type":"Feature","properties":{"osm_id":"node/3722748730","name":null,"species":null,"height":null,"source":"OpenStreetMap contributors","kind":"tree"},"geometry":{"type":"Point","coordinates":[14.436131,35.8715281]}},{"type":"Feature","properties":{"osm_id":"node/3722748744","name":null,"species":null,"height":null,"source":"OpenStreetMap contributors","kind":"tree"},"geometry":{"type":"Point","coordinates":[14.4358949,35.8715586]}},{"type":"Feature","properties":{"osm_id":"node/3722748820","name":null,"species":null,"height":null,"source":"OpenStreetMap contributors","kind":"tree"},"geometry":{"type":"Point","coordinates":[14.4359566,35.8725823]}},{"type":"Feature","properties":{"osm_id":"node/3722748821","name":null,"species":null,"height":null,"source":"OpenStreetMap contributors","kind":"tree"},"geometry":{"type":"Point","coordinates":[14.435852,35.8726214]}},{"type":"Feature","properties":{"osm_id":"node/3722748823","name":null,"species":null,"height":null,"source":"OpenStreetMap contributors","kind":"tree"},"geometry":{"type":"Point","coordinates":[14.4354175,35.8724714]}},{"type":"Feature","properties":{"osm_id":"node/3722748836","name":null,"species":null,"height":null,"source":"OpenStreetMap contributors","kind":"tree"},"geometry":{"type":"Point","coordinates":[14.435506,35.872441]}},{"type":"Feature","properties":{"osm_id":"node/3722748848","name":null,"species":null,"height":null,"source":"OpenStreetMap contributors","kind":"tree"},"geometry":{"type":"Point","coordinates":[14.436013,35.8715412]}},{"type":"Feature","properties":{"osm_id":"node/3727735944","name":null,"species":null,"height":null,"source":"OpenStreetMap contributors","kind":"tree"},"geometry":{"type":"Point","coordinates":[14.3723316,35.9542402]}},{"type":"Feature","properties":{"osm_id":"node/3727735945","name":null,"species":null,"height":null,"source":"OpenStreetMap contributors","kind":"tree"},"geometry":{"type":"Point","coordinates":[14.3652529,35.9565271]}},{"type":"Feature","properties":{"osm_id":"node/3738816777","name":null,"species":null,"height":null,"source":"OpenStreetMap contributors","kind":"tree"},"geometry":{"type":"Point","coordinates":[14.4308552,35.9173607]}},{"type":"Feature","properties":{"osm_id":"node/3738816779","name":null,"species":null,"height":null,"source":"OpenStreetMap contributors","kind":"tree"},"geometry":{"type":"Point","coordinates":[14.4307291,35.9173803]}},{"type":"Feature","properties":{"osm_id":"node/3741602211","name":null,"species":null,"height":null,"source":"OpenStreetMap contributors","kind":"tree"},"geometry":{"type":"Point","coordinates":[14.5269388,35.8467685]}},{"type":"Feature","properties":{"osm_id":"node/3741602432","name":null,"species":null,"height":null,"source":"OpenStreetMap contributors","kind":"tree"},"geometry":{"type":"Point","coordinates":[14.5268881,35.8468434]}},{"type":"Feature","properties":{"osm_id":"node/3743881888","name":null,"species":null,"height":null,"source":"OpenStreetMap contributors","kind":"tree"},"geometry":{"type":"Point","coordinates":[14.4917763,35.8722506]}},{"type":"Feature","properties":{"osm_id":"node/3743881890","name":null,"species":null,"height":null,"source":"OpenStreetMap contributors","kind":"tree"},"geometry":{"type":"Point","coordinates":[14.4919077,35.8725245]}},{"type":"Feature","properties":{"osm_id":"node/3755375771","name":null,"species":null,"height":null,"source":"OpenStreetMap contributors","kind":"tree"},"geometry":{"type":"Point","coordinates":[14.4433236,35.8454814]}},{"type":"Feature","properties":{"osm_id":"node/3761852717","name":null,"species":null,"height":null,"source":"OpenStreetMap contributors","kind":"tree"},"geometry":{"type":"Point","coordinates":[14.4198095,35.9546582]}},{"type":"Feature","properties":{"osm_id":"node/3761852718","name":null,"species":null,"height":null,"source":"OpenStreetMap contributors","kind":"tree"},"geometry":{"type":"Point","coordinates":[14.4197236,35.9547407]}},{"type":"Feature","properties":{"osm_id":"node/3761852719","name":null,"species":null,"height":null,"source":"OpenStreetMap contributors","kind":"tree"},"geometry":{"type":"Point","coordinates":[14.4194098,35.9548405]}},{"type":"Feature","properties":{"osm_id":"node/3761852720","name":null,"species":null,"height":null,"source":"OpenStreetMap contributors","kind":"tree"},"geometry":{"type":"Point","coordinates":[14.4192516,35.9546625]}},{"type":"Feature","properties":{"osm_id":"node/3761852721","name":null,"species":null,"height":null,"source":"OpenStreetMap contributors","kind":"tree"},"geometry":{"type":"Point","coordinates":[14.4194796,35.9548927]}},{"type":"Feature","properties":{"osm_id":"node/3761852722","name":null,"species":null,"height":null,"source":"OpenStreetMap contributors","kind":"tree"},"geometry":{"type":"Point","coordinates":[14.4190987,35.95458]}},{"type":"Feature","properties":{"osm_id":"node/3761852723","name":null,"species":null,"height":null,"source":"OpenStreetMap contributors","kind":"tree"},"geometry":{"type":"Point","coordinates":[14.4191362,35.9545279]}},{"type":"Feature","properties":{"osm_id":"node/3762180406","name":null,"species":null,"height":null,"source":"OpenStreetMap contributors","kind":"tree"},"geometry":{"type":"Point","coordinates":[14.4434175,35.8568171]}},{"type":"Feature","properties":{"osm_id":"node/3764936563","name":null,"species":null,"height":null,"source":"OpenStreetMap contributors","kind":"tree"},"geometry":{"type":"Point","coordinates":[14.5061405,35.8928615]}},{"type":"Feature","properties":{"osm_id":"node/3764936572","name":null,"species":null,"height":null,"source":"OpenStreetMap contributors","kind":"tree"},"geometry":{"type":"Point","coordinates":[14.5061679,35.8927827]}},{"type":"Feature","properties":{"osm_id":"node/3764936595","name":null,"species":null,"height":null,"source":"OpenStreetMap contributors","kind":"tree"},"geometry":{"type":"Point","coordinates":[14.5060966,35.8928913]}},{"type":"Feature","properties":{"osm_id":"node/3764936598","name":null,"species":null,"height":null,"source":"OpenStreetMap contributors","kind":"tree"},"geometry":{"type":"Point","coordinates":[14.504574,35.8912211]}},{"type":"Feature","properties":{"osm_id":"node/3765284418","name":null,"species":null,"height":null,"source":"OpenStreetMap contributors","kind":"tree"},"geometry":{"type":"Point","coordinates":[14.449801,35.9048687]}},{"type":"Feature","properties":{"osm_id":"node/3765284555","name":null,"species":null,"height":null,"source":"OpenStreetMap contributors","kind":"tree"},"geometry":{"type":"Point","coordinates":[14.4498922,35.9048491]}},{"type":"Feature","properties":{"osm_id":"node/3768510950","name":null,"species":null,"height":null,"source":"OpenStreetMap contributors","kind":"tree"},"geometry":{"type":"Point","coordinates":[14.4412007,35.9135294]}},{"type":"Feature","properties":{"osm_id":"node/3768512376","name":null,"species":null,"height":null,"source":"OpenStreetMap contributors","kind":"tree"},"geometry":{"type":"Point","coordinates":[14.4348358,35.9113267]}},{"type":"Feature","properties":{"osm_id":"node/3768512383","name":null,"species":null,"height":null,"source":"OpenStreetMap contributors","kind":"tree"},"geometry":{"type":"Point","coordinates":[14.4348036,35.9112485]}},{"type":"Feature","properties":{"osm_id":"node/3768512420","name":null,"species":null,"height":null,"source":"OpenStreetMap contributors","kind":"tree"},"geometry":{"type":"Point","coordinates":[14.4409968,35.9135099]}},{"type":"Feature","properties":{"osm_id":"node/3768512422","name":null,"species":null,"height":null,"source":"OpenStreetMap contributors","kind":"tree"},"geometry":{"type":"Point","coordinates":[14.4410719,35.9135055]}},{"type":"Feature","properties":{"osm_id":"node/3772984778","name":null,"species":null,"height":null,"source":"OpenStreetMap contributors","kind":"tree"},"geometry":{"type":"Point","coordinates":[14.4626561,35.9294862]}},{"type":"Feature","properties":{"osm_id":"node/3772984919","name":null,"species":null,"height":null,"source":"OpenStreetMap contributors","kind":"tree"},"geometry":{"type":"Point","coordinates":[14.462766,35.929358]}},{"type":"Feature","properties":{"osm_id":"node/3772984958","name":null,"species":null,"height":null,"source":"OpenStreetMap contributors","kind":"tree"},"geometry":{"type":"Point","coordinates":[14.4632408,35.9298793]}},{"type":"Feature","properties":{"osm_id":"node/3772984993","name":null,"species":null,"height":null,"source":"OpenStreetMap contributors","kind":"tree"},"geometry":{"type":"Point","coordinates":[14.4633937,35.9295709]}},{"type":"Feature","properties":{"osm_id":"node/3774767865","name":null,"species":null,"height":null,"source":"OpenStreetMap contributors","kind":"tree"},"geometry":{"type":"Point","coordinates":[14.4693262,35.8440638]}},{"type":"Feature","properties":{"osm_id":"node/3785782212","name":null,"species":null,"height":null,"source":"OpenStreetMap contributors","kind":"tree"},"geometry":{"type":"Point","coordinates":[14.4707225,35.8312877]}},{"type":"Feature","properties":{"osm_id":"node/3785782235","name":null,"species":null,"height":null,"source":"OpenStreetMap contributors","kind":"tree"},"geometry":{"type":"Point","coordinates":[14.4706501,35.8313421]}},{"type":"Feature","properties":{"osm_id":"node/3790392026","name":null,"species":null,"height":null,"source":"OpenStreetMap contributors","kind":"tree"},"geometry":{"type":"Point","coordinates":[14.46524,35.8421428]}},{"type":"Feature","properties":{"osm_id":"node/3790392027","name":null,"species":null,"height":null,"source":"OpenStreetMap contributors","kind":"tree"},"geometry":{"type":"Point","coordinates":[14.4650732,35.8419519]}},{"type":"Feature","properties":{"osm_id":"node/3792295703","name":null,"species":null,"height":null,"source":"OpenStreetMap contributors","kind":"tree"},"geometry":{"type":"Point","coordinates":[14.4813856,35.9239138]}},{"type":"Feature","properties":{"osm_id":"node/3793744539","name":null,"species":null,"height":null,"source":"OpenStreetMap contributors","kind":"tree"},"geometry":{"type":"Point","coordinates":[14.4739583,35.9094051]}},{"type":"Feature","properties":{"osm_id":"node/3793744557","name":null,"species":null,"height":null,"source":"OpenStreetMap contributors","kind":"tree"},"geometry":{"type":"Point","coordinates":[14.4740468,35.9093529]}},{"type":"Feature","properties":{"osm_id":"node/3793744574","name":null,"species":null,"height":null,"source":"OpenStreetMap contributors","kind":"tree"},"geometry":{"type":"Point","coordinates":[14.4739502,35.9093138]}},{"type":"Feature","properties":{"osm_id":"node/3797738925","name":null,"species":null,"height":null,"source":"OpenStreetMap contributors","kind":"tree"},"geometry":{"type":"Point","coordinates":[14.4670739,35.9036672]}},{"type":"Feature","properties":{"osm_id":"node/3797739027","name":null,"species":null,"height":null,"source":"OpenStreetMap contributors","kind":"tree"},"geometry":{"type":"Point","coordinates":[14.4676789,35.9033028]}},{"type":"Feature","properties":{"osm_id":"node/3805038252","name":null,"species":null,"height":null,"source":"OpenStreetMap contributors","kind":"tree"},"geometry":{"type":"Point","coordinates":[14.5209962,35.8874416]}},{"type":"Feature","properties":{"osm_id":"node/3805039670","name":null,"species":null,"height":null,"source":"OpenStreetMap contributors","kind":"tree"},"geometry":{"type":"Point","coordinates":[14.520878,35.8874182]}},{"type":"Feature","properties":{"osm_id":"node/3805039677","name":null,"species":null,"height":null,"source":"OpenStreetMap contributors","kind":"tree"},"geometry":{"type":"Point","coordinates":[14.5207659,35.8873881]}},{"type":"Feature","properties":{"osm_id":"node/3806569825","name":null,"species":null,"height":null,"source":"OpenStreetMap contributors","kind":"tree"},"geometry":{"type":"Point","coordinates":[14.532082,35.8605284]}},{"type":"Feature","properties":{"osm_id":"node/3806569900","name":null,"species":null,"height":null,"source":"OpenStreetMap contributors","kind":"tree"},"geometry":{"type":"Point","coordinates":[14.5320671,35.860398]}},{"type":"Feature","properties":{"osm_id":"node/3807906089","name":null,"species":null,"height":null,"source":"OpenStreetMap contributors","kind":"tree"},"geometry":{"type":"Point","coordinates":[14.4954145,35.8808772]}},{"type":"Feature","properties":{"osm_id":"node/3807906124","name":null,"species":null,"height":null,"source":"OpenStreetMap contributors","kind":"tree"},"geometry":{"type":"Point","coordinates":[14.4946903,35.8802203]}},{"type":"Feature","properties":{"osm_id":"node/3813448887","name":null,"species":null,"height":null,"source":"OpenStreetMap contributors","kind":"tree"},"geometry":{"type":"Point","coordinates":[14.3921917,35.8826254]}},{"type":"Feature","properties":{"osm_id":"node/3813448893","name":null,"species":null,"height":null,"source":"OpenStreetMap contributors","kind":"tree"},"geometry":{"type":"Point","coordinates":[14.3913154,35.8830483]}},{"type":"Feature","properties":{"osm_id":"node/3813448920","name":null,"species":null,"height":null,"source":"OpenStreetMap contributors","kind":"tree"},"geometry":{"type":"Point","coordinates":[14.3920278,35.8826639]}},{"type":"Feature","properties":{"osm_id":"node/3813449876","name":null,"species":null,"height":null,"source":"OpenStreetMap contributors","kind":"tree"},"geometry":{"type":"Point","coordinates":[14.3919265,35.8826953]}},{"type":"Feature","properties":{"osm_id":"node/3813449886","name":null,"species":null,"height":null,"source":"OpenStreetMap contributors","kind":"tree"},"geometry":{"type":"Point","coordinates":[14.3911844,35.8832048]}},{"type":"Feature","properties":{"osm_id":"node/3813489216","name":null,"species":null,"height":null,"source":"OpenStreetMap contributors","kind":"tree"},"geometry":{"type":"Point","coordinates":[14.5247069,35.8501004]}},{"type":"Feature","properties":{"osm_id":"node/3813489217","name":null,"species":null,"height":null,"source":"OpenStreetMap contributors","kind":"tree"},"geometry":{"type":"Point","coordinates":[14.524677,35.850127]}},{"type":"Feature","properties":{"osm_id":"node/3813489218","name":null,"species":null,"height":null,"source":"OpenStreetMap contributors","kind":"tree"},"geometry":{"type":"Point","coordinates":[14.5246414,35.8501004]}},{"type":"Feature","properties":{"osm_id":"node/3813495014","name":null,"species":null,"height":null,"source":"OpenStreetMap contributors","kind":"tree"},"geometry":{"type":"Point","coordinates":[14.528259,35.8520517]}},{"type":"Feature","properties":{"osm_id":"node/3816578594","name":null,"species":null,"height":null,"source":"OpenStreetMap contributors","kind":"tree"},"geometry":{"type":"Point","coordinates":[14.4945559,35.8738566]}},{"type":"Feature","properties":{"osm_id":"node/3816580873","name":null,"species":null,"height":null,"source":"OpenStreetMap contributors","kind":"tree"},"geometry":{"type":"Point","coordinates":[14.5217767,35.8758178]}},{"type":"Feature","properties":{"osm_id":"node/3816600064","name":null,"species":null,"height":null,"source":"OpenStreetMap contributors","kind":"tree"},"geometry":{"type":"Point","coordinates":[14.4840277,35.8376075]}},{"type":"Feature","properties":{"osm_id":"node/3816600130","name":null,"species":null,"height":null,"source":"OpenStreetMap contributors","kind":"tree"},"geometry":{"type":"Point","coordinates":[14.4844091,35.837721]}},{"type":"Feature","properties":{"osm_id":"node/3816600131","name":null,"species":null,"height":null,"source":"OpenStreetMap contributors","kind":"tree"},"geometry":{"type":"Point","coordinates":[14.4842272,35.837779]}},{"type":"Feature","properties":{"osm_id":"node/3816600132","name":null,"species":null,"height":null,"source":"OpenStreetMap contributors","kind":"tree"},"geometry":{"type":"Point","coordinates":[14.4836849,35.8379843]}},{"type":"Feature","properties":{"osm_id":"node/3816600133","name":null,"species":null,"height":null,"source":"OpenStreetMap contributors","kind":"tree"},"geometry":{"type":"Point","coordinates":[14.4841051,35.83775]}},{"type":"Feature","properties":{"osm_id":"node/3832134714","name":null,"species":null,"height":null,"source":"OpenStreetMap contributors","kind":"tree"},"geometry":{"type":"Point","coordinates":[14.4827194,35.8315102]}},{"type":"Feature","properties":{"osm_id":"node/3832134715","name":null,"species":null,"height":null,"source":"OpenStreetMap contributors","kind":"tree"},"geometry":{"type":"Point","coordinates":[14.4827999,35.8314402]}},{"type":"Feature","properties":{"osm_id":"node/3832134716","name":null,"species":null,"height":null,"source":"OpenStreetMap contributors","kind":"tree"},"geometry":{"type":"Point","coordinates":[14.4829489,35.8313532]}},{"type":"Feature","properties":{"osm_id":"node/3832134717","name":null,"species":null,"height":null,"source":"OpenStreetMap contributors","kind":"tree"},"geometry":{"type":"Point","coordinates":[14.4830204,35.831317]}},{"type":"Feature","properties":{"osm_id":"node/3928149350","name":null,"species":null,"height":null,"source":"OpenStreetMap contributors","kind":"tree"},"geometry":{"type":"Point","coordinates":[14.4273998,35.9047048]}},{"type":"Feature","properties":{"osm_id":"node/3930025623","name":null,"species":null,"height":null,"source":"OpenStreetMap contributors","kind":"tree"},"geometry":{"type":"Point","coordinates":[14.5036064,35.8760762]}},{"type":"Feature","properties":{"osm_id":"node/3930025644","name":null,"species":null,"height":null,"source":"OpenStreetMap contributors","kind":"tree"},"geometry":{"type":"Point","coordinates":[14.5033442,35.8761245]}},{"type":"Feature","properties":{"osm_id":"node/3930025649","name":null,"species":null,"height":null,"source":"OpenStreetMap contributors","kind":"tree"},"geometry":{"type":"Point","coordinates":[14.5034097,35.8761075]}},{"type":"Feature","properties":{"osm_id":"node/3930025655","name":null,"species":null,"height":null,"source":"OpenStreetMap contributors","kind":"tree"},"geometry":{"type":"Point","coordinates":[14.5035259,35.876151]}},{"type":"Feature","properties":{"osm_id":"node/3930025656","name":null,"species":null,"height":null,"source":"OpenStreetMap contributors","kind":"tree"},"geometry":{"type":"Point","coordinates":[14.5034693,35.8761051]}},{"type":"Feature","properties":{"osm_id":"node/3930027172","name":null,"species":null,"height":null,"source":"OpenStreetMap contributors","kind":"tree"},"geometry":{"type":"Point","coordinates":[14.5036183,35.8761172]}},{"type":"Feature","properties":{"osm_id":"node/3947804429","name":null,"species":null,"height":null,"source":"OpenStreetMap contributors","kind":"tree"},"geometry":{"type":"Point","coordinates":[14.4139362,35.9359711]}},{"type":"Feature","properties":{"osm_id":"node/3959051887","name":null,"species":null,"height":null,"source":"OpenStreetMap contributors","kind":"tree"},"geometry":{"type":"Point","coordinates":[14.4863733,35.8398219]}},{"type":"Feature","properties":{"osm_id":"node/3959051891","name":null,"species":null,"height":null,"source":"OpenStreetMap contributors","kind":"tree"},"geometry":{"type":"Point","coordinates":[14.4863972,35.8396914]}},{"type":"Feature","properties":{"osm_id":"node/3959051898","name":null,"species":null,"height":null,"source":"OpenStreetMap contributors","kind":"tree"},"geometry":{"type":"Point","coordinates":[14.4864091,35.8394813]}},{"type":"Feature","properties":{"osm_id":"node/3959051900","name":null,"species":null,"height":null,"source":"OpenStreetMap contributors","kind":"tree"},"geometry":{"type":"Point","coordinates":[14.4863644,35.8399258]}},{"type":"Feature","properties":{"osm_id":"node/3959051902","name":null,"species":null,"height":null,"source":"OpenStreetMap contributors","kind":"tree"},"geometry":{"type":"Point","coordinates":[14.4863913,35.839573]}},{"type":"Feature","properties":{"osm_id":"node/3959080473","name":null,"species":null,"height":null,"source":"OpenStreetMap contributors","kind":"tree"},"geometry":{"type":"Point","coordinates":[14.5047152,35.8630482]}},{"type":"Feature","properties":{"osm_id":"node/3959080474","name":null,"species":null,"height":null,"source":"OpenStreetMap contributors","kind":"tree"},"geometry":{"type":"Point","coordinates":[14.5042086,35.8632825]}},{"type":"Feature","properties":{"osm_id":"node/3959080480","name":null,"species":null,"height":null,"source":"OpenStreetMap contributors","kind":"tree"},"geometry":{"type":"Point","coordinates":[14.5030045,35.8629612]}},{"type":"Feature","properties":{"osm_id":"node/3959080484","name":null,"species":null,"height":null,"source":"OpenStreetMap contributors","kind":"tree"},"geometry":{"type":"Point","coordinates":[14.503827,35.8629033]}},{"type":"Feature","properties":{"osm_id":"node/3959080485","name":null,"species":null,"height":null,"source":"OpenStreetMap contributors","kind":"tree"},"geometry":{"type":"Point","coordinates":[14.5053441,35.8628767]}},{"type":"Feature","properties":{"osm_id":"node/3959080486","name":null,"species":null,"height":null,"source":"OpenStreetMap contributors","kind":"tree"},"geometry":{"type":"Point","coordinates":[14.5031148,35.8630193]}},{"type":"Feature","properties":{"osm_id":"node/3959080491","name":null,"species":null,"height":null,"source":"OpenStreetMap contributors","kind":"tree"},"geometry":{"type":"Point","coordinates":[14.504593,35.8631207]}},{"type":"Feature","properties":{"osm_id":"node/3965845655","name":null,"species":null,"height":null,"source":"OpenStreetMap contributors","kind":"tree"},"geometry":{"type":"Point","coordinates":[14.485948,35.8824472]}},{"type":"Feature","properties":{"osm_id":"node/3965848663","name":null,"species":null,"height":null,"source":"OpenStreetMap contributors","kind":"tree"},"geometry":{"type":"Point","coordinates":[14.4858049,35.8823144]}},{"type":"Feature","properties":{"osm_id":"node/3965848671","name":null,"species":null,"height":null,"source":"OpenStreetMap contributors","kind":"tree"},"geometry":{"type":"Point","coordinates":[14.4856917,35.8822709]}},{"type":"Feature","properties":{"osm_id":"node/3965848685","name":null,"species":null,"height":null,"source":"OpenStreetMap contributors","kind":"tree"},"geometry":{"type":"Point","coordinates":[14.4860672,35.8825342]}},{"type":"Feature","properties":{"osm_id":"node/3965848692","name":null,"species":null,"height":null,"source":"OpenStreetMap contributors","kind":"tree"},"geometry":{"type":"Point","coordinates":[14.4854593,35.882114]}},{"type":"Feature","properties":{"osm_id":"node/3965848697","name":null,"species":null,"height":null,"source":"OpenStreetMap contributors","kind":"tree"},"geometry":{"type":"Point","coordinates":[14.4855784,35.8822009]}},{"type":"Feature","properties":{"osm_id":"node/3975390651","name":null,"species":null,"height":null,"source":"OpenStreetMap contributors","kind":"tree"},"geometry":{"type":"Point","coordinates":[14.5265803,35.8911568]}},{"type":"Feature","properties":{"osm_id":"node/3978156039","name":null,"species":null,"height":null,"source":"OpenStreetMap contributors","kind":"tree"},"geometry":{"type":"Point","coordinates":[14.4437069,35.913235]}},{"type":"Feature","properties":{"osm_id":"node/3978156040","name":null,"species":null,"height":null,"source":"OpenStreetMap contributors","kind":"tree"},"geometry":{"type":"Point","coordinates":[14.4437716,35.9133648]}},{"type":"Feature","properties":{"osm_id":"node/3978156041","name":null,"species":null,"height":null,"source":"OpenStreetMap contributors","kind":"tree"},"geometry":{"type":"Point","coordinates":[14.4438578,35.9135145]}},{"type":"Feature","properties":{"osm_id":"node/3978156042","name":null,"species":null,"height":null,"source":"OpenStreetMap contributors","kind":"tree"},"geometry":{"type":"Point","coordinates":[14.4440427,35.9138514]}},{"type":"Feature","properties":{"osm_id":"node/3978156043","name":null,"species":null,"height":null,"source":"OpenStreetMap contributors","kind":"tree"},"geometry":{"type":"Point","coordinates":[14.4441074,35.9139462]}},{"type":"Feature","properties":{"osm_id":"node/3978156044","name":null,"species":null,"height":null,"source":"OpenStreetMap contributors","kind":"tree"},"geometry":{"type":"Point","coordinates":[14.444206,35.9140959]}},{"type":"Feature","properties":{"osm_id":"node/3978156045","name":null,"species":null,"height":null,"source":"OpenStreetMap contributors","kind":"tree"},"geometry":{"type":"Point","coordinates":[14.4439996,35.9137416]}},{"type":"Feature","properties":{"osm_id":"node/3978156046","name":null,"species":null,"height":null,"source":"OpenStreetMap contributors","kind":"tree"},"geometry":{"type":"Point","coordinates":[14.443827,35.9127659]}},{"type":"Feature","properties":{"osm_id":"node/3978156906","name":null,"species":null,"height":null,"source":"OpenStreetMap contributors","kind":"tree"},"geometry":{"type":"Point","coordinates":[14.4162253,35.9164414]}},{"type":"Feature","properties":{"osm_id":"node/4000610116","name":null,"species":null,"height":null,"source":"OpenStreetMap contributors","kind":"tree"},"geometry":{"type":"Point","coordinates":[14.5428319,35.8399457]}},{"type":"Feature","properties":{"osm_id":"node/4007349697","name":null,"species":null,"height":null,"source":"OpenStreetMap contributors","kind":"tree"},"geometry":{"type":"Point","coordinates":[14.5208915,35.8821744]}},{"type":"Feature","properties":{"osm_id":"node/4007349698","name":null,"species":null,"height":null,"source":"OpenStreetMap contributors","kind":"tree"},"geometry":{"type":"Point","coordinates":[14.5209719,35.8821494]}},{"type":"Feature","properties":{"osm_id":"node/4007349699","name":null,"species":null,"height":null,"source":"OpenStreetMap contributors","kind":"tree"},"geometry":{"type":"Point","coordinates":[14.5210309,35.8821494]}},{"type":"Feature","properties":{"osm_id":"node/4007349700","name":null,"species":null,"height":null,"source":"OpenStreetMap contributors","kind":"tree"},"geometry":{"type":"Point","coordinates":[14.520958,35.8823725]}},{"type":"Feature","properties":{"osm_id":"node/4007349701","name":null,"species":null,"height":null,"source":"OpenStreetMap contributors","kind":"tree"},"geometry":{"type":"Point","coordinates":[14.5210083,35.8823734]}},{"type":"Feature","properties":{"osm_id":"node/4007349702","name":null,"species":null,"height":null,"source":"OpenStreetMap contributors","kind":"tree"},"geometry":{"type":"Point","coordinates":[14.5210583,35.8823724]}},{"type":"Feature","properties":{"osm_id":"node/4007349703","name":null,"species":null,"height":null,"source":"OpenStreetMap contributors","kind":"tree"},"geometry":{"type":"Point","coordinates":[14.520798,35.8821893]}},{"type":"Feature","properties":{"osm_id":"node/4012383167","name":null,"species":null,"height":null,"source":"OpenStreetMap contributors","kind":"tree"},"geometry":{"type":"Point","coordinates":[14.5280136,35.8745966]}},{"type":"Feature","properties":{"osm_id":"node/4012724621","name":null,"species":null,"height":null,"source":"OpenStreetMap contributors","kind":"tree"},"geometry":{"type":"Point","coordinates":[14.5265418,35.874993]}},{"type":"Feature","properties":{"osm_id":"node/4012728836","name":null,"species":null,"height":null,"source":"OpenStreetMap contributors","kind":"tree"},"geometry":{"type":"Point","coordinates":[14.5265257,35.8748061]}},{"type":"Feature","properties":{"osm_id":"node/4012728837","name":null,"species":null,"height":null,"source":"OpenStreetMap contributors","kind":"tree"},"geometry":{"type":"Point","coordinates":[14.5265115,35.8747352]}},{"type":"Feature","properties":{"osm_id":"node/4054101368","name":null,"species":null,"height":null,"source":"OpenStreetMap contributors","kind":"tree"},"geometry":{"type":"Point","coordinates":[14.5245596,35.8836256]}},{"type":"Feature","properties":{"osm_id":"node/4054101369","name":null,"species":null,"height":null,"source":"OpenStreetMap contributors","kind":"tree"},"geometry":{"type":"Point","coordinates":[14.5246383,35.883584]}},{"type":"Feature","properties":{"osm_id":"node/4054101370","name":null,"species":null,"height":null,"source":"OpenStreetMap contributors","kind":"tree"},"geometry":{"type":"Point","coordinates":[14.5250649,35.8839809]}},{"type":"Feature","properties":{"osm_id":"node/4054101371","name":null,"species":null,"height":null,"source":"OpenStreetMap contributors","kind":"tree"},"geometry":{"type":"Point","coordinates":[14.5249418,35.8836206]}},{"type":"Feature","properties":{"osm_id":"node/4054101372","name":null,"species":null,"height":null,"source":"OpenStreetMap contributors","kind":"tree"},"geometry":{"type":"Point","coordinates":[14.5251145,35.8833599]}},{"type":"Feature","properties":{"osm_id":"node/4054548668","name":null,"species":null,"height":null,"source":"OpenStreetMap contributors","kind":"tree"},"geometry":{"type":"Point","coordinates":[14.455793,35.9033735]}},{"type":"Feature","properties":{"osm_id":"node/4054548669","name":null,"species":null,"height":null,"source":"OpenStreetMap contributors","kind":"tree"},"geometry":{"type":"Point","coordinates":[14.4555798,35.9035418]}},{"type":"Feature","properties":{"osm_id":"node/4054548670","name":null,"species":null,"height":null,"source":"OpenStreetMap contributors","kind":"tree"},"geometry":{"type":"Point","coordinates":[14.4559043,35.9036114]}},{"type":"Feature","properties":{"osm_id":"node/4059621924","name":null,"species":null,"height":null,"source":"OpenStreetMap contributors","kind":"tree"},"geometry":{"type":"Point","coordinates":[14.4832916,35.8319685]}},{"type":"Feature","properties":{"osm_id":"node/4059621925","name":null,"species":null,"height":null,"source":"OpenStreetMap contributors","kind":"tree"},"geometry":{"type":"Point","coordinates":[14.4833707,35.8320478]}},{"type":"Feature","properties":{"osm_id":"node/4059621926","name":null,"species":null,"height":null,"source":"OpenStreetMap contributors","kind":"tree"},"geometry":{"type":"Point","coordinates":[14.4834619,35.8320837]}},{"type":"Feature","properties":{"osm_id":"node/4059621927","name":null,"species":null,"height":null,"source":"OpenStreetMap contributors","kind":"tree"},"geometry":{"type":"Point","coordinates":[14.4834016,35.8321022]}},{"type":"Feature","properties":{"osm_id":"node/4059621928","name":null,"species":null,"height":null,"source":"OpenStreetMap contributors","kind":"tree"},"geometry":{"type":"Point","coordinates":[14.4834539,35.8321642]}},{"type":"Feature","properties":{"osm_id":"node/4059621929","name":null,"species":null,"height":null,"source":"OpenStreetMap contributors","kind":"tree"},"geometry":{"type":"Point","coordinates":[14.4834391,35.8322087]}},{"type":"Feature","properties":{"osm_id":"node/4059621930","name":null,"species":null,"height":null,"source":"OpenStreetMap contributors","kind":"tree"},"geometry":{"type":"Point","coordinates":[14.4832098,35.8319815]}},{"type":"Feature","properties":{"osm_id":"node/4061338261","name":null,"species":null,"height":null,"source":"OpenStreetMap contributors","kind":"tree"},"geometry":{"type":"Point","coordinates":[14.3994201,35.8943299]}},{"type":"Feature","properties":{"osm_id":"node/4061338262","name":null,"species":null,"height":null,"source":"OpenStreetMap contributors","kind":"tree"},"geometry":{"type":"Point","coordinates":[14.3992418,35.8943028]}},{"type":"Feature","properties":{"osm_id":"node/4061338263","name":null,"species":null,"height":null,"source":"OpenStreetMap contributors","kind":"tree"},"geometry":{"type":"Point","coordinates":[14.3991399,35.8942854]}},{"type":"Feature","properties":{"osm_id":"node/4061338264","name":null,"species":null,"height":null,"source":"OpenStreetMap contributors","kind":"tree"},"geometry":{"type":"Point","coordinates":[14.3990688,35.8942713]}},{"type":"Feature","properties":{"osm_id":"node/4061338265","name":null,"species":null,"height":null,"source":"OpenStreetMap contributors","kind":"tree"},"geometry":{"type":"Point","coordinates":[14.3987389,35.8941789]}},{"type":"Feature","properties":{"osm_id":"node/4061338266","name":null,"species":null,"height":null,"source":"OpenStreetMap contributors","kind":"tree"},"geometry":{"type":"Point","coordinates":[14.399227,35.8942376]}},{"type":"Feature","properties":{"osm_id":"node/4061338267","name":null,"species":null,"height":null,"source":"OpenStreetMap contributors","kind":"tree"},"geometry":{"type":"Point","coordinates":[14.3992914,35.8942365]}},{"type":"Feature","properties":{"osm_id":"node/4061338268","name":null,"species":null,"height":null,"source":"OpenStreetMap contributors","kind":"tree"},"geometry":{"type":"Point","coordinates":[14.3993598,35.8942387]}},{"type":"Feature","properties":{"osm_id":"node/4061338269","name":null,"species":null,"height":null,"source":"OpenStreetMap contributors","kind":"tree"},"geometry":{"type":"Point","coordinates":[14.3995744,35.8943756]}},{"type":"Feature","properties":{"osm_id":"node/4061338270","name":null,"species":null,"height":null,"source":"OpenStreetMap contributors","kind":"tree"},"geometry":{"type":"Point","coordinates":[14.3998198,35.8943212]}},{"type":"Feature","properties":{"osm_id":"node/4061338271","name":null,"species":null,"height":null,"source":"OpenStreetMap contributors","kind":"tree"},"geometry":{"type":"Point","coordinates":[14.3997554,35.8942876]}},{"type":"Feature","properties":{"osm_id":"node/4061338272","name":null,"species":null,"height":null,"source":"OpenStreetMap contributors","kind":"tree"},"geometry":{"type":"Point","coordinates":[14.4001578,35.8945309]}},{"type":"Feature","properties":{"osm_id":"node/4061338273","name":null,"species":null,"height":null,"source":"OpenStreetMap contributors","kind":"tree"},"geometry":{"type":"Point","coordinates":[14.4002302,35.8945646]}},{"type":"Feature","properties":{"osm_id":"node/4061338274","name":null,"species":null,"height":null,"source":"OpenStreetMap contributors","kind":"tree"},"geometry":{"type":"Point","coordinates":[14.4002905,35.8945961]}},{"type":"Feature","properties":{"osm_id":"node/4061338275","name":null,"species":null,"height":null,"source":"OpenStreetMap contributors","kind":"tree"},"geometry":{"type":"Point","coordinates":[14.4007344,35.8943886]}},{"type":"Feature","properties":{"osm_id":"node/4061338276","name":null,"species":null,"height":null,"source":"OpenStreetMap contributors","kind":"tree"},"geometry":{"type":"Point","coordinates":[14.4006379,35.8944831]}},{"type":"Feature","properties":{"osm_id":"node/4061338277","name":null,"species":null,"height":null,"source":"OpenStreetMap contributors","kind":"tree"},"geometry":{"type":"Point","coordinates":[14.4005735,35.8944712]}},{"type":"Feature","properties":{"osm_id":"node/4061338278","name":null,"species":null,"height":null,"source":"OpenStreetMap contributors","kind":"tree"},"geometry":{"type":"Point","coordinates":[14.4006593,35.8946059]}},{"type":"Feature","properties":{"osm_id":"node/4064698398","name":null,"species":null,"height":null,"source":"OpenStreetMap contributors","kind":"tree"},"geometry":{"type":"Point","coordinates":[14.5142986,35.8895535]}},{"type":"Feature","properties":{"osm_id":"node/4064698399","name":null,"species":null,"height":null,"source":"OpenStreetMap contributors","kind":"tree"},"geometry":{"type":"Point","coordinates":[14.5142715,35.8895906]}},{"type":"Feature","properties":{"osm_id":"node/4064698400","name":null,"species":null,"height":null,"source":"OpenStreetMap contributors","kind":"tree"},"geometry":{"type":"Point","coordinates":[14.5142512,35.8896259]}},{"type":"Feature","properties":{"osm_id":"node/4064698401","name":null,"species":null,"height":null,"source":"OpenStreetMap contributors","kind":"tree"},"geometry":{"type":"Point","coordinates":[14.5142409,35.889671]}},{"type":"Feature","properties":{"osm_id":"node/4064698402","name":null,"species":null,"height":null,"source":"OpenStreetMap contributors","kind":"tree"},"geometry":{"type":"Point","coordinates":[14.5142277,35.8897501]}},{"type":"Feature","properties":{"osm_id":"node/4064698403","name":null,"species":null,"height":null,"source":"OpenStreetMap contributors","kind":"tree"},"geometry":{"type":"Point","coordinates":[14.5143303,35.8895189]}},{"type":"Feature","properties":{"osm_id":"node/4064710591","name":null,"species":null,"height":null,"source":"OpenStreetMap contributors","kind":"tree"},"geometry":{"type":"Point","coordinates":[14.402998,35.8875225]}},{"type":"Feature","properties":{"osm_id":"node/4064710592","name":null,"species":null,"height":null,"source":"OpenStreetMap contributors","kind":"tree"},"geometry":{"type":"Point","coordinates":[14.4030634,35.8875073]}},{"type":"Feature","properties":{"osm_id":"node/4064710593","name":null,"species":null,"height":null,"source":"OpenStreetMap contributors","kind":"tree"},"geometry":{"type":"Point","coordinates":[14.4031393,35.8874922]}},{"type":"Feature","properties":{"osm_id":"node/4064710594","name":null,"species":null,"height":null,"source":"OpenStreetMap contributors","kind":"tree"},"geometry":{"type":"Point","coordinates":[14.4026863,35.8875669]}},{"type":"Feature","properties":{"osm_id":"node/4071241302","name":null,"species":null,"height":null,"source":"OpenStreetMap contributors","kind":"tree"},"geometry":{"type":"Point","coordinates":[14.3998274,35.8748077]}},{"type":"Feature","properties":{"osm_id":"node/4071241303","name":null,"species":null,"height":null,"source":"OpenStreetMap contributors","kind":"tree"},"geometry":{"type":"Point","coordinates":[14.3984858,35.8749082]}},{"type":"Feature","properties":{"osm_id":"node/4086084086","name":null,"species":null,"height":null,"source":"OpenStreetMap contributors","kind":"tree"},"geometry":{"type":"Point","coordinates":[14.5273383,35.8829845]}},{"type":"Feature","properties":{"osm_id":"node/4086084087","name":null,"species":null,"height":null,"source":"OpenStreetMap contributors","kind":"tree"},"geometry":{"type":"Point","coordinates":[14.5274013,35.8829106]}},{"type":"Feature","properties":{"osm_id":"node/4086084088","name":null,"species":null,"height":null,"source":"OpenStreetMap contributors","kind":"tree"},"geometry":{"type":"Point","coordinates":[14.5277138,35.883154]}},{"type":"Feature","properties":{"osm_id":"node/4086084489","name":null,"species":null,"height":null,"source":"OpenStreetMap contributors","kind":"tree"},"geometry":{"type":"Point","coordinates":[14.5277594,35.8832746]}},{"type":"Feature","properties":{"osm_id":"node/4086084490","name":null,"species":null,"height":null,"source":"OpenStreetMap contributors","kind":"tree"},"geometry":{"type":"Point","coordinates":[14.5278546,35.8834029]}},{"type":"Feature","properties":{"osm_id":"node/4086084491","name":null,"species":null,"height":null,"source":"OpenStreetMap contributors","kind":"tree"},"geometry":{"type":"Point","coordinates":[14.5279686,35.8834746]}},{"type":"Feature","properties":{"osm_id":"node/4086084492","name":null,"species":null,"height":null,"source":"OpenStreetMap contributors","kind":"tree"},"geometry":{"type":"Point","coordinates":[14.5275636,35.8827303]}},{"type":"Feature","properties":{"osm_id":"node/4086084493","name":null,"species":null,"height":null,"source":"OpenStreetMap contributors","kind":"tree"},"geometry":{"type":"Point","coordinates":[14.527522,35.8826683]}},{"type":"Feature","properties":{"osm_id":"node/4086084494","name":null,"species":null,"height":null,"source":"OpenStreetMap contributors","kind":"tree"},"geometry":{"type":"Point","coordinates":[14.5274697,35.882601]}},{"type":"Feature","properties":{"osm_id":"node/4086084495","name":null,"species":null,"height":null,"source":"OpenStreetMap contributors","kind":"tree"},"geometry":{"type":"Point","coordinates":[14.5274685,35.88235]}},{"type":"Feature","properties":{"osm_id":"node/4086084496","name":null,"species":null,"height":null,"source":"OpenStreetMap contributors","kind":"tree"},"geometry":{"type":"Point","coordinates":[14.5273745,35.8824966]}},{"type":"Feature","properties":{"osm_id":"node/4086084497","name":null,"species":null,"height":null,"source":"OpenStreetMap contributors","kind":"tree"},"geometry":{"type":"Point","coordinates":[14.5273289,35.8824369]}},{"type":"Feature","properties":{"osm_id":"node/4086084498","name":null,"species":null,"height":null,"source":"OpenStreetMap contributors","kind":"tree"},"geometry":{"type":"Point","coordinates":[14.5272793,35.8823891]}},{"type":"Feature","properties":{"osm_id":"node/4086084499","name":null,"species":null,"height":null,"source":"OpenStreetMap contributors","kind":"tree"},"geometry":{"type":"Point","coordinates":[14.5272364,35.8823206]}},{"type":"Feature","properties":{"osm_id":"node/4086107891","name":null,"species":null,"height":null,"source":"OpenStreetMap contributors","kind":"tree"},"geometry":{"type":"Point","coordinates":[14.5088466,35.8906699]}},{"type":"Feature","properties":{"osm_id":"node/4086107892","name":null,"species":null,"height":null,"source":"OpenStreetMap contributors","kind":"tree"},"geometry":{"type":"Point","coordinates":[14.5089404,35.8907129]}},{"type":"Feature","properties":{"osm_id":"node/4086107893","name":null,"species":null,"height":null,"source":"OpenStreetMap contributors","kind":"tree"},"geometry":{"type":"Point","coordinates":[14.5090342,35.8907673]}},{"type":"Feature","properties":{"osm_id":"node/4086107894","name":null,"species":null,"height":null,"source":"OpenStreetMap contributors","kind":"tree"},"geometry":{"type":"Point","coordinates":[14.5091297,35.8908247]}},{"type":"Feature","properties":{"osm_id":"node/4086107895","name":null,"species":null,"height":null,"source":"OpenStreetMap contributors","kind":"tree"},"geometry":{"type":"Point","coordinates":[14.5083423,35.8913264]}},{"type":"Feature","properties":{"osm_id":"node/4086107896","name":null,"species":null,"height":null,"source":"OpenStreetMap contributors","kind":"tree"},"geometry":{"type":"Point","coordinates":[14.5082786,35.8914469]}},{"type":"Feature","properties":{"osm_id":"node/4086107897","name":null,"species":null,"height":null,"source":"OpenStreetMap contributors","kind":"tree"},"geometry":{"type":"Point","coordinates":[14.5081352,35.8913451]}},{"type":"Feature","properties":{"osm_id":"node/4086155112","name":null,"species":null,"height":null,"source":"OpenStreetMap contributors","kind":"tree"},"geometry":{"type":"Point","coordinates":[14.4579648,35.8957378]}},{"type":"Feature","properties":{"osm_id":"node/4086155113","name":null,"species":null,"height":null,"source":"OpenStreetMap contributors","kind":"tree"},"geometry":{"type":"Point","coordinates":[14.4581071,35.8957674]}},{"type":"Feature","properties":{"osm_id":"node/4086155114","name":null,"species":null,"height":null,"source":"OpenStreetMap contributors","kind":"tree"},"geometry":{"type":"Point","coordinates":[14.4582047,35.8957905]}},{"type":"Feature","properties":{"osm_id":"node/4086155115","name":null,"species":null,"height":null,"source":"OpenStreetMap contributors","kind":"tree"},"geometry":{"type":"Point","coordinates":[14.45841,35.8958316]}},{"type":"Feature","properties":{"osm_id":"node/4086155116","name":null,"species":null,"height":null,"source":"OpenStreetMap contributors","kind":"tree"},"geometry":{"type":"Point","coordinates":[14.4584934,35.8958547]}},{"type":"Feature","properties":{"osm_id":"node/4086155117","name":null,"species":null,"height":null,"source":"OpenStreetMap contributors","kind":"tree"},"geometry":{"type":"Point","coordinates":[14.4591499,35.895774]}},{"type":"Feature","properties":{"osm_id":"node/4086155118","name":null,"species":null,"height":null,"source":"OpenStreetMap contributors","kind":"tree"},"geometry":{"type":"Point","coordinates":[14.4591906,35.8958481]}},{"type":"Feature","properties":{"osm_id":"node/4086155119","name":null,"species":null,"height":null,"source":"OpenStreetMap contributors","kind":"tree"},"geometry":{"type":"Point","coordinates":[14.4593207,35.8958547]}},{"type":"Feature","properties":{"osm_id":"node/4086155120","name":null,"species":null,"height":null,"source":"OpenStreetMap contributors","kind":"tree"},"geometry":{"type":"Point","coordinates":[14.4588816,35.8957625]}},{"type":"Feature","properties":{"osm_id":"node/4086155121","name":null,"species":null,"height":null,"source":"OpenStreetMap contributors","kind":"tree"},"geometry":{"type":"Point","coordinates":[14.4591723,35.8960622]}},{"type":"Feature","properties":{"osm_id":"node/4086155122","name":null,"species":null,"height":null,"source":"OpenStreetMap contributors","kind":"tree"},"geometry":{"type":"Point","coordinates":[14.4595016,35.8960045]}},{"type":"Feature","properties":{"osm_id":"node/4086155123","name":null,"species":null,"height":null,"source":"OpenStreetMap contributors","kind":"tree"},"geometry":{"type":"Point","coordinates":[14.4592292,35.8959848]}},{"type":"Feature","properties":{"osm_id":"node/4101792679","name":null,"species":null,"height":null,"source":"OpenStreetMap contributors","kind":"tree"},"geometry":{"type":"Point","coordinates":[14.497424,35.9008658]}},{"type":"Feature","properties":{"osm_id":"node/4101792680","name":null,"species":null,"height":null,"source":"OpenStreetMap contributors","kind":"tree"},"geometry":{"type":"Point","coordinates":[14.49682,35.9010018]}},{"type":"Feature","properties":{"osm_id":"node/4104222296","name":null,"species":null,"height":null,"source":"OpenStreetMap contributors","kind":"tree"},"geometry":{"type":"Point","coordinates":[14.4422298,35.9202004]}},{"type":"Feature","properties":{"osm_id":"node/4104222297","name":null,"species":null,"height":null,"source":"OpenStreetMap contributors","kind":"tree"},"geometry":{"type":"Point","coordinates":[14.4421741,35.9202291]}},{"type":"Feature","properties":{"osm_id":"node/4104222298","name":null,"species":null,"height":null,"source":"OpenStreetMap contributors","kind":"tree"},"geometry":{"type":"Point","coordinates":[14.4421479,35.9202042]}},{"type":"Feature","properties":{"osm_id":"node/4104222299","name":null,"species":null,"height":null,"source":"OpenStreetMap contributors","kind":"tree"},"geometry":{"type":"Point","coordinates":[14.4421339,35.9201586]}},{"type":"Feature","properties":{"osm_id":"node/4104222300","name":null,"species":null,"height":null,"source":"OpenStreetMap contributors","kind":"tree"},"geometry":{"type":"Point","coordinates":[14.4421278,35.9201178]}},{"type":"Feature","properties":{"osm_id":"node/4104222301","name":null,"species":null,"height":null,"source":"OpenStreetMap contributors","kind":"tree"},"geometry":{"type":"Point","coordinates":[14.4421674,35.9200896]}},{"type":"Feature","properties":{"osm_id":"node/4107080267","name":null,"species":null,"height":null,"source":"OpenStreetMap contributors","kind":"tree"},"geometry":{"type":"Point","coordinates":[14.441625,35.872101]}},{"type":"Feature","properties":{"osm_id":"node/4107080268","name":null,"species":null,"height":null,"source":"OpenStreetMap contributors","kind":"tree"},"geometry":{"type":"Point","coordinates":[14.4416009,35.8720586]}},{"type":"Feature","properties":{"osm_id":"node/4107080279","name":null,"species":null,"height":null,"source":"OpenStreetMap contributors","kind":"tree"},"geometry":{"type":"Point","coordinates":[14.4382365,35.8729002]}},{"type":"Feature","properties":{"osm_id":"node/4113412840","name":null,"species":null,"height":null,"source":"OpenStreetMap contributors","kind":"tree"},"geometry":{"type":"Point","coordinates":[14.5199584,35.8711861]}},{"type":"Feature","properties":{"osm_id":"node/4113412841","name":null,"species":null,"height":null,"source":"OpenStreetMap contributors","kind":"tree"},"geometry":{"type":"Point","coordinates":[14.5199409,35.8711296]}},{"type":"Feature","properties":{"osm_id":"node/4113412842","name":null,"species":null,"height":null,"source":"OpenStreetMap contributors","kind":"tree"},"geometry":{"type":"Point","coordinates":[14.520307,35.8711003]}},{"type":"Feature","properties":{"osm_id":"node/4113412843","name":null,"species":null,"height":null,"source":"OpenStreetMap contributors","kind":"tree"},"geometry":{"type":"Point","coordinates":[14.5208475,35.8713687]}},{"type":"Feature","properties":{"osm_id":"node/4113412844","name":null,"species":null,"height":null,"source":"OpenStreetMap contributors","kind":"tree"},"geometry":{"type":"Point","coordinates":[14.5203218,35.871372]}},{"type":"Feature","properties":{"osm_id":"node/4113412845","name":null,"species":null,"height":null,"source":"OpenStreetMap contributors","kind":"tree"},"geometry":{"type":"Point","coordinates":[14.5205377,35.8717208]}},{"type":"Feature","properties":{"osm_id":"node/4113412846","name":null,"species":null,"height":null,"source":"OpenStreetMap contributors","kind":"tree"},"geometry":{"type":"Point","coordinates":[14.5206571,35.8717078]}},{"type":"Feature","properties":{"osm_id":"node/4113412847","name":null,"species":null,"height":null,"source":"OpenStreetMap contributors","kind":"tree"},"geometry":{"type":"Point","coordinates":[14.5207375,35.8716969]}},{"type":"Feature","properties":{"osm_id":"node/4113412848","name":null,"species":null,"height":null,"source":"OpenStreetMap contributors","kind":"tree"},"geometry":{"type":"Point","coordinates":[14.5208931,35.8715871]}},{"type":"Feature","properties":{"osm_id":"node/4118607067","name":null,"species":null,"height":null,"source":"OpenStreetMap contributors","kind":"tree"},"geometry":{"type":"Point","coordinates":[14.5019608,35.8712477]}},{"type":"Feature","properties":{"osm_id":"node/4118607068","name":null,"species":null,"height":null,"source":"OpenStreetMap contributors","kind":"tree"},"geometry":{"type":"Point","coordinates":[14.5020613,35.8712433]}},{"type":"Feature","properties":{"osm_id":"node/4118607069","name":null,"species":null,"height":null,"source":"OpenStreetMap contributors","kind":"tree"},"geometry":{"type":"Point","coordinates":[14.5021485,35.871264]}},{"type":"Feature","properties":{"osm_id":"node/4118607070","name":null,"species":null,"height":null,"source":"OpenStreetMap contributors","kind":"tree"},"geometry":{"type":"Point","coordinates":[14.5020627,35.8711564]}},{"type":"Feature","properties":{"osm_id":"node/4135013961","name":null,"species":null,"height":null,"source":"OpenStreetMap contributors","kind":"tree"},"geometry":{"type":"Point","coordinates":[14.4731535,35.828137]}},{"type":"Feature","properties":{"osm_id":"node/4135013962","name":null,"species":null,"height":null,"source":"OpenStreetMap contributors","kind":"tree"},"geometry":{"type":"Point","coordinates":[14.473115,35.8280983]}},{"type":"Feature","properties":{"osm_id":"node/4135015254","name":null,"species":null,"height":null,"source":"OpenStreetMap contributors","kind":"tree"},"geometry":{"type":"Point","coordinates":[14.4697688,35.8279037]}},{"type":"Feature","properties":{"osm_id":"node/4135015255","name":null,"species":null,"height":null,"source":"OpenStreetMap contributors","kind":"tree"},"geometry":{"type":"Point","coordinates":[14.4698349,35.827734]}},{"type":"Feature","properties":{"osm_id":"node/4135015256","name":null,"species":null,"height":null,"source":"OpenStreetMap contributors","kind":"tree"},"geometry":{"type":"Point","coordinates":[14.4698582,35.8280306]}},{"type":"Feature","properties":{"osm_id":"node/4146037522","name":null,"species":null,"height":null,"source":"OpenStreetMap contributors","kind":"tree"},"geometry":{"type":"Point","coordinates":[14.4434715,35.8559852]}},{"type":"Feature","properties":{"osm_id":"node/4146058506","name":null,"species":null,"height":null,"source":"OpenStreetMap contributors","kind":"tree"},"geometry":{"type":"Point","coordinates":[14.441422,35.858625]}},{"type":"Feature","properties":{"osm_id":"node/4146058507","name":null,"species":null,"height":null,"source":"OpenStreetMap contributors","kind":"tree"},"geometry":{"type":"Point","coordinates":[14.4413569,35.8586102]}},{"type":"Feature","properties":{"osm_id":"node/4146058508","name":null,"species":null,"height":null,"source":"OpenStreetMap contributors","kind":"tree"},"geometry":{"type":"Point","coordinates":[14.4413021,35.8585987]}},{"type":"Feature","properties":{"osm_id":"node/4146058509","name":null,"species":null,"height":null,"source":"OpenStreetMap contributors","kind":"tree"},"geometry":{"type":"Point","coordinates":[14.4411476,35.8585476]}},{"type":"Feature","properties":{"osm_id":"node/4146058510","name":null,"species":null,"height":null,"source":"OpenStreetMap contributors","kind":"tree"},"geometry":{"type":"Point","coordinates":[14.4421334,35.8586712]}},{"type":"Feature","properties":{"osm_id":"node/4146058511","name":null,"species":null,"height":null,"source":"OpenStreetMap contributors","kind":"tree"},"geometry":{"type":"Point","coordinates":[14.4421009,35.8587008]}},{"type":"Feature","properties":{"osm_id":"node/4146058512","name":null,"species":null,"height":null,"source":"OpenStreetMap contributors","kind":"tree"},"geometry":{"type":"Point","coordinates":[14.4420379,35.8586744]}},{"type":"Feature","properties":{"osm_id":"node/4146058513","name":null,"species":null,"height":null,"source":"OpenStreetMap contributors","kind":"tree"},"geometry":{"type":"Point","coordinates":[14.4421111,35.8586415]}},{"type":"Feature","properties":{"osm_id":"node/4224144213","name":null,"species":null,"height":null,"source":"OpenStreetMap contributors","kind":"tree"},"geometry":{"type":"Point","coordinates":[14.4014432,35.8861518]}},{"type":"Feature","properties":{"osm_id":"node/4224194639","name":null,"species":null,"height":null,"source":"OpenStreetMap contributors","kind":"tree"},"geometry":{"type":"Point","coordinates":[14.4025644,35.8858464]}},{"type":"Feature","properties":{"osm_id":"node/4245962494","name":null,"species":null,"height":null,"source":"OpenStreetMap contributors","kind":"tree"},"geometry":{"type":"Point","coordinates":[14.5292721,35.8295586]}},{"type":"Feature","properties":{"osm_id":"node/4423405946","name":null,"species":null,"height":null,"source":"OpenStreetMap contributors","kind":"tree"},"geometry":{"type":"Point","coordinates":[14.4415593,35.9135389]}},{"type":"Feature","properties":{"osm_id":"node/4423405947","name":null,"species":null,"height":null,"source":"OpenStreetMap contributors","kind":"tree"},"geometry":{"type":"Point","coordinates":[14.4416358,35.9135454]}},{"type":"Feature","properties":{"osm_id":"node/4423405948","name":null,"species":null,"height":null,"source":"OpenStreetMap contributors","kind":"tree"},"geometry":{"type":"Point","coordinates":[14.4417001,35.9135509]}},{"type":"Feature","properties":{"osm_id":"node/4423405949","name":null,"species":null,"height":null,"source":"OpenStreetMap contributors","kind":"tree"},"geometry":{"type":"Point","coordinates":[14.4417645,35.9135585]}},{"type":"Feature","properties":{"osm_id":"node/4423405950","name":null,"species":null,"height":null,"source":"OpenStreetMap contributors","kind":"tree"},"geometry":{"type":"Point","coordinates":[14.4413367,35.9135324]}},{"type":"Feature","properties":{"osm_id":"node/4423405951","name":null,"species":null,"height":null,"source":"OpenStreetMap contributors","kind":"tree"},"geometry":{"type":"Point","coordinates":[14.4421038,35.9135802]}},{"type":"Feature","properties":{"osm_id":"node/4423416501","name":null,"species":null,"height":null,"source":"OpenStreetMap contributors","kind":"tree"},"geometry":{"type":"Point","coordinates":[14.4556577,35.8973818]}},{"type":"Feature","properties":{"osm_id":"node/4423416516","name":null,"species":null,"height":null,"source":"OpenStreetMap contributors","kind":"tree"},"geometry":{"type":"Point","coordinates":[14.4516856,35.871722]}},{"type":"Feature","properties":{"osm_id":"node/4423416517","name":null,"species":null,"height":null,"source":"OpenStreetMap contributors","kind":"tree"},"geometry":{"type":"Point","coordinates":[14.4516624,35.8716421]}},{"type":"Feature","properties":{"osm_id":"node/4423416518","name":null,"species":null,"height":null,"source":"OpenStreetMap contributors","kind":"tree"},"geometry":{"type":"Point","coordinates":[14.4516363,35.8715885]}},{"type":"Feature","properties":{"osm_id":"node/4440091166","name":null,"species":null,"height":null,"source":"OpenStreetMap contributors","kind":"tree"},"geometry":{"type":"Point","coordinates":[14.4413687,35.8901077]}},{"type":"Feature","properties":{"osm_id":"node/4440091167","name":null,"species":null,"height":null,"source":"OpenStreetMap contributors","kind":"tree"},"geometry":{"type":"Point","coordinates":[14.4413218,35.8900904]}},{"type":"Feature","properties":{"osm_id":"node/4440091168","name":null,"species":null,"height":null,"source":"OpenStreetMap contributors","kind":"tree"},"geometry":{"type":"Point","coordinates":[14.4412708,35.8900914]}},{"type":"Feature","properties":{"osm_id":"node/4440091169","name":null,"species":null,"height":null,"source":"OpenStreetMap contributors","kind":"tree"},"geometry":{"type":"Point","coordinates":[14.4412319,35.8901229]}},{"type":"Feature","properties":{"osm_id":"node/4440091170","name":null,"species":null,"height":null,"source":"OpenStreetMap contributors","kind":"tree"},"geometry":{"type":"Point","coordinates":[14.4412346,35.8901621]}},{"type":"Feature","properties":{"osm_id":"node/4440091171","name":null,"species":null,"height":null,"source":"OpenStreetMap contributors","kind":"tree"},"geometry":{"type":"Point","coordinates":[14.4412359,35.8902023]}},{"type":"Feature","properties":{"osm_id":"node/4440091172","name":null,"species":null,"height":null,"source":"OpenStreetMap contributors","kind":"tree"},"geometry":{"type":"Point","coordinates":[14.4412373,35.8902446]}},{"type":"Feature","properties":{"osm_id":"node/4440091175","name":null,"species":null,"height":null,"source":"OpenStreetMap contributors","kind":"tree"},"geometry":{"type":"Point","coordinates":[14.4414156,35.8900762]}},{"type":"Feature","properties":{"osm_id":"node/4440091176","name":null,"species":null,"height":null,"source":"OpenStreetMap contributors","kind":"tree"},"geometry":{"type":"Point","coordinates":[14.4414371,35.8900415]}},{"type":"Feature","properties":{"osm_id":"node/4440091177","name":null,"species":null,"height":null,"source":"OpenStreetMap contributors","kind":"tree"},"geometry":{"type":"Point","coordinates":[14.4411219,35.8899556]}},{"type":"Feature","properties":{"osm_id":"node/4440091178","name":null,"species":null,"height":null,"source":"OpenStreetMap contributors","kind":"tree"},"geometry":{"type":"Point","coordinates":[14.4411286,35.8901219]}},{"type":"Feature","properties":{"osm_id":"node/4440091179","name":null,"species":null,"height":null,"source":"OpenStreetMap contributors","kind":"tree"},"geometry":{"type":"Point","coordinates":[14.44113,35.8901631]}},{"type":"Feature","properties":{"osm_id":"node/4440091180","name":null,"species":null,"height":null,"source":"OpenStreetMap contributors","kind":"tree"},"geometry":{"type":"Point","coordinates":[14.4411273,35.8902023]}},{"type":"Feature","properties":{"osm_id":"node/4440091181","name":null,"species":null,"height":null,"source":"OpenStreetMap contributors","kind":"tree"},"geometry":{"type":"Point","coordinates":[14.4411327,35.8902837]}},{"type":"Feature","properties":{"osm_id":"node/4440091182","name":null,"species":null,"height":null,"source":"OpenStreetMap contributors","kind":"tree"},"geometry":{"type":"Point","coordinates":[14.441134,35.8902446]}},{"type":"Feature","properties":{"osm_id":"node/4440091183","name":null,"species":null,"height":null,"source":"OpenStreetMap contributors","kind":"tree"},"geometry":{"type":"Point","coordinates":[14.4410495,35.8900599]}},{"type":"Feature","properties":{"osm_id":"node/4440091184","name":null,"species":null,"height":null,"source":"OpenStreetMap contributors","kind":"tree"},"geometry":{"type":"Point","coordinates":[14.441016,35.8900458]}},{"type":"Feature","properties":{"osm_id":"node/4440091185","name":null,"species":null,"height":null,"source":"OpenStreetMap contributors","kind":"tree"},"geometry":{"type":"Point","coordinates":[14.4409865,35.8900176]}},{"type":"Feature","properties":{"osm_id":"node/4440091186","name":null,"species":null,"height":null,"source":"OpenStreetMap contributors","kind":"tree"},"geometry":{"type":"Point","coordinates":[14.4409691,35.889985]}},{"type":"Feature","properties":{"osm_id":"node/4440091187","name":null,"species":null,"height":null,"source":"OpenStreetMap contributors","kind":"tree"},"geometry":{"type":"Point","coordinates":[14.440953,35.8899393]}},{"type":"Feature","properties":{"osm_id":"node/4440091188","name":null,"species":null,"height":null,"source":"OpenStreetMap contributors","kind":"tree"},"geometry":{"type":"Point","coordinates":[14.4411461,35.8905293]}},{"type":"Feature","properties":{"osm_id":"node/4440091589","name":null,"species":null,"height":null,"source":"OpenStreetMap contributors","kind":"tree"},"geometry":{"type":"Point","coordinates":[14.4411461,35.8904956]}},{"type":"Feature","properties":{"osm_id":"node/4440091590","name":null,"species":null,"height":null,"source":"OpenStreetMap contributors","kind":"tree"},"geometry":{"type":"Point","coordinates":[14.4411501,35.8904511]}},{"type":"Feature","properties":{"osm_id":"node/4440091591","name":null,"species":null,"height":null,"source":"OpenStreetMap contributors","kind":"tree"},"geometry":{"type":"Point","coordinates":[14.4411541,35.8908292]}},{"type":"Feature","properties":{"osm_id":"node/4440091592","name":null,"species":null,"height":null,"source":"OpenStreetMap contributors","kind":"tree"},"geometry":{"type":"Point","coordinates":[14.4411608,35.890877]}},{"type":"Feature","properties":{"osm_id":"node/4440091593","name":null,"species":null,"height":null,"source":"OpenStreetMap contributors","kind":"tree"},"geometry":{"type":"Point","coordinates":[14.4411622,35.8909552]}},{"type":"Feature","properties":{"osm_id":"node/4440091594","name":null,"species":null,"height":null,"source":"OpenStreetMap contributors","kind":"tree"},"geometry":{"type":"Point","coordinates":[14.4411689,35.8909986]}},{"type":"Feature","properties":{"osm_id":"node/4440091595","name":null,"species":null,"height":null,"source":"OpenStreetMap contributors","kind":"tree"},"geometry":{"type":"Point","coordinates":[14.4411662,35.8910454]}},{"type":"Feature","properties":{"osm_id":"node/4440091596","name":null,"species":null,"height":null,"source":"OpenStreetMap contributors","kind":"tree"},"geometry":{"type":"Point","coordinates":[14.4411702,35.8911258]}},{"type":"Feature","properties":{"osm_id":"node/4440091597","name":null,"species":null,"height":null,"source":"OpenStreetMap contributors","kind":"tree"},"geometry":{"type":"Point","coordinates":[14.4411702,35.8911649]}},{"type":"Feature","properties":{"osm_id":"node/4440091598","name":null,"species":null,"height":null,"source":"OpenStreetMap contributors","kind":"tree"},"geometry":{"type":"Point","coordinates":[14.4411742,35.8912138]}},{"type":"Feature","properties":{"osm_id":"node/4440091599","name":null,"species":null,"height":null,"source":"OpenStreetMap contributors","kind":"tree"},"geometry":{"type":"Point","coordinates":[14.4412695,35.890991]}},{"type":"Feature","properties":{"osm_id":"node/4441744526","name":null,"species":null,"height":null,"source":"OpenStreetMap contributors","kind":"tree"},"geometry":{"type":"Point","coordinates":[14.5246293,35.8311272]}},{"type":"Feature","properties":{"osm_id":"node/4445556270","name":null,"species":null,"height":null,"source":"OpenStreetMap contributors","kind":"tree"},"geometry":{"type":"Point","coordinates":[14.5198378,35.8464757]}},{"type":"Feature","properties":{"osm_id":"node/4445556271","name":null,"species":null,"height":null,"source":"OpenStreetMap contributors","kind":"tree"},"geometry":{"type":"Point","coordinates":[14.5198662,35.8465561]}},{"type":"Feature","properties":{"osm_id":"node/4445556272","name":null,"species":null,"height":null,"source":"OpenStreetMap contributors","kind":"tree"},"geometry":{"type":"Point","coordinates":[14.5199033,35.8467067]}},{"type":"Feature","properties":{"osm_id":"node/4445556273","name":null,"species":null,"height":null,"source":"OpenStreetMap contributors","kind":"tree"},"geometry":{"type":"Point","coordinates":[14.5200254,35.8466981]}},{"type":"Feature","properties":{"osm_id":"node/4445556274","name":null,"species":null,"height":null,"source":"OpenStreetMap contributors","kind":"tree"},"geometry":{"type":"Point","coordinates":[14.5199759,35.8464126]}},{"type":"Feature","properties":{"osm_id":"node/4445556275","name":null,"species":null,"height":null,"source":"OpenStreetMap contributors","kind":"tree"},"geometry":{"type":"Point","coordinates":[14.5199989,35.846513]}},{"type":"Feature","properties":{"osm_id":"node/4445556276","name":null,"species":null,"height":null,"source":"OpenStreetMap contributors","kind":"tree"},"geometry":{"type":"Point","coordinates":[14.5199511,35.8462606]}},{"type":"Feature","properties":{"osm_id":"node/4445556277","name":null,"species":null,"height":null,"source":"OpenStreetMap contributors","kind":"tree"},"geometry":{"type":"Point","coordinates":[14.5199246,35.8461673]}},{"type":"Feature","properties":{"osm_id":"node/4445556278","name":null,"species":null,"height":null,"source":"OpenStreetMap contributors","kind":"tree"},"geometry":{"type":"Point","coordinates":[14.5198998,35.8461143]}},{"type":"Feature","properties":{"osm_id":"node/4445556279","name":null,"species":null,"height":null,"source":"OpenStreetMap contributors","kind":"tree"},"geometry":{"type":"Point","coordinates":[14.5190521,35.8462606]}},{"type":"Feature","properties":{"osm_id":"node/4445621049","name":null,"species":null,"height":null,"source":"OpenStreetMap contributors","kind":"tree"},"geometry":{"type":"Point","coordinates":[14.5200978,35.8500266]}},{"type":"Feature","properties":{"osm_id":"node/4445621830","name":null,"species":null,"height":null,"source":"OpenStreetMap contributors","kind":"tree"},"geometry":{"type":"Point","coordinates":[14.5167203,35.8473516]}},{"type":"Feature","properties":{"osm_id":"node/4448972693","name":null,"species":null,"height":null,"source":"OpenStreetMap contributors","kind":"tree"},"geometry":{"type":"Point","coordinates":[14.4312318,35.8577899]}},{"type":"Feature","properties":{"osm_id":"node/4448972694","name":null,"species":null,"height":null,"source":"OpenStreetMap contributors","kind":"tree"},"geometry":{"type":"Point","coordinates":[14.4313624,35.857836]}},{"type":"Feature","properties":{"osm_id":"node/4448972695","name":null,"species":null,"height":null,"source":"OpenStreetMap contributors","kind":"tree"},"geometry":{"type":"Point","coordinates":[14.4314872,35.8578735]}},{"type":"Feature","properties":{"osm_id":"node/4448972696","name":null,"species":null,"height":null,"source":"OpenStreetMap contributors","kind":"tree"},"geometry":{"type":"Point","coordinates":[14.4316474,35.8579347]}},{"type":"Feature","properties":{"osm_id":"node/4448972697","name":null,"species":null,"height":null,"source":"OpenStreetMap contributors","kind":"tree"},"geometry":{"type":"Point","coordinates":[14.4317321,35.8579571]}},{"type":"Feature","properties":{"osm_id":"node/4448972698","name":null,"species":null,"height":null,"source":"OpenStreetMap contributors","kind":"tree"},"geometry":{"type":"Point","coordinates":[14.4318061,35.8579771]}},{"type":"Feature","properties":{"osm_id":"node/4448972699","name":null,"species":null,"height":null,"source":"OpenStreetMap contributors","kind":"tree"},"geometry":{"type":"Point","coordinates":[14.4318862,35.8579984]}},{"type":"Feature","properties":{"osm_id":"node/4448972700","name":null,"species":null,"height":null,"source":"OpenStreetMap contributors","kind":"tree"},"geometry":{"type":"Point","coordinates":[14.4316628,35.857886]}},{"type":"Feature","properties":{"osm_id":"node/4448972701","name":null,"species":null,"height":null,"source":"OpenStreetMap contributors","kind":"tree"},"geometry":{"type":"Point","coordinates":[14.4317337,35.857906]}},{"type":"Feature","properties":{"osm_id":"node/4448972702","name":null,"species":null,"height":null,"source":"OpenStreetMap contributors","kind":"tree"},"geometry":{"type":"Point","coordinates":[14.4318169,35.8579309]}},{"type":"Feature","properties":{"osm_id":"node/4448972703","name":null,"species":null,"height":null,"source":"OpenStreetMap contributors","kind":"tree"},"geometry":{"type":"Point","coordinates":[14.4318923,35.8579559]}},{"type":"Feature","properties":{"osm_id":"node/4448972704","name":null,"species":null,"height":null,"source":"OpenStreetMap contributors","kind":"tree"},"geometry":{"type":"Point","coordinates":[14.431994,35.8580221]}},{"type":"Feature","properties":{"osm_id":"node/4448972705","name":null,"species":null,"height":null,"source":"OpenStreetMap contributors","kind":"tree"},"geometry":{"type":"Point","coordinates":[14.4321173,35.8580595]}},{"type":"Feature","properties":{"osm_id":"node/4448972706","name":null,"species":null,"height":null,"source":"OpenStreetMap contributors","kind":"tree"},"geometry":{"type":"Point","coordinates":[14.4322528,35.858097]}},{"type":"Feature","properties":{"osm_id":"node/4448972707","name":null,"species":null,"height":null,"source":"OpenStreetMap contributors","kind":"tree"},"geometry":{"type":"Point","coordinates":[14.4323761,35.8581307]}},{"type":"Feature","properties":{"osm_id":"node/4448972708","name":null,"species":null,"height":null,"source":"OpenStreetMap contributors","kind":"tree"},"geometry":{"type":"Point","coordinates":[14.4325116,35.8581669]}},{"type":"Feature","properties":{"osm_id":"node/4448972709","name":null,"species":null,"height":null,"source":"OpenStreetMap contributors","kind":"tree"},"geometry":{"type":"Point","coordinates":[14.4326842,35.8581694]}},{"type":"Feature","properties":{"osm_id":"node/4448972710","name":null,"species":null,"height":null,"source":"OpenStreetMap contributors","kind":"tree"},"geometry":{"type":"Point","coordinates":[14.4326564,35.8582318]}},{"type":"Feature","properties":{"osm_id":"node/4448972711","name":null,"species":null,"height":null,"source":"OpenStreetMap contributors","kind":"tree"},"geometry":{"type":"Point","coordinates":[14.4327597,35.8581969]}},{"type":"Feature","properties":{"osm_id":"node/4448972712","name":null,"species":null,"height":null,"source":"OpenStreetMap contributors","kind":"tree"},"geometry":{"type":"Point","coordinates":[14.4328321,35.8582193]}},{"type":"Feature","properties":{"osm_id":"node/4448972713","name":null,"species":null,"height":null,"source":"OpenStreetMap contributors","kind":"tree"},"geometry":{"type":"Point","coordinates":[14.4328105,35.8582793]}},{"type":"Feature","properties":{"osm_id":"node/4448972714","name":null,"species":null,"height":null,"source":"OpenStreetMap contributors","kind":"tree"},"geometry":{"type":"Point","coordinates":[14.4327366,35.8582568]}},{"type":"Feature","properties":{"osm_id":"node/4448972715","name":null,"species":null,"height":null,"source":"OpenStreetMap contributors","kind":"tree"},"geometry":{"type":"Point","coordinates":[14.4309326,35.8577524]}},{"type":"Feature","properties":{"osm_id":"node/4448972716","name":null,"species":null,"height":null,"source":"OpenStreetMap contributors","kind":"tree"},"geometry":{"type":"Point","coordinates":[14.4308664,35.8577312]}},{"type":"Feature","properties":{"osm_id":"node/4448972717","name":null,"species":null,"height":null,"source":"OpenStreetMap contributors","kind":"tree"},"geometry":{"type":"Point","coordinates":[14.4307832,35.8577099]}},{"type":"Feature","properties":{"osm_id":"node/4448972718","name":null,"species":null,"height":null,"source":"OpenStreetMap contributors","kind":"tree"},"geometry":{"type":"Point","coordinates":[14.4308063,35.8576488]}},{"type":"Feature","properties":{"osm_id":"node/4448972719","name":null,"species":null,"height":null,"source":"OpenStreetMap contributors","kind":"tree"},"geometry":{"type":"Point","coordinates":[14.4308941,35.8576662]}},{"type":"Feature","properties":{"osm_id":"node/4448972720","name":null,"species":null,"height":null,"source":"OpenStreetMap contributors","kind":"tree"},"geometry":{"type":"Point","coordinates":[14.430965,35.8576862]}},{"type":"Feature","properties":{"osm_id":"node/4449361018","name":null,"species":null,"height":null,"source":"OpenStreetMap contributors","kind":"tree"},"geometry":{"type":"Point","coordinates":[14.5284136,35.8882196]}},{"type":"Feature","properties":{"osm_id":"node/4449404937","name":null,"species":null,"height":null,"source":"OpenStreetMap contributors","kind":"tree"},"geometry":{"type":"Point","coordinates":[14.5178277,35.8974491]}},{"type":"Feature","properties":{"osm_id":"node/4449477541","name":null,"species":null,"height":null,"source":"OpenStreetMap contributors","kind":"tree"},"geometry":{"type":"Point","coordinates":[14.5093746,35.8996098]}},{"type":"Feature","properties":{"osm_id":"node/4449477542","name":null,"species":null,"height":null,"source":"OpenStreetMap contributors","kind":"tree"},"geometry":{"type":"Point","coordinates":[14.5101387,35.8997258]}},{"type":"Feature","properties":{"osm_id":"node/4449477543","name":null,"species":null,"height":null,"source":"OpenStreetMap contributors","kind":"tree"},"geometry":{"type":"Point","coordinates":[14.5098876,35.8998631]}},{"type":"Feature","properties":{"osm_id":"node/4452916352","name":null,"species":null,"height":null,"source":"OpenStreetMap contributors","kind":"tree"},"geometry":{"type":"Point","coordinates":[14.4492199,35.8718082]}},{"type":"Feature","properties":{"osm_id":"node/4452916353","name":null,"species":null,"height":null,"source":"OpenStreetMap contributors","kind":"tree"},"geometry":{"type":"Point","coordinates":[14.4492724,35.8719406]}},{"type":"Feature","properties":{"osm_id":"node/4452916354","name":null,"species":null,"height":null,"source":"OpenStreetMap contributors","kind":"tree"},"geometry":{"type":"Point","coordinates":[14.4491767,35.871742]}},{"type":"Feature","properties":{"osm_id":"node/4452916355","name":null,"species":null,"height":null,"source":"OpenStreetMap contributors","kind":"tree"},"geometry":{"type":"Point","coordinates":[14.4492748,35.8717666]}},{"type":"Feature","properties":{"osm_id":"node/4452916361","name":null,"species":null,"height":null,"source":"OpenStreetMap contributors","kind":"tree"},"geometry":{"type":"Point","coordinates":[14.4516938,35.8712485]}},{"type":"Feature","properties":{"osm_id":"node/4452930445","name":null,"species":null,"height":null,"source":"OpenStreetMap contributors","kind":"tree"},"geometry":{"type":"Point","coordinates":[14.4414532,35.8745479]}},{"type":"Feature","properties":{"osm_id":"node/4452930446","name":null,"species":null,"height":null,"source":"OpenStreetMap contributors","kind":"tree"},"geometry":{"type":"Point","coordinates":[14.4414339,35.8744359]}},{"type":"Feature","properties":{"osm_id":"node/4452930447","name":null,"species":null,"height":null,"source":"OpenStreetMap contributors","kind":"tree"},"geometry":{"type":"Point","coordinates":[14.441437,35.8743511]}},{"type":"Feature","properties":{"osm_id":"node/4452930448","name":null,"species":null,"height":null,"source":"OpenStreetMap contributors","kind":"tree"},"geometry":{"type":"Point","coordinates":[14.4414105,35.8742547]}},{"type":"Feature","properties":{"osm_id":"node/4452930449","name":null,"species":null,"height":null,"source":"OpenStreetMap contributors","kind":"tree"},"geometry":{"type":"Point","coordinates":[14.4413963,35.8742053]}},{"type":"Feature","properties":{"osm_id":"node/4452930450","name":null,"species":null,"height":null,"source":"OpenStreetMap contributors","kind":"tree"},"geometry":{"type":"Point","coordinates":[14.4414237,35.874174]}},{"type":"Feature","properties":{"osm_id":"node/4452930451","name":null,"species":null,"height":null,"source":"OpenStreetMap contributors","kind":"tree"},"geometry":{"type":"Point","coordinates":[14.4416656,35.8745158]}},{"type":"Feature","properties":{"osm_id":"node/4452930452","name":null,"species":null,"height":null,"source":"OpenStreetMap contributors","kind":"tree"},"geometry":{"type":"Point","coordinates":[14.4417175,35.8745035]}},{"type":"Feature","properties":{"osm_id":"node/4452930453","name":null,"species":null,"height":null,"source":"OpenStreetMap contributors","kind":"tree"},"geometry":{"type":"Point","coordinates":[14.4417205,35.8744005]}},{"type":"Feature","properties":{"osm_id":"node/4452930454","name":null,"species":null,"height":null,"source":"OpenStreetMap contributors","kind":"tree"},"geometry":{"type":"Point","coordinates":[14.4415803,35.8744376]}},{"type":"Feature","properties":{"osm_id":"node/4452930455","name":null,"species":null,"height":null,"source":"OpenStreetMap contributors","kind":"tree"},"geometry":{"type":"Point","coordinates":[14.4419075,35.8741889]}},{"type":"Feature","properties":{"osm_id":"node/4452930456","name":null,"species":null,"height":null,"source":"OpenStreetMap contributors","kind":"tree"},"geometry":{"type":"Point","coordinates":[14.4419096,35.8742547]}},{"type":"Feature","properties":{"osm_id":"node/4452930457","name":null,"species":null,"height":null,"source":"OpenStreetMap contributors","kind":"tree"},"geometry":{"type":"Point","coordinates":[14.4418577,35.8742539]}},{"type":"Feature","properties":{"osm_id":"node/4452930458","name":null,"species":null,"height":null,"source":"OpenStreetMap contributors","kind":"tree"},"geometry":{"type":"Point","coordinates":[14.4418547,35.8741979]}},{"type":"Feature","properties":{"osm_id":"node/4457794157","name":null,"species":null,"height":null,"source":"OpenStreetMap contributors","kind":"tree"},"geometry":{"type":"Point","coordinates":[14.5115422,35.8687975]}},{"type":"Feature","properties":{"osm_id":"node/4457794158","name":null,"species":null,"height":null,"source":"OpenStreetMap contributors","kind":"tree"},"geometry":{"type":"Point","coordinates":[14.5114822,35.8688293]}},{"type":"Feature","properties":{"osm_id":"node/4457794159","name":null,"species":null,"height":null,"source":"OpenStreetMap contributors","kind":"tree"},"geometry":{"type":"Point","coordinates":[14.511468,35.8687914]}},{"type":"Feature","properties":{"osm_id":"node/4467966334","name":null,"species":null,"height":null,"source":"OpenStreetMap contributors","kind":"tree"},"geometry":{"type":"Point","coordinates":[14.4751539,35.8269592]}},{"type":"Feature","properties":{"osm_id":"node/4467966335","name":null,"species":null,"height":null,"source":"OpenStreetMap contributors","kind":"tree"},"geometry":{"type":"Point","coordinates":[14.4752142,35.8269897]}},{"type":"Feature","properties":{"osm_id":"node/4467966336","name":null,"species":null,"height":null,"source":"OpenStreetMap contributors","kind":"tree"},"geometry":{"type":"Point","coordinates":[14.4752813,35.8269788]}},{"type":"Feature","properties":{"osm_id":"node/4467966337","name":null,"species":null,"height":null,"source":"OpenStreetMap contributors","kind":"tree"},"geometry":{"type":"Point","coordinates":[14.4752357,35.8268211]}},{"type":"Feature","properties":{"osm_id":"node/4472269952","name":null,"species":null,"height":null,"source":"OpenStreetMap contributors","kind":"tree"},"geometry":{"type":"Point","coordinates":[14.5313744,35.8618923]}},{"type":"Feature","properties":{"osm_id":"node/4472269953","name":null,"species":null,"height":null,"source":"OpenStreetMap contributors","kind":"tree"},"geometry":{"type":"Point","coordinates":[14.5314643,35.8617277]}},{"type":"Feature","properties":{"osm_id":"node/4472269954","name":null,"species":null,"height":null,"source":"OpenStreetMap contributors","kind":"tree"},"geometry":{"type":"Point","coordinates":[14.5315425,35.8615962]}},{"type":"Feature","properties":{"osm_id":"node/4472269955","name":null,"species":null,"height":null,"source":"OpenStreetMap contributors","kind":"tree"},"geometry":{"type":"Point","coordinates":[14.531581,35.8615271]}},{"type":"Feature","properties":{"osm_id":"node/4472269957","name":null,"species":null,"height":null,"source":"OpenStreetMap contributors","kind":"tree"},"geometry":{"type":"Point","coordinates":[14.531058,35.8625111]}},{"type":"Feature","properties":{"osm_id":"node/4472269958","name":null,"species":null,"height":null,"source":"OpenStreetMap contributors","kind":"tree"},"geometry":{"type":"Point","coordinates":[14.5311666,35.8623068]}},{"type":"Feature","properties":{"osm_id":"node/4472269959","name":null,"species":null,"height":null,"source":"OpenStreetMap contributors","kind":"tree"},"geometry":{"type":"Point","coordinates":[14.5309132,35.8628007]}},{"type":"Feature","properties":{"osm_id":"node/4472269960","name":null,"species":null,"height":null,"source":"OpenStreetMap contributors","kind":"tree"},"geometry":{"type":"Point","coordinates":[14.5307801,35.8630505]}},{"type":"Feature","properties":{"osm_id":"node/4472269961","name":null,"species":null,"height":null,"source":"OpenStreetMap contributors","kind":"tree"},"geometry":{"type":"Point","coordinates":[14.5303913,35.8638225]}},{"type":"Feature","properties":{"osm_id":"node/4472269962","name":null,"species":null,"height":null,"source":"OpenStreetMap contributors","kind":"tree"},"geometry":{"type":"Point","coordinates":[14.5303271,35.863919]}},{"type":"Feature","properties":{"osm_id":"node/4472269963","name":null,"species":null,"height":null,"source":"OpenStreetMap contributors","kind":"tree"},"geometry":{"type":"Point","coordinates":[14.5302979,35.8639957]}},{"type":"Feature","properties":{"osm_id":"node/4472269964","name":null,"species":null,"height":null,"source":"OpenStreetMap contributors","kind":"tree"},"geometry":{"type":"Point","coordinates":[14.5302162,35.8641641]}},{"type":"Feature","properties":{"osm_id":"node/4475112841","name":null,"species":null,"height":null,"source":"OpenStreetMap contributors","kind":"tree"},"geometry":{"type":"Point","coordinates":[14.5337264,35.8859851]}},{"type":"Feature","properties":{"osm_id":"node/4485592122","name":null,"species":null,"height":null,"source":"OpenStreetMap contributors","kind":"tree"},"geometry":{"type":"Point","coordinates":[14.414703,35.9355008]}},{"type":"Feature","properties":{"osm_id":"node/4485592123","name":null,"species":null,"height":null,"source":"OpenStreetMap contributors","kind":"tree"},"geometry":{"type":"Point","coordinates":[14.4144964,35.935738]}},{"type":"Feature","properties":{"osm_id":"node/4485592124","name":null,"species":null,"height":null,"source":"OpenStreetMap contributors","kind":"tree"},"geometry":{"type":"Point","coordinates":[14.4148957,35.9346065]}},{"type":"Feature","properties":{"osm_id":"node/4485592125","name":null,"species":null,"height":null,"source":"OpenStreetMap contributors","kind":"tree"},"geometry":{"type":"Point","coordinates":[14.4148525,35.9346906]}},{"type":"Feature","properties":{"osm_id":"node/4485592126","name":null,"species":null,"height":null,"source":"OpenStreetMap contributors","kind":"tree"},"geometry":{"type":"Point","coordinates":[14.4147614,35.934891]}},{"type":"Feature","properties":{"osm_id":"node/4485592127","name":null,"species":null,"height":null,"source":"OpenStreetMap contributors","kind":"tree"},"geometry":{"type":"Point","coordinates":[14.4148221,35.9348636]}},{"type":"Feature","properties":{"osm_id":"node/4485592128","name":null,"species":null,"height":null,"source":"OpenStreetMap contributors","kind":"tree"},"geometry":{"type":"Point","coordinates":[14.4143971,35.9348012]}},{"type":"Feature","properties":{"osm_id":"node/4485592129","name":null,"species":null,"height":null,"source":"OpenStreetMap contributors","kind":"tree"},"geometry":{"type":"Point","coordinates":[14.4144579,35.9347114]}},{"type":"Feature","properties":{"osm_id":"node/4485592130","name":null,"species":null,"height":null,"source":"OpenStreetMap contributors","kind":"tree"},"geometry":{"type":"Point","coordinates":[14.4144917,35.9346594]}},{"type":"Feature","properties":{"osm_id":"node/4485592131","name":null,"species":null,"height":null,"source":"OpenStreetMap contributors","kind":"tree"},"geometry":{"type":"Point","coordinates":[14.4145232,35.9345952]}},{"type":"Feature","properties":{"osm_id":"node/4485592132","name":null,"species":null,"height":null,"source":"OpenStreetMap contributors","kind":"tree"},"geometry":{"type":"Point","coordinates":[14.4145641,35.9345621]}},{"type":"Feature","properties":{"osm_id":"node/4486505059","name":null,"species":null,"height":null,"source":"OpenStreetMap contributors","kind":"tree"},"geometry":{"type":"Point","coordinates":[14.3891836,35.8838915]}},{"type":"Feature","properties":{"osm_id":"node/4486505060","name":null,"species":null,"height":null,"source":"OpenStreetMap contributors","kind":"tree"},"geometry":{"type":"Point","coordinates":[14.3899493,35.883949]}},{"type":"Feature","properties":{"osm_id":"node/4488070829","name":null,"species":null,"height":null,"source":"OpenStreetMap contributors","kind":"tree"},"geometry":{"type":"Point","coordinates":[14.4534868,35.9191686]}},{"type":"Feature","properties":{"osm_id":"node/4500090733","name":null,"species":null,"height":null,"source":"OpenStreetMap contributors","kind":"tree"},"geometry":{"type":"Point","coordinates":[14.4817053,35.8646883]}},{"type":"Feature","properties":{"osm_id":"node/4500090734","name":null,"species":null,"height":null,"source":"OpenStreetMap contributors","kind":"tree"},"geometry":{"type":"Point","coordinates":[14.4819387,35.8647108]}},{"type":"Feature","properties":{"osm_id":"node/4500090735","name":null,"species":null,"height":null,"source":"OpenStreetMap contributors","kind":"tree"},"geometry":{"type":"Point","coordinates":[14.4819533,35.8645579]}},{"type":"Feature","properties":{"osm_id":"node/4500090736","name":null,"species":null,"height":null,"source":"OpenStreetMap contributors","kind":"tree"},"geometry":{"type":"Point","coordinates":[14.4819356,35.8648057]}},{"type":"Feature","properties":{"osm_id":"node/4500090737","name":null,"species":null,"height":null,"source":"OpenStreetMap contributors","kind":"tree"},"geometry":{"type":"Point","coordinates":[14.4816699,35.865207]}},{"type":"Feature","properties":{"osm_id":"node/4500090738","name":null,"species":null,"height":null,"source":"OpenStreetMap contributors","kind":"tree"},"geometry":{"type":"Point","coordinates":[14.4819079,35.8655304]}},{"type":"Feature","properties":{"osm_id":"node/4500090739","name":null,"species":null,"height":null,"source":"OpenStreetMap contributors","kind":"tree"},"geometry":{"type":"Point","coordinates":[14.4819795,35.865551]}},{"type":"Feature","properties":{"osm_id":"node/4500090740","name":null,"species":null,"height":null,"source":"OpenStreetMap contributors","kind":"tree"},"geometry":{"type":"Point","coordinates":[14.481827,35.8655647]}},{"type":"Feature","properties":{"osm_id":"node/4510212718","name":null,"species":null,"height":null,"source":"OpenStreetMap contributors","kind":"tree"},"geometry":{"type":"Point","coordinates":[14.4772042,35.8880996]}},{"type":"Feature","properties":{"osm_id":"node/4510212719","name":null,"species":null,"height":null,"source":"OpenStreetMap contributors","kind":"tree"},"geometry":{"type":"Point","coordinates":[14.4771283,35.8879984]}},{"type":"Feature","properties":{"osm_id":"node/4510212951","name":null,"species":null,"height":null,"source":"OpenStreetMap contributors","kind":"tree"},"geometry":{"type":"Point","coordinates":[14.4735032,35.8881862]}},{"type":"Feature","properties":{"osm_id":"node/4510212952","name":null,"species":null,"height":null,"source":"OpenStreetMap contributors","kind":"tree"},"geometry":{"type":"Point","coordinates":[14.4734767,35.8877461]}},{"type":"Feature","properties":{"osm_id":"node/4510212953","name":null,"species":null,"height":null,"source":"OpenStreetMap contributors","kind":"tree"},"geometry":{"type":"Point","coordinates":[14.4728759,35.8876944]}},{"type":"Feature","properties":{"osm_id":"node/4544955070","name":null,"species":null,"height":null,"source":"OpenStreetMap contributors","kind":"tree"},"geometry":{"type":"Point","coordinates":[14.4671196,35.8752938]}},{"type":"Feature","properties":{"osm_id":"node/4544955071","name":null,"species":null,"height":null,"source":"OpenStreetMap contributors","kind":"tree"},"geometry":{"type":"Point","coordinates":[14.4670223,35.8753139]}},{"type":"Feature","properties":{"osm_id":"node/4544955072","name":null,"species":null,"height":null,"source":"OpenStreetMap contributors","kind":"tree"},"geometry":{"type":"Point","coordinates":[14.4668046,35.8753375]}},{"type":"Feature","properties":{"osm_id":"node/4544955073","name":null,"species":null,"height":null,"source":"OpenStreetMap contributors","kind":"tree"},"geometry":{"type":"Point","coordinates":[14.4665914,35.8753605]}},{"type":"Feature","properties":{"osm_id":"node/4546267525","name":null,"species":null,"height":null,"source":"OpenStreetMap contributors","kind":"tree"},"geometry":{"type":"Point","coordinates":[14.511483,35.8435966]}},{"type":"Feature","properties":{"osm_id":"node/4546267526","name":null,"species":null,"height":null,"source":"OpenStreetMap contributors","kind":"tree"},"geometry":{"type":"Point","coordinates":[14.5115429,35.843576]}},{"type":"Feature","properties":{"osm_id":"node/4546267527","name":null,"species":null,"height":null,"source":"OpenStreetMap contributors","kind":"tree"},"geometry":{"type":"Point","coordinates":[14.5116069,35.8435571]}},{"type":"Feature","properties":{"osm_id":"node/4546267528","name":null,"species":null,"height":null,"source":"OpenStreetMap contributors","kind":"tree"},"geometry":{"type":"Point","coordinates":[14.5116659,35.8435365]}},{"type":"Feature","properties":{"osm_id":"node/4546267529","name":null,"species":null,"height":null,"source":"OpenStreetMap contributors","kind":"tree"},"geometry":{"type":"Point","coordinates":[14.5117228,35.8435175]}},{"type":"Feature","properties":{"osm_id":"node/4546267530","name":null,"species":null,"height":null,"source":"OpenStreetMap contributors","kind":"tree"},"geometry":{"type":"Point","coordinates":[14.5117777,35.8434969]}},{"type":"Feature","properties":{"osm_id":"node/4546267531","name":null,"species":null,"height":null,"source":"OpenStreetMap contributors","kind":"tree"},"geometry":{"type":"Point","coordinates":[14.511672,35.8434747]}},{"type":"Feature","properties":{"osm_id":"node/4546267532","name":null,"species":null,"height":null,"source":"OpenStreetMap contributors","kind":"tree"},"geometry":{"type":"Point","coordinates":[14.5117248,35.8434475]}},{"type":"Feature","properties":{"osm_id":"node/4546267533","name":null,"species":null,"height":null,"source":"OpenStreetMap contributors","kind":"tree"},"geometry":{"type":"Point","coordinates":[14.5117594,35.8434129]}},{"type":"Feature","properties":{"osm_id":"node/4546267534","name":null,"species":null,"height":null,"source":"OpenStreetMap contributors","kind":"tree"},"geometry":{"type":"Point","coordinates":[14.5117177,35.8433643]}},{"type":"Feature","properties":{"osm_id":"node/4546267535","name":null,"species":null,"height":null,"source":"OpenStreetMap contributors","kind":"tree"},"geometry":{"type":"Point","coordinates":[14.511735,35.8433461]}},{"type":"Feature","properties":{"osm_id":"node/4546267536","name":null,"species":null,"height":null,"source":"OpenStreetMap contributors","kind":"tree"},"geometry":{"type":"Point","coordinates":[14.5112512,35.8436155]}},{"type":"Feature","properties":{"osm_id":"node/4546267537","name":null,"species":null,"height":null,"source":"OpenStreetMap contributors","kind":"tree"},"geometry":{"type":"Point","coordinates":[14.5112278,35.8435266]}},{"type":"Feature","properties":{"osm_id":"node/4546267538","name":null,"species":null,"height":null,"source":"OpenStreetMap contributors","kind":"tree"},"geometry":{"type":"Point","coordinates":[14.5112654,35.8434302]}},{"type":"Feature","properties":{"osm_id":"node/4576722532","name":null,"species":null,"height":null,"source":"OpenStreetMap contributors","kind":"tree"},"geometry":{"type":"Point","coordinates":[14.3737216,35.919789]}},{"type":"Feature","properties":{"osm_id":"node/4576722533","name":null,"species":null,"height":null,"source":"OpenStreetMap contributors","kind":"tree"},"geometry":{"type":"Point","coordinates":[14.3737647,35.9197899]}},{"type":"Feature","properties":{"osm_id":"node/4576722534","name":null,"species":null,"height":null,"source":"OpenStreetMap contributors","kind":"tree"},"geometry":{"type":"Point","coordinates":[14.3737998,35.9198353]}},{"type":"Feature","properties":{"osm_id":"node/4576722535","name":null,"species":null,"height":null,"source":"OpenStreetMap contributors","kind":"tree"},"geometry":{"type":"Point","coordinates":[14.3739235,35.9198722]}},{"type":"Feature","properties":{"osm_id":"node/4576722536","name":null,"species":null,"height":null,"source":"OpenStreetMap contributors","kind":"tree"},"geometry":{"type":"Point","coordinates":[14.3740508,35.9199015]}},{"type":"Feature","properties":{"osm_id":"node/4599470153","name":null,"species":null,"height":null,"source":"OpenStreetMap contributors","kind":"tree"},"geometry":{"type":"Point","coordinates":[14.49372,35.9071166]}},{"type":"Feature","properties":{"osm_id":"node/4611352178","name":null,"species":null,"height":null,"source":"OpenStreetMap contributors","kind":"tree"},"geometry":{"type":"Point","coordinates":[14.5190472,35.8848329]}},{"type":"Feature","properties":{"osm_id":"node/4611352179","name":null,"species":null,"height":null,"source":"OpenStreetMap contributors","kind":"tree"},"geometry":{"type":"Point","coordinates":[14.5192214,35.8848888]}},{"type":"Feature","properties":{"osm_id":"node/4611352180","name":null,"species":null,"height":null,"source":"OpenStreetMap contributors","kind":"tree"},"geometry":{"type":"Point","coordinates":[14.5192438,35.8848558]}},{"type":"Feature","properties":{"osm_id":"node/4611352181","name":null,"species":null,"height":null,"source":"OpenStreetMap contributors","kind":"tree"},"geometry":{"type":"Point","coordinates":[14.5191487,35.8848472]}},{"type":"Feature","properties":{"osm_id":"node/4611352182","name":null,"species":null,"height":null,"source":"OpenStreetMap contributors","kind":"tree"},"geometry":{"type":"Point","coordinates":[14.5190857,35.8847923]}},{"type":"Feature","properties":{"osm_id":"node/4613652866","name":null,"species":null,"height":null,"source":"OpenStreetMap contributors","kind":"tree"},"geometry":{"type":"Point","coordinates":[14.5036918,35.8751194]}},{"type":"Feature","properties":{"osm_id":"node/4613652867","name":null,"species":null,"height":null,"source":"OpenStreetMap contributors","kind":"tree"},"geometry":{"type":"Point","coordinates":[14.5037245,35.8750702]}},{"type":"Feature","properties":{"osm_id":"node/4613652868","name":null,"species":null,"height":null,"source":"OpenStreetMap contributors","kind":"tree"},"geometry":{"type":"Point","coordinates":[14.5037572,35.875021]}},{"type":"Feature","properties":{"osm_id":"node/4613652869","name":null,"species":null,"height":null,"source":"OpenStreetMap contributors","kind":"tree"},"geometry":{"type":"Point","coordinates":[14.5038447,35.8748725]}},{"type":"Feature","properties":{"osm_id":"node/4613652870","name":null,"species":null,"height":null,"source":"OpenStreetMap contributors","kind":"tree"},"geometry":{"type":"Point","coordinates":[14.5038786,35.8748243]}},{"type":"Feature","properties":{"osm_id":"node/4613652871","name":null,"species":null,"height":null,"source":"OpenStreetMap contributors","kind":"tree"},"geometry":{"type":"Point","coordinates":[14.5039043,35.8747751]}},{"type":"Feature","properties":{"osm_id":"node/4613652872","name":null,"species":null,"height":null,"source":"OpenStreetMap contributors","kind":"tree"},"geometry":{"type":"Point","coordinates":[14.5039393,35.874724]}},{"type":"Feature","properties":{"osm_id":"node/4613652873","name":null,"species":null,"height":null,"source":"OpenStreetMap contributors","kind":"tree"},"geometry":{"type":"Point","coordinates":[14.5039965,35.8746228]}},{"type":"Feature","properties":{"osm_id":"node/4613652874","name":null,"species":null,"height":null,"source":"OpenStreetMap contributors","kind":"tree"},"geometry":{"type":"Point","coordinates":[14.5040829,35.8744742]}},{"type":"Feature","properties":{"osm_id":"node/4613652875","name":null,"species":null,"height":null,"source":"OpenStreetMap contributors","kind":"tree"},"geometry":{"type":"Point","coordinates":[14.5042417,35.8742235]}},{"type":"Feature","properties":{"osm_id":"node/4613652876","name":null,"species":null,"height":null,"source":"OpenStreetMap contributors","kind":"tree"},"geometry":{"type":"Point","coordinates":[14.5042685,35.8741734]}},{"type":"Feature","properties":{"osm_id":"node/4613652877","name":null,"species":null,"height":null,"source":"OpenStreetMap contributors","kind":"tree"},"geometry":{"type":"Point","coordinates":[14.504195,35.8742888]}},{"type":"Feature","properties":{"osm_id":"node/4613652878","name":null,"species":null,"height":null,"source":"OpenStreetMap contributors","kind":"tree"},"geometry":{"type":"Point","coordinates":[14.5044051,35.873918]}},{"type":"Feature","properties":{"osm_id":"node/4613652879","name":null,"species":null,"height":null,"source":"OpenStreetMap contributors","kind":"tree"},"geometry":{"type":"Point","coordinates":[14.5044063,35.8738669]}},{"type":"Feature","properties":{"osm_id":"node/4613652880","name":null,"species":null,"height":null,"source":"OpenStreetMap contributors","kind":"tree"},"geometry":{"type":"Point","coordinates":[14.5044308,35.8738158]}},{"type":"Feature","properties":{"osm_id":"node/4613652881","name":null,"species":null,"height":null,"source":"OpenStreetMap contributors","kind":"tree"},"geometry":{"type":"Point","coordinates":[14.50446,35.8737581]}},{"type":"Feature","properties":{"osm_id":"node/4613652882","name":null,"species":null,"height":null,"source":"OpenStreetMap contributors","kind":"tree"},"geometry":{"type":"Point","coordinates":[14.5044016,35.8737505]}},{"type":"Feature","properties":{"osm_id":"node/4637243432","name":null,"species":null,"height":null,"source":"OpenStreetMap contributors","kind":"tree"},"geometry":{"type":"Point","coordinates":[14.4479056,35.873919]}},{"type":"Feature","properties":{"osm_id":"node/4637243433","name":null,"species":null,"height":null,"source":"OpenStreetMap contributors","kind":"tree"},"geometry":{"type":"Point","coordinates":[14.4478386,35.8739071]}},{"type":"Feature","properties":{"osm_id":"node/4637243434","name":null,"species":null,"height":null,"source":"OpenStreetMap contributors","kind":"tree"},"geometry":{"type":"Point","coordinates":[14.4477219,35.8738962]}},{"type":"Feature","properties":{"osm_id":"node/4637243435","name":null,"species":null,"height":null,"source":"OpenStreetMap contributors","kind":"tree"},"geometry":{"type":"Point","coordinates":[14.4476642,35.873893]}},{"type":"Feature","properties":{"osm_id":"node/4637243436","name":null,"species":null,"height":null,"source":"OpenStreetMap contributors","kind":"tree"},"geometry":{"type":"Point","coordinates":[14.4478023,35.8740114]}},{"type":"Feature","properties":{"osm_id":"node/4637243437","name":null,"species":null,"height":null,"source":"OpenStreetMap contributors","kind":"tree"},"geometry":{"type":"Point","coordinates":[14.4478654,35.8740168]}},{"type":"Feature","properties":{"osm_id":"node/4637243438","name":null,"species":null,"height":null,"source":"OpenStreetMap contributors","kind":"tree"},"geometry":{"type":"Point","coordinates":[14.4482074,35.873731]}},{"type":"Feature","properties":{"osm_id":"node/4640340938","name":null,"species":null,"height":null,"source":"OpenStreetMap contributors","kind":"tree"},"geometry":{"type":"Point","coordinates":[14.4771064,35.8755751]}},{"type":"Feature","properties":{"osm_id":"node/4640340939","name":null,"species":null,"height":null,"source":"OpenStreetMap contributors","kind":"tree"},"geometry":{"type":"Point","coordinates":[14.4778626,35.8755847]}},{"type":"Feature","properties":{"osm_id":"node/4640340940","name":null,"species":null,"height":null,"source":"OpenStreetMap contributors","kind":"tree"},"geometry":{"type":"Point","coordinates":[14.4772123,35.8755853]}},{"type":"Feature","properties":{"osm_id":"node/4640340941","name":null,"species":null,"height":null,"source":"OpenStreetMap contributors","kind":"tree"},"geometry":{"type":"Point","coordinates":[14.4779984,35.8755942]}},{"type":"Feature","properties":{"osm_id":"node/4640340942","name":null,"species":null,"height":null,"source":"OpenStreetMap contributors","kind":"tree"},"geometry":{"type":"Point","coordinates":[14.4775379,35.8756025]}},{"type":"Feature","properties":{"osm_id":"node/4640340943","name":null,"species":null,"height":null,"source":"OpenStreetMap contributors","kind":"tree"},"geometry":{"type":"Point","coordinates":[14.4776657,35.8756298]}},{"type":"Feature","properties":{"osm_id":"node/4640340945","name":null,"species":null,"height":null,"source":"OpenStreetMap contributors","kind":"tree"},"geometry":{"type":"Point","coordinates":[14.4770828,35.8756476]}},{"type":"Feature","properties":{"osm_id":"node/4640340947","name":null,"species":null,"height":null,"source":"OpenStreetMap contributors","kind":"tree"},"geometry":{"type":"Point","coordinates":[14.4774563,35.87568]}},{"type":"Feature","properties":{"osm_id":"node/4640340949","name":null,"species":null,"height":null,"source":"OpenStreetMap contributors","kind":"tree"},"geometry":{"type":"Point","coordinates":[14.4771511,35.8756908]}},{"type":"Feature","properties":{"osm_id":"node/4640340952","name":null,"species":null,"height":null,"source":"OpenStreetMap contributors","kind":"tree"},"geometry":{"type":"Point","coordinates":[14.4777685,35.8757137]}},{"type":"Feature","properties":{"osm_id":"node/4640340953","name":null,"species":null,"height":null,"source":"OpenStreetMap contributors","kind":"tree"},"geometry":{"type":"Point","coordinates":[14.4773527,35.8758046]}},{"type":"Feature","properties":{"osm_id":"node/4640340954","name":null,"species":null,"height":null,"source":"OpenStreetMap contributors","kind":"tree"},"geometry":{"type":"Point","coordinates":[14.4775355,35.8758555]}},{"type":"Feature","properties":{"osm_id":"node/4640402722","name":null,"species":null,"height":null,"source":"OpenStreetMap contributors","kind":"tree"},"geometry":{"type":"Point","coordinates":[14.4771239,35.876861]}},{"type":"Feature","properties":{"osm_id":"node/4640402723","name":null,"species":null,"height":null,"source":"OpenStreetMap contributors","kind":"tree"},"geometry":{"type":"Point","coordinates":[14.477028,35.8768657]}},{"type":"Feature","properties":{"osm_id":"node/4640402724","name":null,"species":null,"height":null,"source":"OpenStreetMap contributors","kind":"tree"},"geometry":{"type":"Point","coordinates":[14.4771762,35.8768751]}},{"type":"Feature","properties":{"osm_id":"node/4640402725","name":null,"species":null,"height":null,"source":"OpenStreetMap contributors","kind":"tree"},"geometry":{"type":"Point","coordinates":[14.4769699,35.8768763]}},{"type":"Feature","properties":{"osm_id":"node/4640402726","name":null,"species":null,"height":null,"source":"OpenStreetMap contributors","kind":"tree"},"geometry":{"type":"Point","coordinates":[14.4772111,35.8768916]}},{"type":"Feature","properties":{"osm_id":"node/4640402727","name":null,"species":null,"height":null,"source":"OpenStreetMap contributors","kind":"tree"},"geometry":{"type":"Point","coordinates":[14.4772518,35.8769139]}},{"type":"Feature","properties":{"osm_id":"node/4640402728","name":null,"species":null,"height":null,"source":"OpenStreetMap contributors","kind":"tree"},"geometry":{"type":"Point","coordinates":[14.4767476,35.8769245]}},{"type":"Feature","properties":{"osm_id":"node/4640402729","name":null,"species":null,"height":null,"source":"OpenStreetMap contributors","kind":"tree"},"geometry":{"type":"Point","coordinates":[14.4766953,35.8769363]}},{"type":"Feature","properties":{"osm_id":"node/4640402730","name":null,"species":null,"height":null,"source":"OpenStreetMap contributors","kind":"tree"},"geometry":{"type":"Point","coordinates":[14.4772866,35.8769422]}},{"type":"Feature","properties":{"osm_id":"node/4640402738","name":null,"species":null,"height":null,"source":"OpenStreetMap contributors","kind":"tree"},"geometry":{"type":"Point","coordinates":[14.4773462,35.8771235]}},{"type":"Feature","properties":{"osm_id":"node/4640402739","name":null,"species":null,"height":null,"source":"OpenStreetMap contributors","kind":"tree"},"geometry":{"type":"Point","coordinates":[14.4773433,35.8771659]}},{"type":"Feature","properties":{"osm_id":"node/4640402740","name":null,"species":null,"height":null,"source":"OpenStreetMap contributors","kind":"tree"},"geometry":{"type":"Point","coordinates":[14.4773186,35.8772071]}},{"type":"Feature","properties":{"osm_id":"node/4640402741","name":null,"species":null,"height":null,"source":"OpenStreetMap contributors","kind":"tree"},"geometry":{"type":"Point","coordinates":[14.4771893,35.877306]}},{"type":"Feature","properties":{"osm_id":"node/4640402742","name":null,"species":null,"height":null,"source":"OpenStreetMap contributors","kind":"tree"},"geometry":{"type":"Point","coordinates":[14.4771428,35.8773177]}},{"type":"Feature","properties":{"osm_id":"node/4640402743","name":null,"species":null,"height":null,"source":"OpenStreetMap contributors","kind":"tree"},"geometry":{"type":"Point","coordinates":[14.4771065,35.8773236]}},{"type":"Feature","properties":{"osm_id":"node/4640402745","name":null,"species":null,"height":null,"source":"OpenStreetMap contributors","kind":"tree"},"geometry":{"type":"Point","coordinates":[14.4769016,35.8773778]}},{"type":"Feature","properties":{"osm_id":"node/4641601657","name":null,"species":null,"height":null,"source":"OpenStreetMap contributors","kind":"tree"},"geometry":{"type":"Point","coordinates":[14.4954625,35.9013815]}},{"type":"Feature","properties":{"osm_id":"node/4641601658","name":null,"species":null,"height":null,"source":"OpenStreetMap contributors","kind":"tree"},"geometry":{"type":"Point","coordinates":[14.49516,35.9012338]}},{"type":"Feature","properties":{"osm_id":"node/4641601659","name":null,"species":null,"height":null,"source":"OpenStreetMap contributors","kind":"tree"},"geometry":{"type":"Point","coordinates":[14.4949623,35.9013307]}},{"type":"Feature","properties":{"osm_id":"node/4670483329","name":null,"species":null,"height":null,"source":"OpenStreetMap contributors","kind":"tree"},"geometry":{"type":"Point","coordinates":[14.4328429,35.8954278]}},{"type":"Feature","properties":{"osm_id":"node/4670483330","name":null,"species":null,"height":null,"source":"OpenStreetMap contributors","kind":"tree"},"geometry":{"type":"Point","coordinates":[14.4328571,35.8953281]}},{"type":"Feature","properties":{"osm_id":"node/4670483331","name":null,"species":null,"height":null,"source":"OpenStreetMap contributors","kind":"tree"},"geometry":{"type":"Point","coordinates":[14.4328713,35.8952973]}},{"type":"Feature","properties":{"osm_id":"node/4670483332","name":null,"species":null,"height":null,"source":"OpenStreetMap contributors","kind":"tree"},"geometry":{"type":"Point","coordinates":[14.433065,35.8952758]}},{"type":"Feature","properties":{"osm_id":"node/4670483333","name":null,"species":null,"height":null,"source":"OpenStreetMap contributors","kind":"tree"},"geometry":{"type":"Point","coordinates":[14.4329987,35.8952041]}},{"type":"Feature","properties":{"osm_id":"node/4670483334","name":null,"species":null,"height":null,"source":"OpenStreetMap contributors","kind":"tree"},"geometry":{"type":"Point","coordinates":[14.4330535,35.8952328]}},{"type":"Feature","properties":{"osm_id":"node/4670483335","name":null,"species":null,"height":null,"source":"OpenStreetMap contributors","kind":"tree"},"geometry":{"type":"Point","coordinates":[14.4331057,35.8952371]}},{"type":"Feature","properties":{"osm_id":"node/4670683486","name":null,"species":null,"height":null,"source":"OpenStreetMap contributors","kind":"tree"},"geometry":{"type":"Point","coordinates":[14.4973856,35.8857863]}},{"type":"Feature","properties":{"osm_id":"node/4670683487","name":null,"species":null,"height":null,"source":"OpenStreetMap contributors","kind":"tree"},"geometry":{"type":"Point","coordinates":[14.4974764,35.8858652]}},{"type":"Feature","properties":{"osm_id":"node/4670683488","name":null,"species":null,"height":null,"source":"OpenStreetMap contributors","kind":"tree"},"geometry":{"type":"Point","coordinates":[14.4975688,35.8859414]}},{"type":"Feature","properties":{"osm_id":"node/4670683489","name":null,"species":null,"height":null,"source":"OpenStreetMap contributors","kind":"tree"},"geometry":{"type":"Point","coordinates":[14.497653,35.8860447]}},{"type":"Feature","properties":{"osm_id":"node/4670683490","name":null,"species":null,"height":null,"source":"OpenStreetMap contributors","kind":"tree"},"geometry":{"type":"Point","coordinates":[14.4977223,35.8861071]}},{"type":"Feature","properties":{"osm_id":"node/4670683491","name":null,"species":null,"height":null,"source":"OpenStreetMap contributors","kind":"tree"},"geometry":{"type":"Point","coordinates":[14.4978286,35.8862506]}},{"type":"Feature","properties":{"osm_id":"node/4670683492","name":null,"species":null,"height":null,"source":"OpenStreetMap contributors","kind":"tree"},"geometry":{"type":"Point","coordinates":[14.4979057,35.8863442]}},{"type":"Feature","properties":{"osm_id":"node/4682885670","name":null,"species":null,"height":null,"source":"OpenStreetMap contributors","kind":"tree"},"geometry":{"type":"Point","coordinates":[14.4748034,35.8346141]}},{"type":"Feature","properties":{"osm_id":"node/4682885671","name":null,"species":null,"height":null,"source":"OpenStreetMap contributors","kind":"tree"},"geometry":{"type":"Point","coordinates":[14.4748103,35.834508]}},{"type":"Feature","properties":{"osm_id":"node/4682885672","name":null,"species":null,"height":null,"source":"OpenStreetMap contributors","kind":"tree"},"geometry":{"type":"Point","coordinates":[14.4746994,35.834566]}},{"type":"Feature","properties":{"osm_id":"node/4682885673","name":null,"species":null,"height":null,"source":"OpenStreetMap contributors","kind":"tree"},"geometry":{"type":"Point","coordinates":[14.4747818,35.834443]}},{"type":"Feature","properties":{"osm_id":"node/4682885674","name":null,"species":null,"height":null,"source":"OpenStreetMap contributors","kind":"tree"},"geometry":{"type":"Point","coordinates":[14.4746409,35.8345073]}},{"type":"Feature","properties":{"osm_id":"node/4682885675","name":null,"species":null,"height":null,"source":"OpenStreetMap contributors","kind":"tree"},"geometry":{"type":"Point","coordinates":[14.4746463,35.8343525]}},{"type":"Feature","properties":{"osm_id":"node/4695415931","name":null,"species":null,"height":null,"source":"OpenStreetMap contributors","kind":"tree"},"geometry":{"type":"Point","coordinates":[14.4828771,35.8314073]}},{"type":"Feature","properties":{"osm_id":"node/4702080468","name":"Il-Ħarruba Xwejħa","species":null,"height":null,"source":"OpenStreetMap contributors","kind":"tree"},"geometry":{"type":"Point","coordinates":[14.3807344,35.9484418]}},{"type":"Feature","properties":{"osm_id":"node/4716156904","name":null,"species":null,"height":null,"source":"OpenStreetMap contributors","kind":"tree"},"geometry":{"type":"Point","coordinates":[14.4517392,35.9025302]}},{"type":"Feature","properties":{"osm_id":"node/4723534195","name":null,"species":null,"height":null,"source":"OpenStreetMap contributors","kind":"tree"},"geometry":{"type":"Point","coordinates":[14.49675,35.8885263]}},{"type":"Feature","properties":{"osm_id":"node/4723534196","name":null,"species":null,"height":null,"source":"OpenStreetMap contributors","kind":"tree"},"geometry":{"type":"Point","coordinates":[14.4968075,35.8884948]}},{"type":"Feature","properties":{"osm_id":"node/4723534197","name":null,"species":null,"height":null,"source":"OpenStreetMap contributors","kind":"tree"},"geometry":{"type":"Point","coordinates":[14.4968464,35.8884518]}},{"type":"Feature","properties":{"osm_id":"node/4723534212","name":null,"species":null,"height":null,"source":"OpenStreetMap contributors","kind":"tree"},"geometry":{"type":"Point","coordinates":[14.4972636,35.8875765]}},{"type":"Feature","properties":{"osm_id":"node/4723534213","name":null,"species":null,"height":null,"source":"OpenStreetMap contributors","kind":"tree"},"geometry":{"type":"Point","coordinates":[14.4971173,35.8876935]}},{"type":"Feature","properties":{"osm_id":"node/4723638986","name":null,"species":null,"height":null,"source":"OpenStreetMap contributors","kind":"tree"},"geometry":{"type":"Point","coordinates":[14.4923643,35.8525042]}},{"type":"Feature","properties":{"osm_id":"node/4723640092","name":null,"species":null,"height":null,"source":"OpenStreetMap contributors","kind":"tree"},"geometry":{"type":"Point","coordinates":[14.4922034,35.8527776]}},{"type":"Feature","properties":{"osm_id":"node/4723640093","name":null,"species":null,"height":null,"source":"OpenStreetMap contributors","kind":"tree"},"geometry":{"type":"Point","coordinates":[14.492245,35.8527396]}},{"type":"Feature","properties":{"osm_id":"node/4723640094","name":null,"species":null,"height":null,"source":"OpenStreetMap contributors","kind":"tree"},"geometry":{"type":"Point","coordinates":[14.4922865,35.8527015]}},{"type":"Feature","properties":{"osm_id":"node/4723640095","name":null,"species":null,"height":null,"source":"OpenStreetMap contributors","kind":"tree"},"geometry":{"type":"Point","coordinates":[14.4923335,35.8526613]}},{"type":"Feature","properties":{"osm_id":"node/4752159696","name":null,"species":null,"height":null,"source":"OpenStreetMap contributors","kind":"tree"},"geometry":{"type":"Point","coordinates":[14.5156928,35.8495404]}},{"type":"Feature","properties":{"osm_id":"node/4752159697","name":null,"species":null,"height":null,"source":"OpenStreetMap contributors","kind":"tree"},"geometry":{"type":"Point","coordinates":[14.5157069,35.8494013]}},{"type":"Feature","properties":{"osm_id":"node/4752159698","name":null,"species":null,"height":null,"source":"OpenStreetMap contributors","kind":"tree"},"geometry":{"type":"Point","coordinates":[14.5156291,35.8495397]}},{"type":"Feature","properties":{"osm_id":"node/4752159699","name":null,"species":null,"height":null,"source":"OpenStreetMap contributors","kind":"tree"},"geometry":{"type":"Point","coordinates":[14.5154778,35.8493468]}},{"type":"Feature","properties":{"osm_id":"node/4752159700","name":null,"species":null,"height":null,"source":"OpenStreetMap contributors","kind":"tree"},"geometry":{"type":"Point","coordinates":[14.5154503,35.8491747]}},{"type":"Feature","properties":{"osm_id":"node/4752159701","name":null,"species":null,"height":null,"source":"OpenStreetMap contributors","kind":"tree"},"geometry":{"type":"Point","coordinates":[14.5152557,35.8494737]}},{"type":"Feature","properties":{"osm_id":"node/4752159702","name":null,"species":null,"height":null,"source":"OpenStreetMap contributors","kind":"tree"},"geometry":{"type":"Point","coordinates":[14.5152141,35.8495749]}},{"type":"Feature","properties":{"osm_id":"node/4752159703","name":null,"species":null,"height":null,"source":"OpenStreetMap contributors","kind":"tree"},"geometry":{"type":"Point","coordinates":[14.5151415,35.849582]}},{"type":"Feature","properties":{"osm_id":"node/4752159704","name":null,"species":null,"height":null,"source":"OpenStreetMap contributors","kind":"tree"},"geometry":{"type":"Point","coordinates":[14.515107,35.8495089]}},{"type":"Feature","properties":{"osm_id":"node/4752159705","name":null,"species":null,"height":null,"source":"OpenStreetMap contributors","kind":"tree"},"geometry":{"type":"Point","coordinates":[14.5151973,35.8493368]}},{"type":"Feature","properties":{"osm_id":"node/4776281466","name":null,"species":null,"height":null,"source":"OpenStreetMap contributors","kind":"tree"},"geometry":{"type":"Point","coordinates":[14.3697913,35.9195403]}},{"type":"Feature","properties":{"osm_id":"node/4776281467","name":null,"species":null,"height":null,"source":"OpenStreetMap contributors","kind":"tree"},"geometry":{"type":"Point","coordinates":[14.3706632,35.9194766]}},{"type":"Feature","properties":{"osm_id":"node/4776281468","name":null,"species":null,"height":null,"source":"OpenStreetMap contributors","kind":"tree"},"geometry":{"type":"Point","coordinates":[14.3704091,35.9194991]}},{"type":"Feature","properties":{"osm_id":"node/4776281469","name":null,"species":null,"height":null,"source":"OpenStreetMap contributors","kind":"tree"},"geometry":{"type":"Point","coordinates":[14.3703135,35.9195103]}},{"type":"Feature","properties":{"osm_id":"node/4776281470","name":null,"species":null,"height":null,"source":"OpenStreetMap contributors","kind":"tree"},"geometry":{"type":"Point","coordinates":[14.3701826,35.9195216]}},{"type":"Feature","properties":{"osm_id":"node/4776281471","name":null,"species":null,"height":null,"source":"OpenStreetMap contributors","kind":"tree"},"geometry":{"type":"Point","coordinates":[14.3700578,35.919534]}},{"type":"Feature","properties":{"osm_id":"node/4776281472","name":null,"species":null,"height":null,"source":"OpenStreetMap contributors","kind":"tree"},"geometry":{"type":"Point","coordinates":[14.3709729,35.9194392]}},{"type":"Feature","properties":{"osm_id":"node/4776281473","name":null,"species":null,"height":null,"source":"OpenStreetMap contributors","kind":"tree"},"geometry":{"type":"Point","coordinates":[14.3711162,35.9194155]}},{"type":"Feature","properties":{"osm_id":"node/4776281474","name":null,"species":null,"height":null,"source":"OpenStreetMap contributors","kind":"tree"},"geometry":{"type":"Point","coordinates":[14.3706109,35.9193569]}},{"type":"Feature","properties":{"osm_id":"node/4776281475","name":null,"species":null,"height":null,"source":"OpenStreetMap contributors","kind":"tree"},"geometry":{"type":"Point","coordinates":[14.3704892,35.9193706]}},{"type":"Feature","properties":{"osm_id":"node/4776281476","name":null,"species":null,"height":null,"source":"OpenStreetMap contributors","kind":"tree"},"geometry":{"type":"Point","coordinates":[14.3703305,35.9193818]}},{"type":"Feature","properties":{"osm_id":"node/4776281477","name":null,"species":null,"height":null,"source":"OpenStreetMap contributors","kind":"tree"},"geometry":{"type":"Point","coordinates":[14.3702766,35.9193868]}},{"type":"Feature","properties":{"osm_id":"node/4781028639","name":null,"species":null,"height":null,"source":"OpenStreetMap contributors","kind":"tree"},"geometry":{"type":"Point","coordinates":[14.4398561,35.9134339]}},{"type":"Feature","properties":{"osm_id":"node/4781028640","name":null,"species":null,"height":null,"source":"OpenStreetMap contributors","kind":"tree"},"geometry":{"type":"Point","coordinates":[14.4399189,35.9134253]}},{"type":"Feature","properties":{"osm_id":"node/4781028641","name":null,"species":null,"height":null,"source":"OpenStreetMap contributors","kind":"tree"},"geometry":{"type":"Point","coordinates":[14.4399844,35.9134296]}},{"type":"Feature","properties":{"osm_id":"node/4781028642","name":null,"species":null,"height":null,"source":"OpenStreetMap contributors","kind":"tree"},"geometry":{"type":"Point","coordinates":[14.4400596,35.913439]}},{"type":"Feature","properties":{"osm_id":"node/4781028643","name":null,"species":null,"height":null,"source":"OpenStreetMap contributors","kind":"tree"},"geometry":{"type":"Point","coordinates":[14.4401383,35.913439]}},{"type":"Feature","properties":{"osm_id":"node/4781028644","name":null,"species":null,"height":null,"source":"OpenStreetMap contributors","kind":"tree"},"geometry":{"type":"Point","coordinates":[14.4396117,35.9134156]}},{"type":"Feature","properties":{"osm_id":"node/4781028645","name":null,"species":null,"height":null,"source":"OpenStreetMap contributors","kind":"tree"},"geometry":{"type":"Point","coordinates":[14.439649,35.9134103]}},{"type":"Feature","properties":{"osm_id":"node/4781028646","name":null,"species":null,"height":null,"source":"OpenStreetMap contributors","kind":"tree"},"geometry":{"type":"Point","coordinates":[14.4397225,35.9134175]}},{"type":"Feature","properties":{"osm_id":"node/4781028647","name":null,"species":null,"height":null,"source":"OpenStreetMap contributors","kind":"tree"},"geometry":{"type":"Point","coordinates":[14.4404285,35.913459]}},{"type":"Feature","properties":{"osm_id":"node/4781028648","name":null,"species":null,"height":null,"source":"OpenStreetMap contributors","kind":"tree"},"geometry":{"type":"Point","coordinates":[14.4405551,35.9134755]}},{"type":"Feature","properties":{"osm_id":"node/4781028649","name":null,"species":null,"height":null,"source":"OpenStreetMap contributors","kind":"tree"},"geometry":{"type":"Point","coordinates":[14.4406223,35.9134805]}},{"type":"Feature","properties":{"osm_id":"node/4781028650","name":null,"species":null,"height":null,"source":"OpenStreetMap contributors","kind":"tree"},"geometry":{"type":"Point","coordinates":[14.4407011,35.9134877]}},{"type":"Feature","properties":{"osm_id":"node/4781028651","name":null,"species":null,"height":null,"source":"OpenStreetMap contributors","kind":"tree"},"geometry":{"type":"Point","coordinates":[14.4408462,35.913497]}},{"type":"Feature","properties":{"osm_id":"node/4781028652","name":null,"species":null,"height":null,"source":"OpenStreetMap contributors","kind":"tree"},"geometry":{"type":"Point","coordinates":[14.441139,35.9135185]}},{"type":"Feature","properties":{"osm_id":"node/4781057956","name":null,"species":null,"height":null,"source":"OpenStreetMap contributors","kind":"tree"},"geometry":{"type":"Point","coordinates":[14.4685286,35.9177006]}},{"type":"Feature","properties":{"osm_id":"node/4786980322","name":null,"species":null,"height":null,"source":"OpenStreetMap contributors","kind":"tree"},"geometry":{"type":"Point","coordinates":[14.5177452,35.8975033]}},{"type":"Feature","properties":{"osm_id":"node/4800354090","name":null,"species":null,"height":null,"source":"OpenStreetMap contributors","kind":"tree"},"geometry":{"type":"Point","coordinates":[14.5034026,35.8257629]}},{"type":"Feature","properties":{"osm_id":"node/4800354091","name":null,"species":null,"height":null,"source":"OpenStreetMap contributors","kind":"tree"},"geometry":{"type":"Point","coordinates":[14.5033672,35.8256675]}},{"type":"Feature","properties":{"osm_id":"node/4800354092","name":null,"species":null,"height":null,"source":"OpenStreetMap contributors","kind":"tree"},"geometry":{"type":"Point","coordinates":[14.5032442,35.8257758]}},{"type":"Feature","properties":{"osm_id":"node/4800354093","name":null,"species":null,"height":null,"source":"OpenStreetMap contributors","kind":"tree"},"geometry":{"type":"Point","coordinates":[14.5039521,35.8260247]}},{"type":"Feature","properties":{"osm_id":"node/4800354139","name":null,"species":null,"height":null,"source":"OpenStreetMap contributors","kind":"tree"},"geometry":{"type":"Point","coordinates":[14.5029944,35.8258475]}},{"type":"Feature","properties":{"osm_id":"node/4813327136","name":null,"species":null,"height":null,"source":"OpenStreetMap contributors","kind":"tree"},"geometry":{"type":"Point","coordinates":[14.5381444,35.8751089]}},{"type":"Feature","properties":{"osm_id":"node/4813327137","name":null,"species":null,"height":null,"source":"OpenStreetMap contributors","kind":"tree"},"geometry":{"type":"Point","coordinates":[14.5381639,35.8750583]}},{"type":"Feature","properties":{"osm_id":"node/4813327138","name":null,"species":null,"height":null,"source":"OpenStreetMap contributors","kind":"tree"},"geometry":{"type":"Point","coordinates":[14.5383382,35.8752577]}},{"type":"Feature","properties":{"osm_id":"node/4813327139","name":null,"species":null,"height":null,"source":"OpenStreetMap contributors","kind":"tree"},"geometry":{"type":"Point","coordinates":[14.5384073,35.8752469]}},{"type":"Feature","properties":{"osm_id":"node/4813327140","name":null,"species":null,"height":null,"source":"OpenStreetMap contributors","kind":"tree"},"geometry":{"type":"Point","coordinates":[14.5384106,35.8751735]}},{"type":"Feature","properties":{"osm_id":"node/4813327141","name":null,"species":null,"height":null,"source":"OpenStreetMap contributors","kind":"tree"},"geometry":{"type":"Point","coordinates":[14.53842,35.8750915]}},{"type":"Feature","properties":{"osm_id":"node/4813327142","name":null,"species":null,"height":null,"source":"OpenStreetMap contributors","kind":"tree"},"geometry":{"type":"Point","coordinates":[14.5383704,35.875067]}},{"type":"Feature","properties":{"osm_id":"node/4813327143","name":null,"species":null,"height":null,"source":"OpenStreetMap contributors","kind":"tree"},"geometry":{"type":"Point","coordinates":[14.5383677,35.8750132]}},{"type":"Feature","properties":{"osm_id":"node/4813327144","name":null,"species":null,"height":null,"source":"OpenStreetMap contributors","kind":"tree"},"geometry":{"type":"Point","coordinates":[14.5380653,35.8749421]}},{"type":"Feature","properties":{"osm_id":"node/4813327145","name":null,"species":null,"height":null,"source":"OpenStreetMap contributors","kind":"tree"},"geometry":{"type":"Point","coordinates":[14.5380224,35.8749926]}},{"type":"Feature","properties":{"osm_id":"node/4813327146","name":null,"species":null,"height":null,"source":"OpenStreetMap contributors","kind":"tree"},"geometry":{"type":"Point","coordinates":[14.5380646,35.875017]}},{"type":"Feature","properties":{"osm_id":"node/4843108547","name":null,"species":null,"height":null,"source":"OpenStreetMap contributors","kind":"tree"},"geometry":{"type":"Point","coordinates":[14.491463,35.8947272]}},{"type":"Feature","properties":{"osm_id":"node/4843108548","name":null,"species":null,"height":null,"source":"OpenStreetMap contributors","kind":"tree"},"geometry":{"type":"Point","coordinates":[14.4915352,35.8947403]}},{"type":"Feature","properties":{"osm_id":"node/4843108549","name":null,"species":null,"height":null,"source":"OpenStreetMap contributors","kind":"tree"},"geometry":{"type":"Point","coordinates":[14.4916032,35.894751]}},{"type":"Feature","properties":{"osm_id":"node/4843108550","name":null,"species":null,"height":null,"source":"OpenStreetMap contributors","kind":"tree"},"geometry":{"type":"Point","coordinates":[14.4917394,35.8947766]}},{"type":"Feature","properties":{"osm_id":"node/4843108551","name":null,"species":null,"height":null,"source":"OpenStreetMap contributors","kind":"tree"},"geometry":{"type":"Point","coordinates":[14.4911886,35.8947156]}},{"type":"Feature","properties":{"osm_id":"node/4843108552","name":null,"species":null,"height":null,"source":"OpenStreetMap contributors","kind":"tree"},"geometry":{"type":"Point","coordinates":[14.491088,35.8947173]}},{"type":"Feature","properties":{"osm_id":"node/4843108553","name":null,"species":null,"height":null,"source":"OpenStreetMap contributors","kind":"tree"},"geometry":{"type":"Point","coordinates":[14.4909985,35.894728]}},{"type":"Feature","properties":{"osm_id":"node/4843108554","name":null,"species":null,"height":null,"source":"OpenStreetMap contributors","kind":"tree"},"geometry":{"type":"Point","coordinates":[14.4920718,35.8948828]}},{"type":"Feature","properties":{"osm_id":"node/4843108555","name":null,"species":null,"height":null,"source":"OpenStreetMap contributors","kind":"tree"},"geometry":{"type":"Point","coordinates":[14.492209,35.894933]}},{"type":"Feature","properties":{"osm_id":"node/4861084619","name":null,"species":null,"height":null,"source":"OpenStreetMap contributors","kind":"tree"},"geometry":{"type":"Point","coordinates":[14.4945662,35.8830454]}},{"type":"Feature","properties":{"osm_id":"node/4938172534","name":null,"species":null,"height":null,"source":"OpenStreetMap contributors","kind":"tree"},"geometry":{"type":"Point","coordinates":[14.4291758,35.9055241]}},{"type":"Feature","properties":{"osm_id":"node/4938172535","name":null,"species":null,"height":null,"source":"OpenStreetMap contributors","kind":"tree"},"geometry":{"type":"Point","coordinates":[14.4292066,35.9055266]}},{"type":"Feature","properties":{"osm_id":"node/4938172536","name":null,"species":null,"height":null,"source":"OpenStreetMap contributors","kind":"tree"},"geometry":{"type":"Point","coordinates":[14.4292512,35.9055166]}},{"type":"Feature","properties":{"osm_id":"node/4991651267","name":null,"species":null,"height":null,"source":"OpenStreetMap contributors","kind":"tree"},"geometry":{"type":"Point","coordinates":[14.5287576,35.8216994]}},{"type":"Feature","properties":{"osm_id":"node/4994082327","name":null,"species":null,"height":null,"source":"OpenStreetMap contributors","kind":"tree"},"geometry":{"type":"Point","coordinates":[14.5041667,35.8493527]}},{"type":"Feature","properties":{"osm_id":"node/4994082383","name":null,"species":null,"height":null,"source":"OpenStreetMap contributors","kind":"tree"},"geometry":{"type":"Point","coordinates":[14.5007183,35.8498751]}},{"type":"Feature","properties":{"osm_id":"node/4994082384","name":null,"species":null,"height":null,"source":"OpenStreetMap contributors","kind":"tree"},"geometry":{"type":"Point","coordinates":[14.5005024,35.8497159]}},{"type":"Feature","properties":{"osm_id":"node/4994082385","name":null,"species":null,"height":null,"source":"OpenStreetMap contributors","kind":"tree"},"geometry":{"type":"Point","coordinates":[14.500667,35.8497732]}},{"type":"Feature","properties":{"osm_id":"node/4994082386","name":null,"species":null,"height":null,"source":"OpenStreetMap contributors","kind":"tree"},"geometry":{"type":"Point","coordinates":[14.5005449,35.8496642]}},{"type":"Feature","properties":{"osm_id":"node/4994082387","name":null,"species":null,"height":null,"source":"OpenStreetMap contributors","kind":"tree"},"geometry":{"type":"Point","coordinates":[14.5004777,35.8497833]}},{"type":"Feature","properties":{"osm_id":"node/4994082388","name":null,"species":null,"height":null,"source":"OpenStreetMap contributors","kind":"tree"},"geometry":{"type":"Point","coordinates":[14.500444,35.8498536]}},{"type":"Feature","properties":{"osm_id":"node/4994082389","name":null,"species":null,"height":null,"source":"OpenStreetMap contributors","kind":"tree"},"geometry":{"type":"Point","coordinates":[14.5006015,35.8498751]}},{"type":"Feature","properties":{"osm_id":"node/4996033180","name":null,"species":null,"height":null,"source":"OpenStreetMap contributors","kind":"tree"},"geometry":{"type":"Point","coordinates":[14.4866904,35.9227267]}},{"type":"Feature","properties":{"osm_id":"node/5009417417","name":null,"species":null,"height":null,"source":"OpenStreetMap contributors","kind":"tree"},"geometry":{"type":"Point","coordinates":[14.4950709,35.9027462]}},{"type":"Feature","properties":{"osm_id":"node/5009417419","name":null,"species":null,"height":null,"source":"OpenStreetMap contributors","kind":"tree"},"geometry":{"type":"Point","coordinates":[14.4949185,35.9027462]}},{"type":"Feature","properties":{"osm_id":"node/5009417420","name":null,"species":null,"height":null,"source":"OpenStreetMap contributors","kind":"tree"},"geometry":{"type":"Point","coordinates":[14.4949002,35.902682]}},{"type":"Feature","properties":{"osm_id":"node/5009427921","name":null,"species":null,"height":null,"source":"OpenStreetMap contributors","kind":"tree"},"geometry":{"type":"Point","coordinates":[14.4951522,35.9022753]}},{"type":"Feature","properties":{"osm_id":"node/5009427922","name":null,"species":null,"height":null,"source":"OpenStreetMap contributors","kind":"tree"},"geometry":{"type":"Point","coordinates":[14.4949103,35.9019377]}},{"type":"Feature","properties":{"osm_id":"node/5009427923","name":null,"species":null,"height":null,"source":"OpenStreetMap contributors","kind":"tree"},"geometry":{"type":"Point","coordinates":[14.4952884,35.9014174]}},{"type":"Feature","properties":{"osm_id":"node/5009427924","name":null,"species":null,"height":null,"source":"OpenStreetMap contributors","kind":"tree"},"geometry":{"type":"Point","coordinates":[14.4958677,35.9016364]}},{"type":"Feature","properties":{"osm_id":"node/5013998685","name":null,"species":null,"height":null,"source":"OpenStreetMap contributors","kind":"tree"},"geometry":{"type":"Point","coordinates":[14.5121188,35.8702929]}},{"type":"Feature","properties":{"osm_id":"node/5013998686","name":null,"species":null,"height":null,"source":"OpenStreetMap contributors","kind":"tree"},"geometry":{"type":"Point","coordinates":[14.5121654,35.8702786]}},{"type":"Feature","properties":{"osm_id":"node/5013998687","name":null,"species":null,"height":null,"source":"OpenStreetMap contributors","kind":"tree"},"geometry":{"type":"Point","coordinates":[14.5121504,35.8703347]}},{"type":"Feature","properties":{"osm_id":"node/5013998688","name":null,"species":null,"height":null,"source":"OpenStreetMap contributors","kind":"tree"},"geometry":{"type":"Point","coordinates":[14.5121858,35.8703244]}},{"type":"Feature","properties":{"osm_id":"node/5017563792","name":null,"species":null,"height":null,"source":"OpenStreetMap contributors","kind":"tree"},"geometry":{"type":"Point","coordinates":[14.4502857,35.827913]}},{"type":"Feature","properties":{"osm_id":"node/5018774131","name":null,"species":null,"height":null,"source":"OpenStreetMap contributors","kind":"tree"},"geometry":{"type":"Point","coordinates":[14.3952455,35.8666715]}},{"type":"Feature","properties":{"osm_id":"node/5018774132","name":null,"species":null,"height":null,"source":"OpenStreetMap contributors","kind":"tree"},"geometry":{"type":"Point","coordinates":[14.395279,35.8666748]}},{"type":"Feature","properties":{"osm_id":"node/5018774146","name":null,"species":null,"height":null,"source":"OpenStreetMap contributors","kind":"tree"},"geometry":{"type":"Point","coordinates":[14.396195,35.8647685]}},{"type":"Feature","properties":{"osm_id":"node/5018774482","name":null,"species":null,"height":null,"source":"OpenStreetMap contributors","kind":"tree"},"geometry":{"type":"Point","coordinates":[14.4447148,35.8605439]}},{"type":"Feature","properties":{"osm_id":"node/5018774483","name":null,"species":null,"height":null,"source":"OpenStreetMap contributors","kind":"tree"},"geometry":{"type":"Point","coordinates":[14.4446987,35.8606384]}},{"type":"Feature","properties":{"osm_id":"node/5018774484","name":null,"species":null,"height":null,"source":"OpenStreetMap contributors","kind":"tree"},"geometry":{"type":"Point","coordinates":[14.4446826,35.8607004]}},{"type":"Feature","properties":{"osm_id":"node/5018774485","name":null,"species":null,"height":null,"source":"OpenStreetMap contributors","kind":"tree"},"geometry":{"type":"Point","coordinates":[14.4446383,35.8607525]}},{"type":"Feature","properties":{"osm_id":"node/5018774494","name":null,"species":null,"height":null,"source":"OpenStreetMap contributors","kind":"tree"},"geometry":{"type":"Point","coordinates":[14.4399203,35.8520037]}},{"type":"Feature","properties":{"osm_id":"node/5018774495","name":null,"species":null,"height":null,"source":"OpenStreetMap contributors","kind":"tree"},"geometry":{"type":"Point","coordinates":[14.4399921,35.8520629]}},{"type":"Feature","properties":{"osm_id":"node/5018774496","name":null,"species":null,"height":null,"source":"OpenStreetMap contributors","kind":"tree"},"geometry":{"type":"Point","coordinates":[14.4400712,35.8521282]}},{"type":"Feature","properties":{"osm_id":"node/5018774497","name":null,"species":null,"height":null,"source":"OpenStreetMap contributors","kind":"tree"},"geometry":{"type":"Point","coordinates":[14.4401389,35.8521841]}},{"type":"Feature","properties":{"osm_id":"node/5018774579","name":null,"species":null,"height":null,"source":"OpenStreetMap contributors","kind":"tree"},"geometry":{"type":"Point","coordinates":[14.433876,35.8505036]}},{"type":"Feature","properties":{"osm_id":"node/5018774580","name":null,"species":null,"height":null,"source":"OpenStreetMap contributors","kind":"tree"},"geometry":{"type":"Point","coordinates":[14.43388,35.8505351]}},{"type":"Feature","properties":{"osm_id":"node/5018774581","name":null,"species":null,"height":null,"source":"OpenStreetMap contributors","kind":"tree"},"geometry":{"type":"Point","coordinates":[14.4338867,35.8506101]}},{"type":"Feature","properties":{"osm_id":"node/5019460298","name":null,"species":null,"height":null,"source":"OpenStreetMap contributors","kind":"tree"},"geometry":{"type":"Point","coordinates":[14.3986867,35.8761653]}},{"type":"Feature","properties":{"osm_id":"node/5019460299","name":null,"species":null,"height":null,"source":"OpenStreetMap contributors","kind":"tree"},"geometry":{"type":"Point","coordinates":[14.3987346,35.8762236]}},{"type":"Feature","properties":{"osm_id":"node/5019460300","name":null,"species":null,"height":null,"source":"OpenStreetMap contributors","kind":"tree"},"geometry":{"type":"Point","coordinates":[14.3987824,35.8762819]}},{"type":"Feature","properties":{"osm_id":"node/5019460301","name":null,"species":null,"height":null,"source":"OpenStreetMap contributors","kind":"tree"},"geometry":{"type":"Point","coordinates":[14.3988302,35.8763403]}},{"type":"Feature","properties":{"osm_id":"node/5022996918","name":null,"species":null,"height":null,"source":"OpenStreetMap contributors","kind":"tree"},"geometry":{"type":"Point","coordinates":[14.4864312,35.8403055]}},{"type":"Feature","properties":{"osm_id":"node/5022997355","name":null,"species":null,"height":null,"source":"OpenStreetMap contributors","kind":"tree"},"geometry":{"type":"Point","coordinates":[14.41156,35.937794]}},{"type":"Feature","properties":{"osm_id":"node/5026551287","name":null,"species":null,"height":null,"source":"OpenStreetMap contributors","kind":"tree"},"geometry":{"type":"Point","coordinates":[14.4725762,35.8898704]}},{"type":"Feature","properties":{"osm_id":"node/5026551320","name":null,"species":null,"height":null,"source":"OpenStreetMap contributors","kind":"tree"},"geometry":{"type":"Point","coordinates":[14.4624958,35.8923155]}},{"type":"Feature","properties":{"osm_id":"node/5026551321","name":null,"species":null,"height":null,"source":"OpenStreetMap contributors","kind":"tree"},"geometry":{"type":"Point","coordinates":[14.4624343,35.892338]}},{"type":"Feature","properties":{"osm_id":"node/5026551322","name":null,"species":null,"height":null,"source":"OpenStreetMap contributors","kind":"tree"},"geometry":{"type":"Point","coordinates":[14.4623965,35.8923518]}},{"type":"Feature","properties":{"osm_id":"node/5026551323","name":null,"species":null,"height":null,"source":"OpenStreetMap contributors","kind":"tree"},"geometry":{"type":"Point","coordinates":[14.4623749,35.8923598]}},{"type":"Feature","properties":{"osm_id":"node/5026551324","name":null,"species":null,"height":null,"source":"OpenStreetMap contributors","kind":"tree"},"geometry":{"type":"Point","coordinates":[14.4623354,35.8923742]}},{"type":"Feature","properties":{"osm_id":"node/5026551325","name":null,"species":null,"height":null,"source":"OpenStreetMap contributors","kind":"tree"},"geometry":{"type":"Point","coordinates":[14.4622988,35.8923876]}},{"type":"Feature","properties":{"osm_id":"node/5026551328","name":null,"species":null,"height":null,"source":"OpenStreetMap contributors","kind":"tree"},"geometry":{"type":"Point","coordinates":[14.462265,35.8924]}},{"type":"Feature","properties":{"osm_id":"node/5026551329","name":null,"species":null,"height":null,"source":"OpenStreetMap contributors","kind":"tree"},"geometry":{"type":"Point","coordinates":[14.4621827,35.8924301]}},{"type":"Feature","properties":{"osm_id":"node/5026551346","name":null,"species":null,"height":null,"source":"OpenStreetMap contributors","kind":"tree"},"geometry":{"type":"Point","coordinates":[14.4586824,35.8928875]}},{"type":"Feature","properties":{"osm_id":"node/5026551347","name":null,"species":null,"height":null,"source":"OpenStreetMap contributors","kind":"tree"},"geometry":{"type":"Point","coordinates":[14.4582465,35.8928343]}},{"type":"Feature","properties":{"osm_id":"node/5026551413","name":null,"species":null,"height":null,"source":"OpenStreetMap contributors","kind":"tree"},"geometry":{"type":"Point","coordinates":[14.4732776,35.8957818]}},{"type":"Feature","properties":{"osm_id":"node/5026551414","name":null,"species":null,"height":null,"source":"OpenStreetMap contributors","kind":"tree"},"geometry":{"type":"Point","coordinates":[14.4733514,35.8957589]}},{"type":"Feature","properties":{"osm_id":"node/5026551415","name":null,"species":null,"height":null,"source":"OpenStreetMap contributors","kind":"tree"},"geometry":{"type":"Point","coordinates":[14.473413,35.8957403]}},{"type":"Feature","properties":{"osm_id":"node/5026551416","name":null,"species":null,"height":null,"source":"OpenStreetMap contributors","kind":"tree"},"geometry":{"type":"Point","coordinates":[14.4734842,35.8957187]}},{"type":"Feature","properties":{"osm_id":"node/5026551421","name":null,"species":null,"height":null,"source":"OpenStreetMap contributors","kind":"tree"},"geometry":{"type":"Point","coordinates":[14.4775785,35.8944791]}},{"type":"Feature","properties":{"osm_id":"node/5026551422","name":null,"species":null,"height":null,"source":"OpenStreetMap contributors","kind":"tree"},"geometry":{"type":"Point","coordinates":[14.4774916,35.8944984]}},{"type":"Feature","properties":{"osm_id":"node/5026551423","name":null,"species":null,"height":null,"source":"OpenStreetMap contributors","kind":"tree"},"geometry":{"type":"Point","coordinates":[14.4774104,35.8945164]}},{"type":"Feature","properties":{"osm_id":"node/5026551424","name":null,"species":null,"height":null,"source":"OpenStreetMap contributors","kind":"tree"},"geometry":{"type":"Point","coordinates":[14.4773331,35.8945335]}},{"type":"Feature","properties":{"osm_id":"node/5026551469","name":null,"species":null,"height":null,"source":"OpenStreetMap contributors","kind":"tree"},"geometry":{"type":"Point","coordinates":[14.4947004,35.8958567]}},{"type":"Feature","properties":{"osm_id":"node/5026551470","name":null,"species":null,"height":null,"source":"OpenStreetMap contributors","kind":"tree"},"geometry":{"type":"Point","coordinates":[14.4947594,35.8958854]}},{"type":"Feature","properties":{"osm_id":"node/5026551471","name":null,"species":null,"height":null,"source":"OpenStreetMap contributors","kind":"tree"},"geometry":{"type":"Point","coordinates":[14.4948044,35.8959072]}},{"type":"Feature","properties":{"osm_id":"node/5026551472","name":null,"species":null,"height":null,"source":"OpenStreetMap contributors","kind":"tree"},"geometry":{"type":"Point","coordinates":[14.4948671,35.8959377]}},{"type":"Feature","properties":{"osm_id":"node/5026551473","name":null,"species":null,"height":null,"source":"OpenStreetMap contributors","kind":"tree"},"geometry":{"type":"Point","coordinates":[14.4949754,35.8959903]}},{"type":"Feature","properties":{"osm_id":"node/5029126541","name":null,"species":null,"height":null,"source":"OpenStreetMap contributors","kind":"tree"},"geometry":{"type":"Point","coordinates":[14.478115,35.8764315]}},{"type":"Feature","properties":{"osm_id":"node/5029126542","name":null,"species":null,"height":null,"source":"OpenStreetMap contributors","kind":"tree"},"geometry":{"type":"Point","coordinates":[14.4780747,35.8764045]}},{"type":"Feature","properties":{"osm_id":"node/5029126543","name":null,"species":null,"height":null,"source":"OpenStreetMap contributors","kind":"tree"},"geometry":{"type":"Point","coordinates":[14.4780394,35.8763807]}},{"type":"Feature","properties":{"osm_id":"node/5029126544","name":null,"species":null,"height":null,"source":"OpenStreetMap contributors","kind":"tree"},"geometry":{"type":"Point","coordinates":[14.478005,35.8763576]}},{"type":"Feature","properties":{"osm_id":"node/5029126644","name":null,"species":null,"height":null,"source":"OpenStreetMap contributors","kind":"tree"},"geometry":{"type":"Point","coordinates":[14.4638081,35.8780985]}},{"type":"Feature","properties":{"osm_id":"node/5029126645","name":null,"species":null,"height":null,"source":"OpenStreetMap contributors","kind":"tree"},"geometry":{"type":"Point","coordinates":[14.4637712,35.8780941]}},{"type":"Feature","properties":{"osm_id":"node/5029126646","name":null,"species":null,"height":null,"source":"OpenStreetMap contributors","kind":"tree"},"geometry":{"type":"Point","coordinates":[14.4637424,35.8781077]}},{"type":"Feature","properties":{"osm_id":"node/5029126647","name":null,"species":null,"height":null,"source":"OpenStreetMap contributors","kind":"tree"},"geometry":{"type":"Point","coordinates":[14.4636693,35.8781007]}},{"type":"Feature","properties":{"osm_id":"node/5029126648","name":null,"species":null,"height":null,"source":"OpenStreetMap contributors","kind":"tree"},"geometry":{"type":"Point","coordinates":[14.4636341,35.8781023]}},{"type":"Feature","properties":{"osm_id":"node/5029126649","name":null,"species":null,"height":null,"source":"OpenStreetMap contributors","kind":"tree"},"geometry":{"type":"Point","coordinates":[14.4635989,35.8781039]}},{"type":"Feature","properties":{"osm_id":"node/5037683582","name":null,"species":null,"height":null,"source":"OpenStreetMap contributors","kind":"tree"},"geometry":{"type":"Point","coordinates":[14.5606627,35.8567875]}},{"type":"Feature","properties":{"osm_id":"node/5037683583","name":null,"species":null,"height":null,"source":"OpenStreetMap contributors","kind":"tree"},"geometry":{"type":"Point","coordinates":[14.5562464,35.8554342]}},{"type":"Feature","properties":{"osm_id":"node/5054391754","name":null,"species":null,"height":null,"source":"OpenStreetMap contributors","kind":"tree"},"geometry":{"type":"Point","coordinates":[14.4741252,35.9028018]}},{"type":"Feature","properties":{"osm_id":"node/5096994841","name":null,"species":null,"height":null,"source":"OpenStreetMap contributors","kind":"tree"},"geometry":{"type":"Point","coordinates":[14.5207434,35.8668374]}},{"type":"Feature","properties":{"osm_id":"node/5126289557","name":null,"species":null,"height":null,"source":"OpenStreetMap contributors","kind":"tree"},"geometry":{"type":"Point","coordinates":[14.5339087,35.8580512]}},{"type":"Feature","properties":{"osm_id":"node/5126289558","name":null,"species":null,"height":null,"source":"OpenStreetMap contributors","kind":"tree"},"geometry":{"type":"Point","coordinates":[14.5339436,35.8580697]}},{"type":"Feature","properties":{"osm_id":"node/5129955910","name":null,"species":null,"height":null,"source":"OpenStreetMap contributors","kind":"tree"},"geometry":{"type":"Point","coordinates":[14.5321116,35.8601038]}},{"type":"Feature","properties":{"osm_id":"node/5129955914","name":null,"species":null,"height":null,"source":"OpenStreetMap contributors","kind":"tree"},"geometry":{"type":"Point","coordinates":[14.5288636,35.8602968]}},{"type":"Feature","properties":{"osm_id":"node/5129955950","name":null,"species":null,"height":null,"source":"OpenStreetMap contributors","kind":"tree"},"geometry":{"type":"Point","coordinates":[14.5375886,35.8551087]}},{"type":"Feature","properties":{"osm_id":"node/5142262613","name":null,"species":null,"height":null,"source":"OpenStreetMap contributors","kind":"tree"},"geometry":{"type":"Point","coordinates":[14.488711,35.8588763]}},{"type":"Feature","properties":{"osm_id":"node/5142262614","name":null,"species":null,"height":null,"source":"OpenStreetMap contributors","kind":"tree"},"geometry":{"type":"Point","coordinates":[14.4886898,35.858791]}},{"type":"Feature","properties":{"osm_id":"node/5142262615","name":null,"species":null,"height":null,"source":"OpenStreetMap contributors","kind":"tree"},"geometry":{"type":"Point","coordinates":[14.4887207,35.8590592]}},{"type":"Feature","properties":{"osm_id":"node/5147487334","name":null,"species":null,"height":null,"source":"OpenStreetMap contributors","kind":"tree"},"geometry":{"type":"Point","coordinates":[14.4437075,35.9137035]}},{"type":"Feature","properties":{"osm_id":"node/5147487335","name":null,"species":null,"height":null,"source":"OpenStreetMap contributors","kind":"tree"},"geometry":{"type":"Point","coordinates":[14.4435825,35.9136904]}},{"type":"Feature","properties":{"osm_id":"node/5147487336","name":null,"species":null,"height":null,"source":"OpenStreetMap contributors","kind":"tree"},"geometry":{"type":"Point","coordinates":[14.4435215,35.9136887]}},{"type":"Feature","properties":{"osm_id":"node/5147487337","name":null,"species":null,"height":null,"source":"OpenStreetMap contributors","kind":"tree"},"geometry":{"type":"Point","coordinates":[14.4434443,35.9136764]}},{"type":"Feature","properties":{"osm_id":"node/5147487338","name":null,"species":null,"height":null,"source":"OpenStreetMap contributors","kind":"tree"},"geometry":{"type":"Point","coordinates":[14.4433894,35.913683]}},{"type":"Feature","properties":{"osm_id":"node/5147487339","name":null,"species":null,"height":null,"source":"OpenStreetMap contributors","kind":"tree"},"geometry":{"type":"Point","coordinates":[14.4433396,35.9136764]}},{"type":"Feature","properties":{"osm_id":"node/5160347301","name":null,"species":null,"height":null,"source":"OpenStreetMap contributors","kind":"tree"},"geometry":{"type":"Point","coordinates":[14.422876,35.9142823]}},{"type":"Feature","properties":{"osm_id":"node/5170661739","name":null,"species":null,"height":null,"source":"OpenStreetMap contributors","kind":"tree"},"geometry":{"type":"Point","coordinates":[14.5400578,35.8586624]}},{"type":"Feature","properties":{"osm_id":"node/5170661740","name":null,"species":null,"height":null,"source":"OpenStreetMap contributors","kind":"tree"},"geometry":{"type":"Point","coordinates":[14.5401624,35.8586971]}},{"type":"Feature","properties":{"osm_id":"node/5170687268","name":null,"species":null,"height":null,"source":"OpenStreetMap contributors","kind":"tree"},"geometry":{"type":"Point","coordinates":[14.4926144,35.8830522]}},{"type":"Feature","properties":{"osm_id":"node/5172423399","name":null,"species":null,"height":null,"source":"OpenStreetMap contributors","kind":"tree"},"geometry":{"type":"Point","coordinates":[14.4841605,35.8332776]}},{"type":"Feature","properties":{"osm_id":"node/5190588184","name":null,"species":null,"height":null,"source":"OpenStreetMap contributors","kind":"tree"},"geometry":{"type":"Point","coordinates":[14.5014332,35.8714432]}},{"type":"Feature","properties":{"osm_id":"node/5190588185","name":null,"species":null,"height":null,"source":"OpenStreetMap contributors","kind":"tree"},"geometry":{"type":"Point","coordinates":[14.5012747,35.871533]}},{"type":"Feature","properties":{"osm_id":"node/5190588186","name":null,"species":null,"height":null,"source":"OpenStreetMap contributors","kind":"tree"},"geometry":{"type":"Point","coordinates":[14.5011669,35.8716022]}},{"type":"Feature","properties":{"osm_id":"node/5190588195","name":null,"species":null,"height":null,"source":"OpenStreetMap contributors","kind":"tree"},"geometry":{"type":"Point","coordinates":[14.5051609,35.8705372]}},{"type":"Feature","properties":{"osm_id":"node/5190613643","name":null,"species":null,"height":null,"source":"OpenStreetMap contributors","kind":"tree"},"geometry":{"type":"Point","coordinates":[14.5293932,35.8657521]}},{"type":"Feature","properties":{"osm_id":"node/5190613644","name":null,"species":null,"height":null,"source":"OpenStreetMap contributors","kind":"tree"},"geometry":{"type":"Point","coordinates":[14.5294595,35.8656273]}},{"type":"Feature","properties":{"osm_id":"node/5190613645","name":null,"species":null,"height":null,"source":"OpenStreetMap contributors","kind":"tree"},"geometry":{"type":"Point","coordinates":[14.5295488,35.8654488]}},{"type":"Feature","properties":{"osm_id":"node/5190613646","name":null,"species":null,"height":null,"source":"OpenStreetMap contributors","kind":"tree"},"geometry":{"type":"Point","coordinates":[14.5295873,35.8653826]}},{"type":"Feature","properties":{"osm_id":"node/5193202340","name":null,"species":null,"height":null,"source":"OpenStreetMap contributors","kind":"tree"},"geometry":{"type":"Point","coordinates":[14.4607648,35.8970225]}},{"type":"Feature","properties":{"osm_id":"node/5202190978","name":null,"species":null,"height":null,"source":"OpenStreetMap contributors","kind":"tree"},"geometry":{"type":"Point","coordinates":[14.5206448,35.8896787]}},{"type":"Feature","properties":{"osm_id":"node/5202190979","name":null,"species":null,"height":null,"source":"OpenStreetMap contributors","kind":"tree"},"geometry":{"type":"Point","coordinates":[14.5205505,35.8895071]}},{"type":"Feature","properties":{"osm_id":"node/5202190980","name":null,"species":null,"height":null,"source":"OpenStreetMap contributors","kind":"tree"},"geometry":{"type":"Point","coordinates":[14.5205366,35.8896149]}},{"type":"Feature","properties":{"osm_id":"node/5203670550","name":null,"species":null,"height":null,"source":"OpenStreetMap contributors","kind":"tree"},"geometry":{"type":"Point","coordinates":[14.4307743,35.8871565]}},{"type":"Feature","properties":{"osm_id":"node/5203670551","name":null,"species":null,"height":null,"source":"OpenStreetMap contributors","kind":"tree"},"geometry":{"type":"Point","coordinates":[14.4309114,35.8871131]}},{"type":"Feature","properties":{"osm_id":"node/5203670552","name":null,"species":null,"height":null,"source":"OpenStreetMap contributors","kind":"tree"},"geometry":{"type":"Point","coordinates":[14.4309877,35.8872017]}},{"type":"Feature","properties":{"osm_id":"node/5203670553","name":null,"species":null,"height":null,"source":"OpenStreetMap contributors","kind":"tree"},"geometry":{"type":"Point","coordinates":[14.4310832,35.8872978]}},{"type":"Feature","properties":{"osm_id":"node/5203670554","name":null,"species":null,"height":null,"source":"OpenStreetMap contributors","kind":"tree"},"geometry":{"type":"Point","coordinates":[14.4311818,35.8873877]}},{"type":"Feature","properties":{"osm_id":"node/5203670555","name":null,"species":null,"height":null,"source":"OpenStreetMap contributors","kind":"tree"},"geometry":{"type":"Point","coordinates":[14.4311625,35.8875088]}},{"type":"Feature","properties":{"osm_id":"node/5203670556","name":null,"species":null,"height":null,"source":"OpenStreetMap contributors","kind":"tree"},"geometry":{"type":"Point","coordinates":[14.4310816,35.887437]}},{"type":"Feature","properties":{"osm_id":"node/5203670557","name":null,"species":null,"height":null,"source":"OpenStreetMap contributors","kind":"tree"},"geometry":{"type":"Point","coordinates":[14.4309746,35.8873322]}},{"type":"Feature","properties":{"osm_id":"node/5210959005","name":null,"species":null,"height":null,"source":"OpenStreetMap contributors","kind":"tree"},"geometry":{"type":"Point","coordinates":[14.4712813,35.8327301]}},{"type":"Feature","properties":{"osm_id":"node/5210959006","name":null,"species":null,"height":null,"source":"OpenStreetMap contributors","kind":"tree"},"geometry":{"type":"Point","coordinates":[14.4713216,35.8327628]}},{"type":"Feature","properties":{"osm_id":"node/5210959007","name":null,"species":null,"height":null,"source":"OpenStreetMap contributors","kind":"tree"},"geometry":{"type":"Point","coordinates":[14.4713484,35.832791]}},{"type":"Feature","properties":{"osm_id":"node/5219375487","name":null,"species":null,"height":null,"source":"OpenStreetMap contributors","kind":"tree"},"geometry":{"type":"Point","coordinates":[14.4344685,35.8898295]}},{"type":"Feature","properties":{"osm_id":"node/5219768917","name":null,"species":null,"height":null,"source":"OpenStreetMap contributors","kind":"tree"},"geometry":{"type":"Point","coordinates":[14.4968662,35.8884122]}},{"type":"Feature","properties":{"osm_id":"node/5220941103","name":null,"species":null,"height":null,"source":"OpenStreetMap contributors","kind":"tree"},"geometry":{"type":"Point","coordinates":[14.4907328,35.883522]}},{"type":"Feature","properties":{"osm_id":"node/5225875987","name":null,"species":null,"height":null,"source":"OpenStreetMap contributors","kind":"tree"},"geometry":{"type":"Point","coordinates":[14.4555098,35.8781866]}},{"type":"Feature","properties":{"osm_id":"node/5229764931","name":null,"species":null,"height":null,"source":"OpenStreetMap contributors","kind":"tree"},"geometry":{"type":"Point","coordinates":[14.5213128,35.8820486]}},{"type":"Feature","properties":{"osm_id":"node/5247259661","name":null,"species":null,"height":null,"source":"OpenStreetMap contributors","kind":"tree"},"geometry":{"type":"Point","coordinates":[14.5251706,35.8917426]}},{"type":"Feature","properties":{"osm_id":"node/5249993545","name":null,"species":null,"height":null,"source":"OpenStreetMap contributors","kind":"tree"},"geometry":{"type":"Point","coordinates":[14.5546508,35.8560108]}},{"type":"Feature","properties":{"osm_id":"node/5249993546","name":null,"species":null,"height":null,"source":"OpenStreetMap contributors","kind":"tree"},"geometry":{"type":"Point","coordinates":[14.5547155,35.8560258]}},{"type":"Feature","properties":{"osm_id":"node/5249993547","name":null,"species":null,"height":null,"source":"OpenStreetMap contributors","kind":"tree"},"geometry":{"type":"Point","coordinates":[14.5547017,35.8560021]}},{"type":"Feature","properties":{"osm_id":"node/5249993548","name":null,"species":null,"height":null,"source":"OpenStreetMap contributors","kind":"tree"},"geometry":{"type":"Point","coordinates":[14.5546832,35.8559684]}},{"type":"Feature","properties":{"osm_id":"node/5249993549","name":null,"species":null,"height":null,"source":"OpenStreetMap contributors","kind":"tree"},"geometry":{"type":"Point","coordinates":[14.5546354,35.8559896]}},{"type":"Feature","properties":{"osm_id":"node/5250351147","name":null,"species":null,"height":null,"source":"OpenStreetMap contributors","kind":"tree"},"geometry":{"type":"Point","coordinates":[14.5209148,35.8882178]}},{"type":"Feature","properties":{"osm_id":"node/5253531858","name":null,"species":null,"height":null,"source":"OpenStreetMap contributors","kind":"tree"},"geometry":{"type":"Point","coordinates":[14.4946951,35.890013]}},{"type":"Feature","properties":{"osm_id":"node/5255410358","name":null,"species":null,"height":null,"source":"OpenStreetMap contributors","kind":"tree"},"geometry":{"type":"Point","coordinates":[14.5157307,35.8486641]}},{"type":"Feature","properties":{"osm_id":"node/5257908507","name":null,"species":null,"height":null,"source":"OpenStreetMap contributors","kind":"tree"},"geometry":{"type":"Point","coordinates":[14.3820562,35.8594019]}},{"type":"Feature","properties":{"osm_id":"node/5262230241","name":null,"species":null,"height":null,"source":"OpenStreetMap contributors","kind":"tree"},"geometry":{"type":"Point","coordinates":[14.4711868,35.9098918]}},{"type":"Feature","properties":{"osm_id":"node/5263350000","name":null,"species":null,"height":null,"source":"OpenStreetMap contributors","kind":"tree"},"geometry":{"type":"Point","coordinates":[14.5060833,35.8474562]}},{"type":"Feature","properties":{"osm_id":"node/5265211149","name":null,"species":null,"height":null,"source":"OpenStreetMap contributors","kind":"tree"},"geometry":{"type":"Point","coordinates":[14.4976922,35.8780976]}},{"type":"Feature","properties":{"osm_id":"node/5267603457","name":null,"species":null,"height":null,"source":"OpenStreetMap contributors","kind":"tree"},"geometry":{"type":"Point","coordinates":[14.4689982,35.8780403]}},{"type":"Feature","properties":{"osm_id":"node/5267603458","name":null,"species":null,"height":null,"source":"OpenStreetMap contributors","kind":"tree"},"geometry":{"type":"Point","coordinates":[14.4688944,35.8779993]}},{"type":"Feature","properties":{"osm_id":"node/5273452673","name":null,"species":null,"height":null,"source":"OpenStreetMap contributors","kind":"tree"},"geometry":{"type":"Point","coordinates":[14.4318951,35.9077081]}},{"type":"Feature","properties":{"osm_id":"node/5276893601","name":null,"species":null,"height":null,"source":"OpenStreetMap contributors","kind":"tree"},"geometry":{"type":"Point","coordinates":[14.5291902,35.871331]}},{"type":"Feature","properties":{"osm_id":"node/5285323763","name":null,"species":null,"height":null,"source":"OpenStreetMap contributors","kind":"tree"},"geometry":{"type":"Point","coordinates":[14.485488,35.8575084]}},{"type":"Feature","properties":{"osm_id":"node/5285612630","name":null,"species":null,"height":null,"source":"OpenStreetMap contributors","kind":"tree"},"geometry":{"type":"Point","coordinates":[14.539548,35.8532975]}},{"type":"Feature","properties":{"osm_id":"node/5290215913","name":null,"species":null,"height":null,"source":"OpenStreetMap contributors","kind":"tree"},"geometry":{"type":"Point","coordinates":[14.4700547,35.8927677]}},{"type":"Feature","properties":{"osm_id":"node/5304294399","name":null,"species":null,"height":null,"source":"OpenStreetMap contributors","kind":"tree"},"geometry":{"type":"Point","coordinates":[14.365403,35.9566285]}},{"type":"Feature","properties":{"osm_id":"node/5316661570","name":null,"species":null,"height":null,"source":"OpenStreetMap contributors","kind":"tree"},"geometry":{"type":"Point","coordinates":[14.5174282,35.8919868]}},{"type":"Feature","properties":{"osm_id":"node/5316661571","name":null,"species":null,"height":null,"source":"OpenStreetMap contributors","kind":"tree"},"geometry":{"type":"Point","coordinates":[14.517591,35.8919079]}},{"type":"Feature","properties":{"osm_id":"node/5316661572","name":null,"species":null,"height":null,"source":"OpenStreetMap contributors","kind":"tree"},"geometry":{"type":"Point","coordinates":[14.5177167,35.8918549]}},{"type":"Feature","properties":{"osm_id":"node/5316661573","name":null,"species":null,"height":null,"source":"OpenStreetMap contributors","kind":"tree"},"geometry":{"type":"Point","coordinates":[14.5178176,35.8918104]}},{"type":"Feature","properties":{"osm_id":"node/5334432867","name":null,"species":null,"height":null,"source":"OpenStreetMap contributors","kind":"tree"},"geometry":{"type":"Point","coordinates":[14.4942364,35.8810054]}},{"type":"Feature","properties":{"osm_id":"node/5339350320","name":null,"species":null,"height":null,"source":"OpenStreetMap contributors","kind":"tree"},"geometry":{"type":"Point","coordinates":[14.4479138,35.8722888]}},{"type":"Feature","properties":{"osm_id":"node/5339350521","name":null,"species":null,"height":null,"source":"OpenStreetMap contributors","kind":"tree"},"geometry":{"type":"Point","coordinates":[14.4431265,35.8712032]}},{"type":"Feature","properties":{"osm_id":"node/5369696058","name":null,"species":null,"height":null,"source":"OpenStreetMap contributors","kind":"tree"},"geometry":{"type":"Point","coordinates":[14.3641902,35.953421]}},{"type":"Feature","properties":{"osm_id":"node/5369696059","name":null,"species":null,"height":null,"source":"OpenStreetMap contributors","kind":"tree"},"geometry":{"type":"Point","coordinates":[14.3641832,35.953369]}},{"type":"Feature","properties":{"osm_id":"node/5369696060","name":null,"species":null,"height":null,"source":"OpenStreetMap contributors","kind":"tree"},"geometry":{"type":"Point","coordinates":[14.3642813,35.9533218]}},{"type":"Feature","properties":{"osm_id":"node/5482531889","name":null,"species":null,"height":null,"source":"OpenStreetMap contributors","kind":"tree"},"geometry":{"type":"Point","coordinates":[14.5281765,35.8194825]}},{"type":"Feature","properties":{"osm_id":"node/5482531890","name":null,"species":null,"height":null,"source":"OpenStreetMap contributors","kind":"tree"},"geometry":{"type":"Point","coordinates":[14.5280996,35.8194428]}},{"type":"Feature","properties":{"osm_id":"node/5556000595","name":null,"species":null,"height":null,"source":"OpenStreetMap contributors","kind":"tree"},"geometry":{"type":"Point","coordinates":[14.4396059,35.87342]}},{"type":"Feature","properties":{"osm_id":"node/5556000596","name":null,"species":null,"height":null,"source":"OpenStreetMap contributors","kind":"tree"},"geometry":{"type":"Point","coordinates":[14.4396698,35.8733966]}},{"type":"Feature","properties":{"osm_id":"node/5582271537","name":"Old Carob Tree","species":"Ceratonia siliqua","height":null,"source":"OpenStreetMap contributors","kind":"tree"},"geometry":{"type":"Point","coordinates":[14.380459,35.9485038]}},{"type":"Feature","properties":{"osm_id":"node/5673052304","name":null,"species":null,"height":null,"source":"OpenStreetMap contributors","kind":"tree"},"geometry":{"type":"Point","coordinates":[14.4703591,35.8305809]}},{"type":"Feature","properties":{"osm_id":"node/5673052305","name":null,"species":null,"height":null,"source":"OpenStreetMap contributors","kind":"tree"},"geometry":{"type":"Point","coordinates":[14.470398,35.8306135]}},{"type":"Feature","properties":{"osm_id":"node/5673052306","name":null,"species":null,"height":null,"source":"OpenStreetMap contributors","kind":"tree"},"geometry":{"type":"Point","coordinates":[14.4708083,35.83098]}},{"type":"Feature","properties":{"osm_id":"node/5673052307","name":null,"species":null,"height":null,"source":"OpenStreetMap contributors","kind":"tree"},"geometry":{"type":"Point","coordinates":[14.4708486,35.8310148]}},{"type":"Feature","properties":{"osm_id":"node/5673052308","name":null,"species":null,"height":null,"source":"OpenStreetMap contributors","kind":"tree"},"geometry":{"type":"Point","coordinates":[14.4709398,35.831105]}},{"type":"Feature","properties":{"osm_id":"node/5673052309","name":null,"species":null,"height":null,"source":"OpenStreetMap contributors","kind":"tree"},"geometry":{"type":"Point","coordinates":[14.4709867,35.8311365]}},{"type":"Feature","properties":{"osm_id":"node/5673052310","name":null,"species":null,"height":null,"source":"OpenStreetMap contributors","kind":"tree"},"geometry":{"type":"Point","coordinates":[14.4710256,35.8311724]}},{"type":"Feature","properties":{"osm_id":"node/5695953600","name":null,"species":null,"height":null,"source":"OpenStreetMap contributors","kind":"tree"},"geometry":{"type":"Point","coordinates":[14.4579096,35.903235]}},{"type":"Feature","properties":{"osm_id":"node/5695953601","name":null,"species":null,"height":null,"source":"OpenStreetMap contributors","kind":"tree"},"geometry":{"type":"Point","coordinates":[14.457747,35.9031584]}},{"type":"Feature","properties":{"osm_id":"node/6147055278","name":null,"species":null,"height":null,"source":"OpenStreetMap contributors","kind":"tree"},"geometry":{"type":"Point","coordinates":[14.4877138,35.9113553]}},{"type":"Feature","properties":{"osm_id":"node/6163468077","name":null,"species":null,"height":null,"source":"OpenStreetMap contributors","kind":"tree"},"geometry":{"type":"Point","coordinates":[14.5411067,35.8778604]}},{"type":"Feature","properties":{"osm_id":"node/6163468078","name":null,"species":null,"height":null,"source":"OpenStreetMap contributors","kind":"tree"},"geometry":{"type":"Point","coordinates":[14.541066,35.8779292]}},{"type":"Feature","properties":{"osm_id":"node/6227042321","name":null,"species":null,"height":null,"source":"OpenStreetMap contributors","kind":"tree"},"geometry":{"type":"Point","coordinates":[14.4785596,35.899407]}},{"type":"Feature","properties":{"osm_id":"node/6227042322","name":null,"species":null,"height":null,"source":"OpenStreetMap contributors","kind":"tree"},"geometry":{"type":"Point","coordinates":[14.4783648,35.899142]}},{"type":"Feature","properties":{"osm_id":"node/6227042323","name":null,"species":null,"height":null,"source":"OpenStreetMap contributors","kind":"tree"},"geometry":{"type":"Point","coordinates":[14.4784108,35.8991971]}},{"type":"Feature","properties":{"osm_id":"node/6245573908","name":null,"species":null,"height":null,"source":"OpenStreetMap contributors","kind":"tree"},"geometry":{"type":"Point","coordinates":[14.4328326,35.8900692]}},{"type":"Feature","properties":{"osm_id":"node/6245573909","name":null,"species":null,"height":null,"source":"OpenStreetMap contributors","kind":"tree"},"geometry":{"type":"Point","coordinates":[14.4328313,35.8901355]}},{"type":"Feature","properties":{"osm_id":"node/6245573910","name":null,"species":null,"height":null,"source":"OpenStreetMap contributors","kind":"tree"},"geometry":{"type":"Point","coordinates":[14.4327186,35.8903278]}},{"type":"Feature","properties":{"osm_id":"node/6245573911","name":null,"species":null,"height":null,"source":"OpenStreetMap contributors","kind":"tree"},"geometry":{"type":"Point","coordinates":[14.431975,35.8895694]}},{"type":"Feature","properties":{"osm_id":"node/6245573912","name":null,"species":null,"height":null,"source":"OpenStreetMap contributors","kind":"tree"},"geometry":{"type":"Point","coordinates":[14.4318006,35.8895265]}},{"type":"Feature","properties":{"osm_id":"node/6245573913","name":null,"species":null,"height":null,"source":"OpenStreetMap contributors","kind":"tree"},"geometry":{"type":"Point","coordinates":[14.4318033,35.8896113]}},{"type":"Feature","properties":{"osm_id":"node/6245573914","name":null,"species":null,"height":null,"source":"OpenStreetMap contributors","kind":"tree"},"geometry":{"type":"Point","coordinates":[14.4317906,35.8897433]}},{"type":"Feature","properties":{"osm_id":"node/6245573915","name":null,"species":null,"height":null,"source":"OpenStreetMap contributors","kind":"tree"},"geometry":{"type":"Point","coordinates":[14.4318067,35.8897949]}},{"type":"Feature","properties":{"osm_id":"node/6265778434","name":null,"species":null,"height":null,"source":"OpenStreetMap contributors","kind":"tree"},"geometry":{"type":"Point","coordinates":[14.506829,35.878898]}},{"type":"Feature","properties":{"osm_id":"node/6310455306","name":null,"species":null,"height":null,"source":"OpenStreetMap contributors","kind":"tree"},"geometry":{"type":"Point","coordinates":[14.4379881,35.9049643]}},{"type":"Feature","properties":{"osm_id":"node/6310455307","name":null,"species":null,"height":null,"source":"OpenStreetMap contributors","kind":"tree"},"geometry":{"type":"Point","coordinates":[14.4379499,35.9049361]}},{"type":"Feature","properties":{"osm_id":"node/6310455308","name":null,"species":null,"height":null,"source":"OpenStreetMap contributors","kind":"tree"},"geometry":{"type":"Point","coordinates":[14.4379096,35.9049068]}},{"type":"Feature","properties":{"osm_id":"node/6310455309","name":null,"species":null,"height":null,"source":"OpenStreetMap contributors","kind":"tree"},"geometry":{"type":"Point","coordinates":[14.4378701,35.9048807]}},{"type":"Feature","properties":{"osm_id":"node/6310455310","name":null,"species":null,"height":null,"source":"OpenStreetMap contributors","kind":"tree"},"geometry":{"type":"Point","coordinates":[14.4378339,35.9048535]}},{"type":"Feature","properties":{"osm_id":"node/6366933037","name":null,"species":null,"height":null,"source":"OpenStreetMap contributors","kind":"tree"},"geometry":{"type":"Point","coordinates":[14.5445483,35.8848197]}},{"type":"Feature","properties":{"osm_id":"node/6398206230","name":null,"species":null,"height":null,"source":"OpenStreetMap contributors","kind":"tree"},"geometry":{"type":"Point","coordinates":[14.4830723,35.8923506]}},{"type":"Feature","properties":{"osm_id":"node/6471680468","name":null,"species":null,"height":null,"source":"OpenStreetMap contributors","kind":"tree"},"geometry":{"type":"Point","coordinates":[14.478757,35.9065293]}},{"type":"Feature","properties":{"osm_id":"node/6518752287","name":null,"species":null,"height":null,"source":"OpenStreetMap contributors","kind":"tree"},"geometry":{"type":"Point","coordinates":[14.4897515,35.8874095]}},{"type":"Feature","properties":{"osm_id":"node/6518752288","name":null,"species":null,"height":null,"source":"OpenStreetMap contributors","kind":"tree"},"geometry":{"type":"Point","coordinates":[14.4897973,35.887324]}},{"type":"Feature","properties":{"osm_id":"node/6681748932","name":null,"species":null,"height":null,"source":"OpenStreetMap contributors","kind":"tree"},"geometry":{"type":"Point","coordinates":[14.487814,35.8987229]}},{"type":"Feature","properties":{"osm_id":"node/6681748933","name":null,"species":null,"height":null,"source":"OpenStreetMap contributors","kind":"tree"},"geometry":{"type":"Point","coordinates":[14.4877217,35.8986441]}},{"type":"Feature","properties":{"osm_id":"node/6681748934","name":null,"species":null,"height":null,"source":"OpenStreetMap contributors","kind":"tree"},"geometry":{"type":"Point","coordinates":[14.4876244,35.8985613]}},{"type":"Feature","properties":{"osm_id":"node/6681748935","name":null,"species":null,"height":null,"source":"OpenStreetMap contributors","kind":"tree"},"geometry":{"type":"Point","coordinates":[14.4877971,35.8986264]}},{"type":"Feature","properties":{"osm_id":"node/6681754742","name":null,"species":null,"height":null,"source":"OpenStreetMap contributors","kind":"tree"},"geometry":{"type":"Point","coordinates":[14.4906014,35.9012064]}},{"type":"Feature","properties":{"osm_id":"node/6681754743","name":null,"species":null,"height":null,"source":"OpenStreetMap contributors","kind":"tree"},"geometry":{"type":"Point","coordinates":[14.4905295,35.9012105]}},{"type":"Feature","properties":{"osm_id":"node/6681781189","name":null,"species":null,"height":null,"source":"OpenStreetMap contributors","kind":"tree"},"geometry":{"type":"Point","coordinates":[14.4886553,35.8974321]}},{"type":"Feature","properties":{"osm_id":"node/6795553769","name":null,"species":null,"height":null,"source":"OpenStreetMap contributors","kind":"tree"},"geometry":{"type":"Point","coordinates":[14.4737905,35.9231528]}},{"type":"Feature","properties":{"osm_id":"node/6827006988","name":null,"species":null,"height":null,"source":"OpenStreetMap contributors","kind":"tree"},"geometry":{"type":"Point","coordinates":[14.4173227,35.9168421]}},{"type":"Feature","properties":{"osm_id":"node/6846200776","name":null,"species":null,"height":null,"source":"OpenStreetMap contributors","kind":"tree"},"geometry":{"type":"Point","coordinates":[14.3615859,35.954037]}},{"type":"Feature","properties":{"osm_id":"node/6901717817","name":null,"species":null,"height":null,"source":"OpenStreetMap contributors","kind":"tree"},"geometry":{"type":"Point","coordinates":[14.4542893,35.8493676]}},{"type":"Feature","properties":{"osm_id":"node/6901717818","name":null,"species":null,"height":null,"source":"OpenStreetMap contributors","kind":"tree"},"geometry":{"type":"Point","coordinates":[14.4540868,35.8496323]}},{"type":"Feature","properties":{"osm_id":"node/6959929905","name":null,"species":null,"height":null,"source":"OpenStreetMap contributors","kind":"tree"},"geometry":{"type":"Point","coordinates":[14.4018256,35.8863148]}},{"type":"Feature","properties":{"osm_id":"node/6959929906","name":null,"species":null,"height":null,"source":"OpenStreetMap contributors","kind":"tree"},"geometry":{"type":"Point","coordinates":[14.4019093,35.886441]}},{"type":"Feature","properties":{"osm_id":"node/6959929907","name":null,"species":null,"height":null,"source":"OpenStreetMap contributors","kind":"tree"},"geometry":{"type":"Point","coordinates":[14.4020097,35.8866185]}},{"type":"Feature","properties":{"osm_id":"node/6959929908","name":null,"species":null,"height":null,"source":"OpenStreetMap contributors","kind":"tree"},"geometry":{"type":"Point","coordinates":[14.4019405,35.886498]}},{"type":"Feature","properties":{"osm_id":"node/6959929909","name":null,"species":null,"height":null,"source":"OpenStreetMap contributors","kind":"tree"},"geometry":{"type":"Point","coordinates":[14.4019827,35.8865703]}},{"type":"Feature","properties":{"osm_id":"node/7001076187","name":null,"species":null,"height":null,"source":"OpenStreetMap contributors","kind":"tree"},"geometry":{"type":"Point","coordinates":[14.4211367,35.9535589]}},{"type":"Feature","properties":{"osm_id":"node/7001076194","name":null,"species":null,"height":null,"source":"OpenStreetMap contributors","kind":"tree"},"geometry":{"type":"Point","coordinates":[14.4204894,35.9536342]}},{"type":"Feature","properties":{"osm_id":"node/7002846217","name":null,"species":null,"height":null,"source":"OpenStreetMap contributors","kind":"tree"},"geometry":{"type":"Point","coordinates":[14.4077624,35.9480016]}},{"type":"Feature","properties":{"osm_id":"node/7038120813","name":null,"species":null,"height":null,"source":"OpenStreetMap contributors","kind":"tree"},"geometry":{"type":"Point","coordinates":[14.4109017,35.948405]}},{"type":"Feature","properties":{"osm_id":"node/7042422249","name":null,"species":null,"height":null,"source":"OpenStreetMap contributors","kind":"tree"},"geometry":{"type":"Point","coordinates":[14.401502,35.8855623]}},{"type":"Feature","properties":{"osm_id":"node/7095724693","name":null,"species":null,"height":null,"source":"OpenStreetMap contributors","kind":"tree"},"geometry":{"type":"Point","coordinates":[14.4758901,35.8755147]}},{"type":"Feature","properties":{"osm_id":"node/7095724694","name":null,"species":null,"height":null,"source":"OpenStreetMap contributors","kind":"tree"},"geometry":{"type":"Point","coordinates":[14.475912,35.875563]}},{"type":"Feature","properties":{"osm_id":"node/7095724695","name":null,"species":null,"height":null,"source":"OpenStreetMap contributors","kind":"tree"},"geometry":{"type":"Point","coordinates":[14.4759576,35.8755118]}},{"type":"Feature","properties":{"osm_id":"node/7095724696","name":null,"species":null,"height":null,"source":"OpenStreetMap contributors","kind":"tree"},"geometry":{"type":"Point","coordinates":[14.4760023,35.8755182]}},{"type":"Feature","properties":{"osm_id":"node/7095724697","name":null,"species":null,"height":null,"source":"OpenStreetMap contributors","kind":"tree"},"geometry":{"type":"Point","coordinates":[14.4760558,35.8755402]}},{"type":"Feature","properties":{"osm_id":"node/7095724698","name":null,"species":null,"height":null,"source":"OpenStreetMap contributors","kind":"tree"},"geometry":{"type":"Point","coordinates":[14.4761767,35.8756404]}},{"type":"Feature","properties":{"osm_id":"node/7095724699","name":null,"species":null,"height":null,"source":"OpenStreetMap contributors","kind":"tree"},"geometry":{"type":"Point","coordinates":[14.476196,35.8756844]}},{"type":"Feature","properties":{"osm_id":"node/7095724700","name":null,"species":null,"height":null,"source":"OpenStreetMap contributors","kind":"tree"},"geometry":{"type":"Point","coordinates":[14.4762004,35.8757214]}},{"type":"Feature","properties":{"osm_id":"node/7095724701","name":null,"species":null,"height":null,"source":"OpenStreetMap contributors","kind":"tree"},"geometry":{"type":"Point","coordinates":[14.4761855,35.8757768]}},{"type":"Feature","properties":{"osm_id":"node/7095724702","name":null,"species":null,"height":null,"source":"OpenStreetMap contributors","kind":"tree"},"geometry":{"type":"Point","coordinates":[14.4761601,35.875818]}},{"type":"Feature","properties":{"osm_id":"node/7095724703","name":null,"species":null,"height":null,"source":"OpenStreetMap contributors","kind":"tree"},"geometry":{"type":"Point","coordinates":[14.4761285,35.8758584]}},{"type":"Feature","properties":{"osm_id":"node/7095724704","name":null,"species":null,"height":null,"source":"OpenStreetMap contributors","kind":"tree"},"geometry":{"type":"Point","coordinates":[14.476104,35.8758947]}},{"type":"Feature","properties":{"osm_id":"node/7095724705","name":null,"species":null,"height":null,"source":"OpenStreetMap contributors","kind":"tree"},"geometry":{"type":"Point","coordinates":[14.4760882,35.8759351]}},{"type":"Feature","properties":{"osm_id":"node/7095724706","name":null,"species":null,"height":null,"source":"OpenStreetMap contributors","kind":"tree"},"geometry":{"type":"Point","coordinates":[14.4760321,35.8759721]}},{"type":"Feature","properties":{"osm_id":"node/7095724707","name":null,"species":null,"height":null,"source":"OpenStreetMap contributors","kind":"tree"},"geometry":{"type":"Point","coordinates":[14.4760374,35.8759188]}},{"type":"Feature","properties":{"osm_id":"node/7095724708","name":null,"species":null,"height":null,"source":"OpenStreetMap contributors","kind":"tree"},"geometry":{"type":"Point","coordinates":[14.4760233,35.8758776]}},{"type":"Feature","properties":{"osm_id":"node/7095724709","name":null,"species":null,"height":null,"source":"OpenStreetMap contributors","kind":"tree"},"geometry":{"type":"Point","coordinates":[14.4760093,35.87583]}},{"type":"Feature","properties":{"osm_id":"node/7095724710","name":null,"species":null,"height":null,"source":"OpenStreetMap contributors","kind":"tree"},"geometry":{"type":"Point","coordinates":[14.4759918,35.8757867]}},{"type":"Feature","properties":{"osm_id":"node/7095724711","name":null,"species":null,"height":null,"source":"OpenStreetMap contributors","kind":"tree"},"geometry":{"type":"Point","coordinates":[14.4759699,35.8757398]}},{"type":"Feature","properties":{"osm_id":"node/7095724712","name":null,"species":null,"height":null,"source":"OpenStreetMap contributors","kind":"tree"},"geometry":{"type":"Point","coordinates":[14.4759629,35.8756894]}},{"type":"Feature","properties":{"osm_id":"node/7127771834","name":null,"species":null,"height":null,"source":"OpenStreetMap contributors","kind":"tree"},"geometry":{"type":"Point","coordinates":[14.4711729,35.9011909]}},{"type":"Feature","properties":{"osm_id":"node/7132778001","name":null,"species":null,"height":null,"source":"OpenStreetMap contributors","kind":"tree"},"geometry":{"type":"Point","coordinates":[14.4882095,35.9039367]}},{"type":"Feature","properties":{"osm_id":"node/7141211937","name":null,"species":null,"height":null,"source":"OpenStreetMap contributors","kind":"tree"},"geometry":{"type":"Point","coordinates":[14.5099949,35.8299547]}},{"type":"Feature","properties":{"osm_id":"node/7158358187","name":null,"species":null,"height":null,"source":"OpenStreetMap contributors","kind":"tree"},"geometry":{"type":"Point","coordinates":[14.4874356,35.8984882]}},{"type":"Feature","properties":{"osm_id":"node/7158574056","name":null,"species":null,"height":null,"source":"OpenStreetMap contributors","kind":"tree"},"geometry":{"type":"Point","coordinates":[14.4887556,35.8984777]}},{"type":"Feature","properties":{"osm_id":"node/7214335744","name":null,"species":null,"height":null,"source":"OpenStreetMap contributors","kind":"tree"},"geometry":{"type":"Point","coordinates":[14.4901351,35.8413458]}},{"type":"Feature","properties":{"osm_id":"node/7237082785","name":null,"species":null,"height":null,"source":"OpenStreetMap contributors","kind":"tree"},"geometry":{"type":"Point","coordinates":[14.5630127,35.8657879]}},{"type":"Feature","properties":{"osm_id":"node/7237082786","name":null,"species":null,"height":null,"source":"OpenStreetMap contributors","kind":"tree"},"geometry":{"type":"Point","coordinates":[14.5629967,35.865827]}},{"type":"Feature","properties":{"osm_id":"node/7237082787","name":null,"species":null,"height":null,"source":"OpenStreetMap contributors","kind":"tree"},"geometry":{"type":"Point","coordinates":[14.5632555,35.8656923]}},{"type":"Feature","properties":{"osm_id":"node/7237082788","name":null,"species":null,"height":null,"source":"OpenStreetMap contributors","kind":"tree"},"geometry":{"type":"Point","coordinates":[14.5633373,35.8660476]}},{"type":"Feature","properties":{"osm_id":"node/7249915694","name":null,"species":null,"height":null,"source":"OpenStreetMap contributors","kind":"tree"},"geometry":{"type":"Point","coordinates":[14.423368,35.8792478]}},{"type":"Feature","properties":{"osm_id":"node/7249915695","name":null,"species":null,"height":null,"source":"OpenStreetMap contributors","kind":"tree"},"geometry":{"type":"Point","coordinates":[14.4237502,35.8789281]}},{"type":"Feature","properties":{"osm_id":"node/7249915696","name":null,"species":null,"height":null,"source":"OpenStreetMap contributors","kind":"tree"},"geometry":{"type":"Point","coordinates":[14.4238582,35.8791008]}},{"type":"Feature","properties":{"osm_id":"node/7249915697","name":null,"species":null,"height":null,"source":"OpenStreetMap contributors","kind":"tree"},"geometry":{"type":"Point","coordinates":[14.4235945,35.8791797]}},{"type":"Feature","properties":{"osm_id":"node/7302715539","name":null,"species":null,"height":null,"source":"OpenStreetMap contributors","kind":"tree"},"geometry":{"type":"Point","coordinates":[14.4911801,35.8539842]}},{"type":"Feature","properties":{"osm_id":"node/7302715540","name":null,"species":null,"height":null,"source":"OpenStreetMap contributors","kind":"tree"},"geometry":{"type":"Point","coordinates":[14.4912735,35.8540523]}},{"type":"Feature","properties":{"osm_id":"node/7302715541","name":null,"species":null,"height":null,"source":"OpenStreetMap contributors","kind":"tree"},"geometry":{"type":"Point","coordinates":[14.4913599,35.8541053]}},{"type":"Feature","properties":{"osm_id":"node/7302715542","name":null,"species":null,"height":null,"source":"OpenStreetMap contributors","kind":"tree"},"geometry":{"type":"Point","coordinates":[14.4909442,35.8537722]}},{"type":"Feature","properties":{"osm_id":"node/7302715543","name":null,"species":null,"height":null,"source":"OpenStreetMap contributors","kind":"tree"},"geometry":{"type":"Point","coordinates":[14.4909665,35.8543296]}},{"type":"Feature","properties":{"osm_id":"node/7306500438","name":null,"species":null,"height":null,"source":"OpenStreetMap contributors","kind":"tree"},"geometry":{"type":"Point","coordinates":[14.3668955,35.8673815]}},{"type":"Feature","properties":{"osm_id":"node/7368590930","name":null,"species":null,"height":null,"source":"OpenStreetMap contributors","kind":"tree"},"geometry":{"type":"Point","coordinates":[14.5375261,35.8747158]}},{"type":"Feature","properties":{"osm_id":"node/7368590931","name":null,"species":null,"height":null,"source":"OpenStreetMap contributors","kind":"tree"},"geometry":{"type":"Point","coordinates":[14.5374833,35.8746926]}},{"type":"Feature","properties":{"osm_id":"node/7368590932","name":null,"species":null,"height":null,"source":"OpenStreetMap contributors","kind":"tree"},"geometry":{"type":"Point","coordinates":[14.5374348,35.8746683]}},{"type":"Feature","properties":{"osm_id":"node/7401666031","name":null,"species":null,"height":null,"source":"OpenStreetMap contributors","kind":"tree"},"geometry":{"type":"Point","coordinates":[14.5094938,35.8996566]}},{"type":"Feature","properties":{"osm_id":"node/7419779861","name":null,"species":null,"height":null,"source":"OpenStreetMap contributors","kind":"tree"},"geometry":{"type":"Point","coordinates":[14.4551595,35.9390903]}},{"type":"Feature","properties":{"osm_id":"node/7476520889","name":null,"species":null,"height":null,"source":"OpenStreetMap contributors","kind":"tree"},"geometry":{"type":"Point","coordinates":[14.5047939,35.8473659]}},{"type":"Feature","properties":{"osm_id":"node/7707253489","name":null,"species":null,"height":null,"source":"OpenStreetMap contributors","kind":"tree"},"geometry":{"type":"Point","coordinates":[14.4971872,35.8863343]}},{"type":"Feature","properties":{"osm_id":"node/7707253490","name":null,"species":null,"height":null,"source":"OpenStreetMap contributors","kind":"tree"},"geometry":{"type":"Point","coordinates":[14.4978194,35.8864635]}},{"type":"Feature","properties":{"osm_id":"node/8044201025","name":null,"species":null,"height":null,"source":"OpenStreetMap contributors","kind":"tree"},"geometry":{"type":"Point","coordinates":[14.4493111,35.8963513]}},{"type":"Feature","properties":{"osm_id":"node/8044201028","name":null,"species":null,"height":null,"source":"OpenStreetMap contributors","kind":"tree"},"geometry":{"type":"Point","coordinates":[14.4484995,35.8968599]}},{"type":"Feature","properties":{"osm_id":"node/8044201029","name":null,"species":"Tamarisk africana","height":null,"source":"OpenStreetMap contributors","kind":"tree"},"geometry":{"type":"Point","coordinates":[14.4480702,35.8965638]}},{"type":"Feature","properties":{"osm_id":"node/8044201030","name":null,"species":null,"height":null,"source":"OpenStreetMap contributors","kind":"tree"},"geometry":{"type":"Point","coordinates":[14.4485983,35.8968515]}},{"type":"Feature","properties":{"osm_id":"node/8044201031","name":null,"species":null,"height":null,"source":"OpenStreetMap contributors","kind":"tree"},"geometry":{"type":"Point","coordinates":[14.4490555,35.896589]}},{"type":"Feature","properties":{"osm_id":"node/8044201032","name":null,"species":"Laurus nobilis","height":null,"source":"OpenStreetMap contributors","kind":"tree"},"geometry":{"type":"Point","coordinates":[14.4482882,35.8968283]}},{"type":"Feature","properties":{"osm_id":"node/8044201033","name":null,"species":"Strelitzia nicolai","height":null,"source":"OpenStreetMap contributors","kind":"tree"},"geometry":{"type":"Point","coordinates":[14.4493576,35.8961633]}},{"type":"Feature","properties":{"osm_id":"node/8044201034","name":null,"species":"Washingtonia filifera","height":null,"source":"OpenStreetMap contributors","kind":"tree"},"geometry":{"type":"Point","coordinates":[14.449467,35.8960098]}},{"type":"Feature","properties":{"osm_id":"node/8044201035","name":null,"species":null,"height":null,"source":"OpenStreetMap contributors","kind":"tree"},"geometry":{"type":"Point","coordinates":[14.4484266,35.8968597]}},{"type":"Feature","properties":{"osm_id":"node/8044201036","name":null,"species":"Laurus nobilis","height":null,"source":"OpenStreetMap contributors","kind":"tree"},"geometry":{"type":"Point","coordinates":[14.448205,35.8965998]}},{"type":"Feature","properties":{"osm_id":"node/8044201037","name":null,"species":null,"height":null,"source":"OpenStreetMap contributors","kind":"tree"},"geometry":{"type":"Point","coordinates":[14.4482885,35.8968666]}},{"type":"Feature","properties":{"osm_id":"node/8044201038","name":null,"species":null,"height":null,"source":"OpenStreetMap contributors","kind":"tree"},"geometry":{"type":"Point","coordinates":[14.4493153,35.8963724]}},{"type":"Feature","properties":{"osm_id":"node/8044201039","name":null,"species":null,"height":null,"source":"OpenStreetMap contributors","kind":"tree"},"geometry":{"type":"Point","coordinates":[14.4488408,35.8967855]}},{"type":"Feature","properties":{"osm_id":"node/8044201040","name":null,"species":null,"height":null,"source":"OpenStreetMap contributors","kind":"tree"},"geometry":{"type":"Point","coordinates":[14.4490017,35.8967668]}},{"type":"Feature","properties":{"osm_id":"node/8044201042","name":null,"species":"Brahea armata","height":null,"source":"OpenStreetMap contributors","kind":"tree"},"geometry":{"type":"Point","coordinates":[14.4477563,35.8964156]}},{"type":"Feature","properties":{"osm_id":"node/8044201043","name":null,"species":"Celtis campestris","height":null,"source":"OpenStreetMap contributors","kind":"tree"},"geometry":{"type":"Point","coordinates":[14.4480328,35.8965828]}},{"type":"Feature","properties":{"osm_id":"node/8044201044","name":null,"species":null,"height":null,"source":"OpenStreetMap contributors","kind":"tree"},"geometry":{"type":"Point","coordinates":[14.449058,35.8967535]}},{"type":"Feature","properties":{"osm_id":"node/8044201046","name":null,"species":"Brahea armata","height":null,"source":"OpenStreetMap contributors","kind":"tree"},"geometry":{"type":"Point","coordinates":[14.4478525,35.8964042]}},{"type":"Feature","properties":{"osm_id":"node/8044201047","name":null,"species":null,"height":null,"source":"OpenStreetMap contributors","kind":"tree"},"geometry":{"type":"Point","coordinates":[14.449428,35.8960189]}},{"type":"Feature","properties":{"osm_id":"node/8044201049","name":null,"species":"Pinus halepensis","height":null,"source":"OpenStreetMap contributors","kind":"tree"},"geometry":{"type":"Point","coordinates":[14.448134,35.8967749]}},{"type":"Feature","properties":{"osm_id":"node/8044201051","name":null,"species":null,"height":null,"source":"OpenStreetMap contributors","kind":"tree"},"geometry":{"type":"Point","coordinates":[14.4492963,35.8960989]}},{"type":"Feature","properties":{"osm_id":"node/8044201052","name":null,"species":null,"height":null,"source":"OpenStreetMap contributors","kind":"tree"},"geometry":{"type":"Point","coordinates":[14.4488103,35.896842]}},{"type":"Feature","properties":{"osm_id":"node/8044201053","name":null,"species":"Ficus elastica","height":null,"source":"OpenStreetMap contributors","kind":"tree"},"geometry":{"type":"Point","coordinates":[14.4477024,35.8963996]}},{"type":"Feature","properties":{"osm_id":"node/8044201054","name":null,"species":null,"height":null,"source":"OpenStreetMap contributors","kind":"tree"},"geometry":{"type":"Point","coordinates":[14.4485711,35.896852]}},{"type":"Feature","properties":{"osm_id":"node/8044201055","name":null,"species":null,"height":null,"source":"OpenStreetMap contributors","kind":"tree"},"geometry":{"type":"Point","coordinates":[14.447982,35.8966823]}},{"type":"Feature","properties":{"osm_id":"node/8044201056","name":null,"species":"Lagunaria patersonii","height":null,"source":"OpenStreetMap contributors","kind":"tree"},"geometry":{"type":"Point","coordinates":[14.4479825,35.8964728]}},{"type":"Feature","properties":{"osm_id":"node/8044201057","name":null,"species":null,"height":null,"source":"OpenStreetMap contributors","kind":"tree"},"geometry":{"type":"Point","coordinates":[14.4492876,35.89624]}},{"type":"Feature","properties":{"osm_id":"node/8044201059","name":null,"species":"Cupressus semprevirens","height":null,"source":"OpenStreetMap contributors","kind":"tree"},"geometry":{"type":"Point","coordinates":[14.4480955,35.8963469]}},{"type":"Feature","properties":{"osm_id":"node/8044201060","name":null,"species":null,"height":null,"source":"OpenStreetMap contributors","kind":"tree"},"geometry":{"type":"Point","coordinates":[14.4492947,35.8960607]}},{"type":"Feature","properties":{"osm_id":"node/8044201061","name":null,"species":null,"height":null,"source":"OpenStreetMap contributors","kind":"tree"},"geometry":{"type":"Point","coordinates":[14.4493542,35.8961085]}},{"type":"Feature","properties":{"osm_id":"node/8044201062","name":null,"species":"Punica granatum","height":null,"source":"OpenStreetMap contributors","kind":"tree"},"geometry":{"type":"Point","coordinates":[14.4480581,35.8965309]}},{"type":"Feature","properties":{"osm_id":"node/8044201063","name":null,"species":"Cercis siliquastrum","height":null,"source":"OpenStreetMap contributors","kind":"tree"},"geometry":{"type":"Point","coordinates":[14.4480813,35.8967684]}},{"type":"Feature","properties":{"osm_id":"node/8044201064","name":null,"species":null,"height":null,"source":"OpenStreetMap contributors","kind":"tree"},"geometry":{"type":"Point","coordinates":[14.4493856,35.8961378]}},{"type":"Feature","properties":{"osm_id":"node/8044201065","name":null,"species":null,"height":null,"source":"OpenStreetMap contributors","kind":"tree"},"geometry":{"type":"Point","coordinates":[14.4492304,35.8962313]}},{"type":"Feature","properties":{"osm_id":"node/8044201067","name":null,"species":"Cupressus semprevirens","height":null,"source":"OpenStreetMap contributors","kind":"tree"},"geometry":{"type":"Point","coordinates":[14.449335,35.8964289]}},{"type":"Feature","properties":{"osm_id":"node/8044201068","name":null,"species":"Sapindus saponaria","height":null,"source":"OpenStreetMap contributors","kind":"tree"},"geometry":{"type":"Point","coordinates":[14.4494519,35.8960777]}},{"type":"Feature","properties":{"osm_id":"node/8044201069","name":null,"species":null,"height":null,"source":"OpenStreetMap contributors","kind":"tree"},"geometry":{"type":"Point","coordinates":[14.4494091,35.8960546]}},{"type":"Feature","properties":{"osm_id":"node/8044201071","name":null,"species":null,"height":null,"source":"OpenStreetMap contributors","kind":"tree"},"geometry":{"type":"Point","coordinates":[14.4482426,35.8967267]}},{"type":"Feature","properties":{"osm_id":"node/8044201072","name":null,"species":null,"height":null,"source":"OpenStreetMap contributors","kind":"tree"},"geometry":{"type":"Point","coordinates":[14.4481442,35.8968216]}},{"type":"Feature","properties":{"osm_id":"node/8044201073","name":null,"species":"Punica granatum","height":null,"source":"OpenStreetMap contributors","kind":"tree"},"geometry":{"type":"Point","coordinates":[14.4479276,35.8963881]}},{"type":"Feature","properties":{"osm_id":"node/8044201074","name":null,"species":null,"height":null,"source":"OpenStreetMap contributors","kind":"tree"},"geometry":{"type":"Point","coordinates":[14.4488922,35.8967816]}},{"type":"Feature","properties":{"osm_id":"node/8044201075","name":null,"species":null,"height":null,"source":"OpenStreetMap contributors","kind":"tree"},"geometry":{"type":"Point","coordinates":[14.4489663,35.8967688]}},{"type":"Feature","properties":{"osm_id":"node/8044201076","name":null,"species":null,"height":null,"source":"OpenStreetMap contributors","kind":"tree"},"geometry":{"type":"Point","coordinates":[14.4493279,35.8964105]}},{"type":"Feature","properties":{"osm_id":"node/8044201081","name":null,"species":"Celtis australis","height":null,"source":"OpenStreetMap contributors","kind":"tree"},"geometry":{"type":"Point","coordinates":[14.4495056,35.8960855]}},{"type":"Feature","properties":{"osm_id":"node/8044201084","name":null,"species":null,"height":null,"source":"OpenStreetMap contributors","kind":"tree"},"geometry":{"type":"Point","coordinates":[14.449414,35.8960108]}},{"type":"Feature","properties":{"osm_id":"node/8044239485","name":null,"species":"Schinus terebinthifolia","height":null,"source":"OpenStreetMap contributors","kind":"tree"},"geometry":{"type":"Point","coordinates":[14.4484225,35.8968272]}},{"type":"Feature","properties":{"osm_id":"node/8044239486","name":null,"species":"Pinus halepensis","height":null,"source":"OpenStreetMap contributors","kind":"tree"},"geometry":{"type":"Point","coordinates":[14.4481905,35.8967631]}},{"type":"Feature","properties":{"osm_id":"node/8044239487","name":null,"species":null,"height":null,"source":"OpenStreetMap contributors","kind":"tree"},"geometry":{"type":"Point","coordinates":[14.4487415,35.896846]}},{"type":"Feature","properties":{"osm_id":"node/8044239489","name":null,"species":null,"height":null,"source":"OpenStreetMap contributors","kind":"tree"},"geometry":{"type":"Point","coordinates":[14.4481669,35.8965484]}},{"type":"Feature","properties":{"osm_id":"node/8044239490","name":null,"species":null,"height":null,"source":"OpenStreetMap contributors","kind":"tree"},"geometry":{"type":"Point","coordinates":[14.449269,35.8964285]}},{"type":"Feature","properties":{"osm_id":"node/8044239491","name":null,"species":"Sempervirens horizontalis","height":null,"source":"OpenStreetMap contributors","kind":"tree"},"geometry":{"type":"Point","coordinates":[14.4482087,35.8968141]}},{"type":"Feature","properties":{"osm_id":"node/8044239493","name":null,"species":null,"height":null,"source":"OpenStreetMap contributors","kind":"tree"},"geometry":{"type":"Point","coordinates":[14.4493214,35.8963933]}},{"type":"Feature","properties":{"osm_id":"node/8044239494","name":null,"species":"Olea europaea","height":null,"source":"OpenStreetMap contributors","kind":"tree"},"geometry":{"type":"Point","coordinates":[14.4487434,35.8967957]}},{"type":"Feature","properties":{"osm_id":"node/8044239495","name":null,"species":"Cupressus semprevirens","height":null,"source":"OpenStreetMap contributors","kind":"tree"},"geometry":{"type":"Point","coordinates":[14.4482105,35.8968714]}},{"type":"Feature","properties":{"osm_id":"node/8044239496","name":null,"species":null,"height":null,"source":"OpenStreetMap contributors","kind":"tree"},"geometry":{"type":"Point","coordinates":[14.4493189,35.8961317]}},{"type":"Feature","properties":{"osm_id":"node/8044239498","name":null,"species":null,"height":null,"source":"OpenStreetMap contributors","kind":"tree"},"geometry":{"type":"Point","coordinates":[14.4486631,35.8968484]}},{"type":"Feature","properties":{"osm_id":"node/8044239499","name":null,"species":null,"height":null,"source":"OpenStreetMap contributors","kind":"tree"},"geometry":{"type":"Point","coordinates":[14.4484967,35.8968198]}},{"type":"Feature","properties":{"osm_id":"node/8044239500","name":null,"species":null,"height":null,"source":"OpenStreetMap contributors","kind":"tree"},"geometry":{"type":"Point","coordinates":[14.4492736,35.8964018]}},{"type":"Feature","properties":{"osm_id":"node/8044239502","name":null,"species":null,"height":null,"source":"OpenStreetMap contributors","kind":"tree"},"geometry":{"type":"Point","coordinates":[14.4482646,35.8966278]}},{"type":"Feature","properties":{"osm_id":"node/8044239503","name":null,"species":null,"height":null,"source":"OpenStreetMap contributors","kind":"tree"},"geometry":{"type":"Point","coordinates":[14.4487943,35.8967902]}},{"type":"Feature","properties":{"osm_id":"node/8044239504","name":null,"species":null,"height":null,"source":"OpenStreetMap contributors","kind":"tree"},"geometry":{"type":"Point","coordinates":[14.4489592,35.8968344]}},{"type":"Feature","properties":{"osm_id":"node/8044239505","name":null,"species":"Eucalyptus gomphocephala","height":null,"source":"OpenStreetMap contributors","kind":"tree"},"geometry":{"type":"Point","coordinates":[14.4495223,35.8960341]}},{"type":"Feature","properties":{"osm_id":"node/8387064964","name":null,"species":null,"height":null,"source":"OpenStreetMap contributors","kind":"tree"},"geometry":{"type":"Point","coordinates":[14.4044322,35.9154475]}},{"type":"Feature","properties":{"osm_id":"node/8411448662","name":"JMF TREE","species":null,"height":null,"source":"OpenStreetMap contributors","kind":"tree"},"geometry":{"type":"Point","coordinates":[14.4857402,35.9036114]}},{"type":"Feature","properties":{"osm_id":"node/8418261304","name":null,"species":null,"height":null,"source":"OpenStreetMap contributors","kind":"tree"},"geometry":{"type":"Point","coordinates":[14.53034,35.859361]}},{"type":"Feature","properties":{"osm_id":"node/8418261305","name":null,"species":null,"height":null,"source":"OpenStreetMap contributors","kind":"tree"},"geometry":{"type":"Point","coordinates":[14.5304416,35.8593722]}},{"type":"Feature","properties":{"osm_id":"node/8418261306","name":null,"species":null,"height":null,"source":"OpenStreetMap contributors","kind":"tree"},"geometry":{"type":"Point","coordinates":[14.5305294,35.8593847]}},{"type":"Feature","properties":{"osm_id":"node/8418261307","name":null,"species":null,"height":null,"source":"OpenStreetMap contributors","kind":"tree"},"geometry":{"type":"Point","coordinates":[14.5304555,35.8593148]}},{"type":"Feature","properties":{"osm_id":"node/8418261308","name":null,"species":null,"height":null,"source":"OpenStreetMap contributors","kind":"tree"},"geometry":{"type":"Point","coordinates":[14.5296036,35.8592586]}},{"type":"Feature","properties":{"osm_id":"node/8418261309","name":null,"species":null,"height":null,"source":"OpenStreetMap contributors","kind":"tree"},"geometry":{"type":"Point","coordinates":[14.5297469,35.8592723]}},{"type":"Feature","properties":{"osm_id":"node/8418261310","name":null,"species":null,"height":null,"source":"OpenStreetMap contributors","kind":"tree"},"geometry":{"type":"Point","coordinates":[14.5296744,35.8592161]}},{"type":"Feature","properties":{"osm_id":"node/8530982255","name":null,"species":null,"height":null,"source":"OpenStreetMap contributors","kind":"tree"},"geometry":{"type":"Point","coordinates":[14.4603705,35.8337199]}},{"type":"Feature","properties":{"osm_id":"node/8530982256","name":null,"species":null,"height":null,"source":"OpenStreetMap contributors","kind":"tree"},"geometry":{"type":"Point","coordinates":[14.4604071,35.8337051]}},{"type":"Feature","properties":{"osm_id":"node/8530982257","name":null,"species":null,"height":null,"source":"OpenStreetMap contributors","kind":"tree"},"geometry":{"type":"Point","coordinates":[14.4604742,35.8336672]}},{"type":"Feature","properties":{"osm_id":"node/8530982258","name":null,"species":null,"height":null,"source":"OpenStreetMap contributors","kind":"tree"},"geometry":{"type":"Point","coordinates":[14.4605453,35.8337109]}},{"type":"Feature","properties":{"osm_id":"node/8530982259","name":null,"species":null,"height":null,"source":"OpenStreetMap contributors","kind":"tree"},"geometry":{"type":"Point","coordinates":[14.4605809,35.8337644]}},{"type":"Feature","properties":{"osm_id":"node/8530982260","name":null,"species":null,"height":null,"source":"OpenStreetMap contributors","kind":"tree"},"geometry":{"type":"Point","coordinates":[14.4606368,35.8338493]}},{"type":"Feature","properties":{"osm_id":"node/8838461409","name":null,"species":null,"height":null,"source":"OpenStreetMap contributors","kind":"tree"},"geometry":{"type":"Point","coordinates":[14.4291261,35.9244102]}},{"type":"Feature","properties":{"osm_id":"node/8841834787","name":null,"species":null,"height":null,"source":"OpenStreetMap contributors","kind":"tree"},"geometry":{"type":"Point","coordinates":[14.4308204,35.8797027]}},{"type":"Feature","properties":{"osm_id":"node/8874570532","name":null,"species":null,"height":null,"source":"OpenStreetMap contributors","kind":"tree"},"geometry":{"type":"Point","coordinates":[14.4565274,35.9167534]}},{"type":"Feature","properties":{"osm_id":"node/8971415248","name":null,"species":null,"height":null,"source":"OpenStreetMap contributors","kind":"tree"},"geometry":{"type":"Point","coordinates":[14.5467672,35.8845801]}},{"type":"Feature","properties":{"osm_id":"node/8971415249","name":null,"species":null,"height":null,"source":"OpenStreetMap contributors","kind":"tree"},"geometry":{"type":"Point","coordinates":[14.5465701,35.8846493]}},{"type":"Feature","properties":{"osm_id":"node/8971415250","name":null,"species":null,"height":null,"source":"OpenStreetMap contributors","kind":"tree"},"geometry":{"type":"Point","coordinates":[14.546817,35.8846707]}},{"type":"Feature","properties":{"osm_id":"node/9050704788","name":null,"species":null,"height":null,"source":"OpenStreetMap contributors","kind":"tree"},"geometry":{"type":"Point","coordinates":[14.5198202,35.8703018]}},{"type":"Feature","properties":{"osm_id":"node/9050704789","name":null,"species":null,"height":null,"source":"OpenStreetMap contributors","kind":"tree"},"geometry":{"type":"Point","coordinates":[14.519804,35.8702507]}},{"type":"Feature","properties":{"osm_id":"node/9052570517","name":null,"species":null,"height":null,"source":"OpenStreetMap contributors","kind":"tree"},"geometry":{"type":"Point","coordinates":[14.4688592,35.8284174]}},{"type":"Feature","properties":{"osm_id":"node/9060102898","name":null,"species":null,"height":null,"source":"OpenStreetMap contributors","kind":"tree"},"geometry":{"type":"Point","coordinates":[14.3458579,35.8949624]}},{"type":"Feature","properties":{"osm_id":"node/9060102899","name":null,"species":null,"height":null,"source":"OpenStreetMap contributors","kind":"tree"},"geometry":{"type":"Point","coordinates":[14.3458404,35.8949]}},{"type":"Feature","properties":{"osm_id":"node/9060102900","name":null,"species":null,"height":null,"source":"OpenStreetMap contributors","kind":"tree"},"geometry":{"type":"Point","coordinates":[14.3457295,35.8949388]}},{"type":"Feature","properties":{"osm_id":"node/9060170828","name":null,"species":null,"height":null,"source":"OpenStreetMap contributors","kind":"tree"},"geometry":{"type":"Point","coordinates":[14.3969805,35.8718539]}},{"type":"Feature","properties":{"osm_id":"node/9740272796","name":null,"species":null,"height":null,"source":"OpenStreetMap contributors","kind":"tree"},"geometry":{"type":"Point","coordinates":[14.5116773,35.8628064]}},{"type":"Feature","properties":{"osm_id":"node/9854302820","name":null,"species":null,"height":null,"source":"OpenStreetMap contributors","kind":"tree"},"geometry":{"type":"Point","coordinates":[14.4822181,35.9326927]}},{"type":"Feature","properties":{"osm_id":"node/9854316267","name":null,"species":null,"height":null,"source":"OpenStreetMap contributors","kind":"tree"},"geometry":{"type":"Point","coordinates":[14.4833344,35.9314184]}},{"type":"Feature","properties":{"osm_id":"node/9935601738","name":null,"species":null,"height":null,"source":"OpenStreetMap contributors","kind":"tree"},"geometry":{"type":"Point","coordinates":[14.4907488,35.8861624]}},{"type":"Feature","properties":{"osm_id":"node/9937456785","name":null,"species":null,"height":null,"source":"OpenStreetMap contributors","kind":"tree"},"geometry":{"type":"Point","coordinates":[14.4298676,35.8728517]}},{"type":"Feature","properties":{"osm_id":"node/10042313059","name":null,"species":null,"height":null,"source":"OpenStreetMap contributors","kind":"tree"},"geometry":{"type":"Point","coordinates":[14.5069839,35.8944153]}},{"type":"Feature","properties":{"osm_id":"node/10042313061","name":null,"species":null,"height":null,"source":"OpenStreetMap contributors","kind":"tree"},"geometry":{"type":"Point","coordinates":[14.5070389,35.894457]}},{"type":"Feature","properties":{"osm_id":"node/10042313062","name":null,"species":null,"height":null,"source":"OpenStreetMap contributors","kind":"tree"},"geometry":{"type":"Point","coordinates":[14.5071043,35.8945009]}},{"type":"Feature","properties":{"osm_id":"node/10042313063","name":null,"species":null,"height":null,"source":"OpenStreetMap contributors","kind":"tree"},"geometry":{"type":"Point","coordinates":[14.5071574,35.8945392]}},{"type":"Feature","properties":{"osm_id":"node/10042313064","name":null,"species":null,"height":null,"source":"OpenStreetMap contributors","kind":"tree"},"geometry":{"type":"Point","coordinates":[14.5072185,35.8945798]}},{"type":"Feature","properties":{"osm_id":"node/10042313065","name":null,"species":null,"height":null,"source":"OpenStreetMap contributors","kind":"tree"},"geometry":{"type":"Point","coordinates":[14.5072784,35.8946201]}},{"type":"Feature","properties":{"osm_id":"node/10044520192","name":null,"species":null,"height":null,"source":"OpenStreetMap contributors","kind":"tree"},"geometry":{"type":"Point","coordinates":[14.4606963,35.8908831]}},{"type":"Feature","properties":{"osm_id":"node/10044520193","name":null,"species":null,"height":null,"source":"OpenStreetMap contributors","kind":"tree"},"geometry":{"type":"Point","coordinates":[14.460778,35.8908494]}},{"type":"Feature","properties":{"osm_id":"node/10044520194","name":null,"species":null,"height":null,"source":"OpenStreetMap contributors","kind":"tree"},"geometry":{"type":"Point","coordinates":[14.460872,35.8908132]}},{"type":"Feature","properties":{"osm_id":"node/10044520195","name":null,"species":null,"height":null,"source":"OpenStreetMap contributors","kind":"tree"},"geometry":{"type":"Point","coordinates":[14.4610091,35.8907608]}},{"type":"Feature","properties":{"osm_id":"node/10044520196","name":null,"species":null,"height":null,"source":"OpenStreetMap contributors","kind":"tree"},"geometry":{"type":"Point","coordinates":[14.4611185,35.8907221]}},{"type":"Feature","properties":{"osm_id":"node/10044520197","name":null,"species":null,"height":null,"source":"OpenStreetMap contributors","kind":"tree"},"geometry":{"type":"Point","coordinates":[14.4612124,35.8906847]}},{"type":"Feature","properties":{"osm_id":"node/10044520198","name":null,"species":null,"height":null,"source":"OpenStreetMap contributors","kind":"tree"},"geometry":{"type":"Point","coordinates":[14.4613002,35.8906448]}},{"type":"Feature","properties":{"osm_id":"node/10044520199","name":null,"species":null,"height":null,"source":"OpenStreetMap contributors","kind":"tree"},"geometry":{"type":"Point","coordinates":[14.4605238,35.8906647]}},{"type":"Feature","properties":{"osm_id":"node/10094766723","name":null,"species":null,"height":null,"source":"OpenStreetMap contributors","kind":"tree"},"geometry":{"type":"Point","coordinates":[14.5424764,35.8905677]}},{"type":"Feature","properties":{"osm_id":"node/10094766724","name":null,"species":null,"height":null,"source":"OpenStreetMap contributors","kind":"tree"},"geometry":{"type":"Point","coordinates":[14.5425642,35.8905603]}},{"type":"Feature","properties":{"osm_id":"node/10094766725","name":null,"species":null,"height":null,"source":"OpenStreetMap contributors","kind":"tree"},"geometry":{"type":"Point","coordinates":[14.5426566,35.890569]}},{"type":"Feature","properties":{"osm_id":"node/10094766726","name":null,"species":null,"height":null,"source":"OpenStreetMap contributors","kind":"tree"},"geometry":{"type":"Point","coordinates":[14.5427413,35.8905865]}},{"type":"Feature","properties":{"osm_id":"node/10094766727","name":null,"species":null,"height":null,"source":"OpenStreetMap contributors","kind":"tree"},"geometry":{"type":"Point","coordinates":[14.5428199,35.8906089]}},{"type":"Feature","properties":{"osm_id":"node/10094766728","name":null,"species":null,"height":null,"source":"OpenStreetMap contributors","kind":"tree"},"geometry":{"type":"Point","coordinates":[14.5429108,35.8906414]}},{"type":"Feature","properties":{"osm_id":"node/10094766729","name":null,"species":null,"height":null,"source":"OpenStreetMap contributors","kind":"tree"},"geometry":{"type":"Point","coordinates":[14.5429863,35.8906788]}},{"type":"Feature","properties":{"osm_id":"node/10094766730","name":null,"species":null,"height":null,"source":"OpenStreetMap contributors","kind":"tree"},"geometry":{"type":"Point","coordinates":[14.543051,35.8907312]}},{"type":"Feature","properties":{"osm_id":"node/10094766731","name":null,"species":null,"height":null,"source":"OpenStreetMap contributors","kind":"tree"},"geometry":{"type":"Point","coordinates":[14.5431142,35.8907849]}},{"type":"Feature","properties":{"osm_id":"node/10094766732","name":null,"species":null,"height":null,"source":"OpenStreetMap contributors","kind":"tree"},"geometry":{"type":"Point","coordinates":[14.5434269,35.8912255]}},{"type":"Feature","properties":{"osm_id":"node/10094766733","name":null,"species":null,"height":null,"source":"OpenStreetMap contributors","kind":"tree"},"geometry":{"type":"Point","coordinates":[14.5432466,35.8910046]}},{"type":"Feature","properties":{"osm_id":"node/10094766734","name":null,"species":null,"height":null,"source":"OpenStreetMap contributors","kind":"tree"},"geometry":{"type":"Point","coordinates":[14.5432205,35.8909372]}},{"type":"Feature","properties":{"osm_id":"node/10094766735","name":null,"species":null,"height":null,"source":"OpenStreetMap contributors","kind":"tree"},"geometry":{"type":"Point","coordinates":[14.5431789,35.8908685]}},{"type":"Feature","properties":{"osm_id":"node/10094766736","name":null,"species":null,"height":null,"source":"OpenStreetMap contributors","kind":"tree"},"geometry":{"type":"Point","coordinates":[14.5434361,35.8911855]}},{"type":"Feature","properties":{"osm_id":"node/10094766737","name":null,"species":null,"height":null,"source":"OpenStreetMap contributors","kind":"tree"},"geometry":{"type":"Point","coordinates":[14.5433036,35.8915125]}},{"type":"Feature","properties":{"osm_id":"node/10094766738","name":null,"species":null,"height":null,"source":"OpenStreetMap contributors","kind":"tree"},"geometry":{"type":"Point","coordinates":[14.5434084,35.8914501]}},{"type":"Feature","properties":{"osm_id":"node/10094766739","name":null,"species":null,"height":null,"source":"OpenStreetMap contributors","kind":"tree"},"geometry":{"type":"Point","coordinates":[14.5434315,35.8914089]}},{"type":"Feature","properties":{"osm_id":"node/10094766740","name":null,"species":null,"height":null,"source":"OpenStreetMap contributors","kind":"tree"},"geometry":{"type":"Point","coordinates":[14.5434423,35.8913715]}},{"type":"Feature","properties":{"osm_id":"node/10094766741","name":null,"species":null,"height":null,"source":"OpenStreetMap contributors","kind":"tree"},"geometry":{"type":"Point","coordinates":[14.5434623,35.8913365]}},{"type":"Feature","properties":{"osm_id":"node/10094766742","name":null,"species":null,"height":null,"source":"OpenStreetMap contributors","kind":"tree"},"geometry":{"type":"Point","coordinates":[14.5434654,35.8912978]}},{"type":"Feature","properties":{"osm_id":"node/10094766743","name":null,"species":null,"height":null,"source":"OpenStreetMap contributors","kind":"tree"},"geometry":{"type":"Point","coordinates":[14.5435178,35.8913091]}},{"type":"Feature","properties":{"osm_id":"node/10094766744","name":null,"species":null,"height":null,"source":"OpenStreetMap contributors","kind":"tree"},"geometry":{"type":"Point","coordinates":[14.5434977,35.891359]}},{"type":"Feature","properties":{"osm_id":"node/10094766745","name":null,"species":null,"height":null,"source":"OpenStreetMap contributors","kind":"tree"},"geometry":{"type":"Point","coordinates":[14.543527,35.8911918]}},{"type":"Feature","properties":{"osm_id":"node/10094766746","name":null,"species":null,"height":null,"source":"OpenStreetMap contributors","kind":"tree"},"geometry":{"type":"Point","coordinates":[14.543527,35.8911606]}},{"type":"Feature","properties":{"osm_id":"node/10094766747","name":null,"species":null,"height":null,"source":"OpenStreetMap contributors","kind":"tree"},"geometry":{"type":"Point","coordinates":[14.5419249,35.8908136]}},{"type":"Feature","properties":{"osm_id":"node/10094766748","name":null,"species":null,"height":null,"source":"OpenStreetMap contributors","kind":"tree"},"geometry":{"type":"Point","coordinates":[14.5418925,35.8908485]}},{"type":"Feature","properties":{"osm_id":"node/10094766749","name":null,"species":null,"height":null,"source":"OpenStreetMap contributors","kind":"tree"},"geometry":{"type":"Point","coordinates":[14.5418602,35.8909047]}},{"type":"Feature","properties":{"osm_id":"node/10094766750","name":null,"species":null,"height":null,"source":"OpenStreetMap contributors","kind":"tree"},"geometry":{"type":"Point","coordinates":[14.5418324,35.8909434]}},{"type":"Feature","properties":{"osm_id":"node/10094766751","name":null,"species":null,"height":null,"source":"OpenStreetMap contributors","kind":"tree"},"geometry":{"type":"Point","coordinates":[14.5417955,35.8910482]}},{"type":"Feature","properties":{"osm_id":"node/10094766752","name":null,"species":null,"height":null,"source":"OpenStreetMap contributors","kind":"tree"},"geometry":{"type":"Point","coordinates":[14.5417816,35.8911568]}},{"type":"Feature","properties":{"osm_id":"node/10094766753","name":null,"species":null,"height":null,"source":"OpenStreetMap contributors","kind":"tree"},"geometry":{"type":"Point","coordinates":[14.5417184,35.891193]}},{"type":"Feature","properties":{"osm_id":"node/10094766790","name":null,"species":null,"height":null,"source":"OpenStreetMap contributors","kind":"tree"},"geometry":{"type":"Point","coordinates":[14.5426503,35.8906537]}},{"type":"Feature","properties":{"osm_id":"node/10094766791","name":null,"species":null,"height":null,"source":"OpenStreetMap contributors","kind":"tree"},"geometry":{"type":"Point","coordinates":[14.5425558,35.8906433]}},{"type":"Feature","properties":{"osm_id":"node/10094766810","name":null,"species":null,"height":null,"source":"OpenStreetMap contributors","kind":"tree"},"geometry":{"type":"Point","coordinates":[14.542,35.8908646]}},{"type":"Feature","properties":{"osm_id":"node/10094766811","name":null,"species":null,"height":null,"source":"OpenStreetMap contributors","kind":"tree"},"geometry":{"type":"Point","coordinates":[14.5419545,35.8909403]}},{"type":"Feature","properties":{"osm_id":"node/10094766812","name":null,"species":null,"height":null,"source":"OpenStreetMap contributors","kind":"tree"},"geometry":{"type":"Point","coordinates":[14.541909,35.8910633]}},{"type":"Feature","properties":{"osm_id":"node/10094766813","name":null,"species":null,"height":null,"source":"OpenStreetMap contributors","kind":"tree"},"geometry":{"type":"Point","coordinates":[14.5418938,35.8911531]}},{"type":"Feature","properties":{"osm_id":"node/10094766814","name":null,"species":null,"height":null,"source":"OpenStreetMap contributors","kind":"tree"},"geometry":{"type":"Point","coordinates":[14.5419347,35.8913527]}},{"type":"Feature","properties":{"osm_id":"node/10094766815","name":null,"species":null,"height":null,"source":"OpenStreetMap contributors","kind":"tree"},"geometry":{"type":"Point","coordinates":[14.5419837,35.8914179]}},{"type":"Feature","properties":{"osm_id":"node/10094766816","name":null,"species":null,"height":null,"source":"OpenStreetMap contributors","kind":"tree"},"geometry":{"type":"Point","coordinates":[14.5420864,35.891539]}},{"type":"Feature","properties":{"osm_id":"node/10094766817","name":null,"species":null,"height":null,"source":"OpenStreetMap contributors","kind":"tree"},"geometry":{"type":"Point","coordinates":[14.5420479,35.8915012]}},{"type":"Feature","properties":{"osm_id":"node/10094766833","name":null,"species":null,"height":null,"source":"OpenStreetMap contributors","kind":"tree"},"geometry":{"type":"Point","coordinates":[14.5419204,35.8901109]}},{"type":"Feature","properties":{"osm_id":"node/10094766834","name":null,"species":null,"height":null,"source":"OpenStreetMap contributors","kind":"tree"},"geometry":{"type":"Point","coordinates":[14.5419706,35.890196]}},{"type":"Feature","properties":{"osm_id":"node/10094766835","name":null,"species":null,"height":null,"source":"OpenStreetMap contributors","kind":"tree"},"geometry":{"type":"Point","coordinates":[14.5420873,35.8901525]}},{"type":"Feature","properties":{"osm_id":"node/10094766836","name":null,"species":null,"height":null,"source":"OpenStreetMap contributors","kind":"tree"},"geometry":{"type":"Point","coordinates":[14.5420453,35.8900627]}},{"type":"Feature","properties":{"osm_id":"node/10094766837","name":null,"species":null,"height":null,"source":"OpenStreetMap contributors","kind":"tree"},"geometry":{"type":"Point","coordinates":[14.5421356,35.8902362]}},{"type":"Feature","properties":{"osm_id":"node/10094766838","name":null,"species":null,"height":null,"source":"OpenStreetMap contributors","kind":"tree"},"geometry":{"type":"Point","coordinates":[14.5420346,35.8902796]}},{"type":"Feature","properties":{"osm_id":"node/10094766839","name":null,"species":null,"height":null,"source":"OpenStreetMap contributors","kind":"tree"},"geometry":{"type":"Point","coordinates":[14.5418994,35.8903313]}},{"type":"Feature","properties":{"osm_id":"node/10094766840","name":null,"species":null,"height":null,"source":"OpenStreetMap contributors","kind":"tree"},"geometry":{"type":"Point","coordinates":[14.5417814,35.8903994]}},{"type":"Feature","properties":{"osm_id":"node/10094766841","name":null,"species":null,"height":null,"source":"OpenStreetMap contributors","kind":"tree"},"geometry":{"type":"Point","coordinates":[14.5416472,35.8902537]}},{"type":"Feature","properties":{"osm_id":"node/10094766842","name":null,"species":null,"height":null,"source":"OpenStreetMap contributors","kind":"tree"},"geometry":{"type":"Point","coordinates":[14.5417663,35.890179]}},{"type":"Feature","properties":{"osm_id":"node/10094766843","name":null,"species":null,"height":null,"source":"OpenStreetMap contributors","kind":"tree"},"geometry":{"type":"Point","coordinates":[14.5418375,35.8902604]}},{"type":"Feature","properties":{"osm_id":"node/10094766844","name":null,"species":null,"height":null,"source":"OpenStreetMap contributors","kind":"tree"},"geometry":{"type":"Point","coordinates":[14.5417172,35.8903294]}},{"type":"Feature","properties":{"osm_id":"node/10094766845","name":null,"species":null,"height":null,"source":"OpenStreetMap contributors","kind":"tree"},"geometry":{"type":"Point","coordinates":[14.5417803,35.8902916]}},{"type":"Feature","properties":{"osm_id":"node/10094766846","name":null,"species":null,"height":null,"source":"OpenStreetMap contributors","kind":"tree"},"geometry":{"type":"Point","coordinates":[14.5417032,35.8902131]}},{"type":"Feature","properties":{"osm_id":"node/10094766847","name":null,"species":null,"height":null,"source":"OpenStreetMap contributors","kind":"tree"},"geometry":{"type":"Point","coordinates":[14.5419834,35.8900825]}},{"type":"Feature","properties":{"osm_id":"node/10094766848","name":null,"species":null,"height":null,"source":"OpenStreetMap contributors","kind":"tree"},"geometry":{"type":"Point","coordinates":[14.5420348,35.8901752]}},{"type":"Feature","properties":{"osm_id":"node/10094766849","name":null,"species":null,"height":null,"source":"OpenStreetMap contributors","kind":"tree"},"geometry":{"type":"Point","coordinates":[14.5418422,35.890442]}},{"type":"Feature","properties":{"osm_id":"node/10094766850","name":null,"species":null,"height":null,"source":"OpenStreetMap contributors","kind":"tree"},"geometry":{"type":"Point","coordinates":[14.5422111,35.8903408]}},{"type":"Feature","properties":{"osm_id":"node/10094766901","name":null,"species":null,"height":null,"source":"OpenStreetMap contributors","kind":"tree"},"geometry":{"type":"Point","coordinates":[14.541711,35.8904514]}},{"type":"Feature","properties":{"osm_id":"node/10094766902","name":null,"species":null,"height":null,"source":"OpenStreetMap contributors","kind":"tree"},"geometry":{"type":"Point","coordinates":[14.5423941,35.8904349]}},{"type":"Feature","properties":{"osm_id":"node/10094766909","name":null,"species":null,"height":null,"source":"OpenStreetMap contributors","kind":"tree"},"geometry":{"type":"Point","coordinates":[14.5412648,35.8912757]}},{"type":"Feature","properties":{"osm_id":"node/10094766910","name":null,"species":null,"height":null,"source":"OpenStreetMap contributors","kind":"tree"},"geometry":{"type":"Point","coordinates":[14.5413349,35.8912804]}},{"type":"Feature","properties":{"osm_id":"node/10094766911","name":null,"species":null,"height":null,"source":"OpenStreetMap contributors","kind":"tree"},"geometry":{"type":"Point","coordinates":[14.5413921,35.8912804]}},{"type":"Feature","properties":{"osm_id":"node/10094773364","name":null,"species":null,"height":null,"source":"OpenStreetMap contributors","kind":"tree"},"geometry":{"type":"Point","coordinates":[14.5421531,35.8903593]}},{"type":"Feature","properties":{"osm_id":"node/10094773365","name":null,"species":null,"height":null,"source":"OpenStreetMap contributors","kind":"tree"},"geometry":{"type":"Point","coordinates":[14.5423247,35.8904869]}},{"type":"Feature","properties":{"osm_id":"node/10212042235","name":null,"species":null,"height":null,"source":"OpenStreetMap contributors","kind":"tree"},"geometry":{"type":"Point","coordinates":[14.4459936,35.8606037]}},{"type":"Feature","properties":{"osm_id":"node/10212042236","name":null,"species":null,"height":null,"source":"OpenStreetMap contributors","kind":"tree"},"geometry":{"type":"Point","coordinates":[14.4459686,35.8605642]}},{"type":"Feature","properties":{"osm_id":"node/10243925379","name":null,"species":null,"height":null,"source":"OpenStreetMap contributors","kind":"tree"},"geometry":{"type":"Point","coordinates":[14.5080174,35.8959407]}},{"type":"Feature","properties":{"osm_id":"node/10243925380","name":null,"species":null,"height":null,"source":"OpenStreetMap contributors","kind":"tree"},"geometry":{"type":"Point","coordinates":[14.5080068,35.8958748]}},{"type":"Feature","properties":{"osm_id":"node/10243925381","name":null,"species":null,"height":null,"source":"OpenStreetMap contributors","kind":"tree"},"geometry":{"type":"Point","coordinates":[14.5080032,35.8958088]}},{"type":"Feature","properties":{"osm_id":"node/10243925382","name":null,"species":null,"height":null,"source":"OpenStreetMap contributors","kind":"tree"},"geometry":{"type":"Point","coordinates":[14.5079997,35.8957429]}},{"type":"Feature","properties":{"osm_id":"node/10243925383","name":null,"species":null,"height":null,"source":"OpenStreetMap contributors","kind":"tree"},"geometry":{"type":"Point","coordinates":[14.5079944,35.8956798]}},{"type":"Feature","properties":{"osm_id":"node/10243925384","name":null,"species":null,"height":null,"source":"OpenStreetMap contributors","kind":"tree"},"geometry":{"type":"Point","coordinates":[14.5079873,35.8956225]}},{"type":"Feature","properties":{"osm_id":"node/10243925385","name":null,"species":null,"height":null,"source":"OpenStreetMap contributors","kind":"tree"},"geometry":{"type":"Point","coordinates":[14.5079838,35.8955494]}},{"type":"Feature","properties":{"osm_id":"node/10243925386","name":null,"species":null,"height":null,"source":"OpenStreetMap contributors","kind":"tree"},"geometry":{"type":"Point","coordinates":[14.5079271,35.8959364]}},{"type":"Feature","properties":{"osm_id":"node/10243925387","name":null,"species":null,"height":null,"source":"OpenStreetMap contributors","kind":"tree"},"geometry":{"type":"Point","coordinates":[14.5079183,35.895882]}},{"type":"Feature","properties":{"osm_id":"node/10243925388","name":null,"species":null,"height":null,"source":"OpenStreetMap contributors","kind":"tree"},"geometry":{"type":"Point","coordinates":[14.5078811,35.8954963]}},{"type":"Feature","properties":{"osm_id":"node/10243925389","name":null,"species":null,"height":null,"source":"OpenStreetMap contributors","kind":"tree"},"geometry":{"type":"Point","coordinates":[14.5080882,35.8958705]}},{"type":"Feature","properties":{"osm_id":"node/10243925390","name":null,"species":null,"height":null,"source":"OpenStreetMap contributors","kind":"tree"},"geometry":{"type":"Point","coordinates":[14.5080953,35.895935]}},{"type":"Feature","properties":{"osm_id":"node/10243925391","name":null,"species":null,"height":null,"source":"OpenStreetMap contributors","kind":"tree"},"geometry":{"type":"Point","coordinates":[14.5081696,35.8959264]}},{"type":"Feature","properties":{"osm_id":"node/10243925392","name":null,"species":null,"height":null,"source":"OpenStreetMap contributors","kind":"tree"},"geometry":{"type":"Point","coordinates":[14.508182,35.8959895]}},{"type":"Feature","properties":{"osm_id":"node/10243925393","name":null,"species":null,"height":null,"source":"OpenStreetMap contributors","kind":"tree"},"geometry":{"type":"Point","coordinates":[14.5081076,35.8960611]}},{"type":"Feature","properties":{"osm_id":"node/10243925394","name":null,"species":null,"height":null,"source":"OpenStreetMap contributors","kind":"tree"},"geometry":{"type":"Point","coordinates":[14.5081059,35.8960009]}},{"type":"Feature","properties":{"osm_id":"node/10243925395","name":null,"species":null,"height":null,"source":"OpenStreetMap contributors","kind":"tree"},"geometry":{"type":"Point","coordinates":[14.5079979,35.8960087]}},{"type":"Feature","properties":{"osm_id":"node/10243925396","name":null,"species":null,"height":null,"source":"OpenStreetMap contributors","kind":"tree"},"geometry":{"type":"Point","coordinates":[14.5079345,35.896018]}},{"type":"Feature","properties":{"osm_id":"node/10243925397","name":null,"species":null,"height":null,"source":"OpenStreetMap contributors","kind":"tree"},"geometry":{"type":"Point","coordinates":[14.5085512,35.8953559]}},{"type":"Feature","properties":{"osm_id":"node/10243959415","name":null,"species":null,"height":null,"source":"OpenStreetMap contributors","kind":"tree"},"geometry":{"type":"Point","coordinates":[14.5088223,35.8958111]}},{"type":"Feature","properties":{"osm_id":"node/10243974392","name":null,"species":null,"height":null,"source":"OpenStreetMap contributors","kind":"tree"},"geometry":{"type":"Point","coordinates":[14.5090238,35.8958064]}},{"type":"Feature","properties":{"osm_id":"node/10244614442","name":null,"species":null,"height":null,"source":"OpenStreetMap contributors","kind":"tree"},"geometry":{"type":"Point","coordinates":[14.4944624,35.9200725]}},{"type":"Feature","properties":{"osm_id":"node/10244614443","name":null,"species":null,"height":null,"source":"OpenStreetMap contributors","kind":"tree"},"geometry":{"type":"Point","coordinates":[14.4944881,35.9200904]}},{"type":"Feature","properties":{"osm_id":"node/10244614444","name":null,"species":null,"height":null,"source":"OpenStreetMap contributors","kind":"tree"},"geometry":{"type":"Point","coordinates":[14.4946925,35.9201105]}},{"type":"Feature","properties":{"osm_id":"node/10244614445","name":null,"species":null,"height":null,"source":"OpenStreetMap contributors","kind":"tree"},"geometry":{"type":"Point","coordinates":[14.4947164,35.9200947]}},{"type":"Feature","properties":{"osm_id":"node/10275999788","name":null,"species":null,"height":null,"source":"OpenStreetMap contributors","kind":"tree"},"geometry":{"type":"Point","coordinates":[14.458555,35.9376529]}},{"type":"Feature","properties":{"osm_id":"node/10275999789","name":null,"species":null,"height":null,"source":"OpenStreetMap contributors","kind":"tree"},"geometry":{"type":"Point","coordinates":[14.458567,35.9374188]}},{"type":"Feature","properties":{"osm_id":"node/10275999790","name":null,"species":null,"height":null,"source":"OpenStreetMap contributors","kind":"tree"},"geometry":{"type":"Point","coordinates":[14.4582521,35.9374155]}},{"type":"Feature","properties":{"osm_id":"node/10275999791","name":null,"species":null,"height":null,"source":"OpenStreetMap contributors","kind":"tree"},"geometry":{"type":"Point","coordinates":[14.4583358,35.9372879]}},{"type":"Feature","properties":{"osm_id":"node/10275999792","name":null,"species":null,"height":null,"source":"OpenStreetMap contributors","kind":"tree"},"geometry":{"type":"Point","coordinates":[14.4581055,35.9374242]}},{"type":"Feature","properties":{"osm_id":"node/10275999793","name":null,"species":null,"height":null,"source":"OpenStreetMap contributors","kind":"tree"},"geometry":{"type":"Point","coordinates":[14.458114,35.9376794]}},{"type":"Feature","properties":{"osm_id":"node/10275999794","name":null,"species":null,"height":null,"source":"OpenStreetMap contributors","kind":"tree"},"geometry":{"type":"Point","coordinates":[14.4582652,35.9377182]}},{"type":"Feature","properties":{"osm_id":"node/10275999795","name":null,"species":null,"height":null,"source":"OpenStreetMap contributors","kind":"tree"},"geometry":{"type":"Point","coordinates":[14.4582333,35.9376113]}},{"type":"Feature","properties":{"osm_id":"node/10275999796","name":null,"species":null,"height":null,"source":"OpenStreetMap contributors","kind":"tree"},"geometry":{"type":"Point","coordinates":[14.4583685,35.937813]}},{"type":"Feature","properties":{"osm_id":"node/10275999797","name":null,"species":null,"height":null,"source":"OpenStreetMap contributors","kind":"tree"},"geometry":{"type":"Point","coordinates":[14.4583025,35.9372932]}},{"type":"Feature","properties":{"osm_id":"node/10275999798","name":null,"species":null,"height":null,"source":"OpenStreetMap contributors","kind":"tree"},"geometry":{"type":"Point","coordinates":[14.4579959,35.9375604]}},{"type":"Feature","properties":{"osm_id":"node/10275999799","name":null,"species":null,"height":null,"source":"OpenStreetMap contributors","kind":"tree"},"geometry":{"type":"Point","coordinates":[14.4583717,35.938013]}},{"type":"Feature","properties":{"osm_id":"node/10275999800","name":null,"species":null,"height":null,"source":"OpenStreetMap contributors","kind":"tree"},"geometry":{"type":"Point","coordinates":[14.458163,35.9380707]}},{"type":"Feature","properties":{"osm_id":"node/10275999801","name":null,"species":null,"height":null,"source":"OpenStreetMap contributors","kind":"tree"},"geometry":{"type":"Point","coordinates":[14.4580523,35.9381716]}},{"type":"Feature","properties":{"osm_id":"node/10275999802","name":null,"species":null,"height":null,"source":"OpenStreetMap contributors","kind":"tree"},"geometry":{"type":"Point","coordinates":[14.4581247,35.938019]}},{"type":"Feature","properties":{"osm_id":"node/10277894613","name":null,"species":null,"height":null,"source":"OpenStreetMap contributors","kind":"tree"},"geometry":{"type":"Point","coordinates":[14.4322821,35.8847281]}},{"type":"Feature","properties":{"osm_id":"node/10286988513","name":null,"species":null,"height":null,"source":"OpenStreetMap contributors","kind":"tree"},"geometry":{"type":"Point","coordinates":[14.440313,35.8752358]}},{"type":"Feature","properties":{"osm_id":"node/10293036345","name":null,"species":null,"height":null,"source":"OpenStreetMap contributors","kind":"tree"},"geometry":{"type":"Point","coordinates":[14.378525,35.9554674]}},{"type":"Feature","properties":{"osm_id":"node/10293036346","name":null,"species":null,"height":null,"source":"OpenStreetMap contributors","kind":"tree"},"geometry":{"type":"Point","coordinates":[14.3785913,35.9554761]}},{"type":"Feature","properties":{"osm_id":"node/10293036347","name":null,"species":null,"height":null,"source":"OpenStreetMap contributors","kind":"tree"},"geometry":{"type":"Point","coordinates":[14.3786494,35.9554871]}},{"type":"Feature","properties":{"osm_id":"node/10293036348","name":null,"species":null,"height":null,"source":"OpenStreetMap contributors","kind":"tree"},"geometry":{"type":"Point","coordinates":[14.3787174,35.9554957]}},{"type":"Feature","properties":{"osm_id":"node/10293036349","name":null,"species":null,"height":null,"source":"OpenStreetMap contributors","kind":"tree"},"geometry":{"type":"Point","coordinates":[14.3787801,35.9555122]}},{"type":"Feature","properties":{"osm_id":"node/10294632271","name":null,"species":null,"height":null,"source":"OpenStreetMap contributors","kind":"tree"},"geometry":{"type":"Point","coordinates":[14.4783507,35.863979]}},{"type":"Feature","properties":{"osm_id":"node/10539267581","name":null,"species":null,"height":null,"source":"OpenStreetMap contributors","kind":"tree"},"geometry":{"type":"Point","coordinates":[14.5255515,35.8488399]}},{"type":"Feature","properties":{"osm_id":"node/10559204373","name":null,"species":null,"height":null,"source":"OpenStreetMap contributors","kind":"tree"},"geometry":{"type":"Point","coordinates":[14.4482719,35.9152411]}},{"type":"Feature","properties":{"osm_id":"node/10567205264","name":null,"species":null,"height":null,"source":"OpenStreetMap contributors","kind":"tree"},"geometry":{"type":"Point","coordinates":[14.3988145,35.9482837]}},{"type":"Feature","properties":{"osm_id":"node/10567205265","name":null,"species":null,"height":null,"source":"OpenStreetMap contributors","kind":"tree"},"geometry":{"type":"Point","coordinates":[14.3988601,35.9482956]}},{"type":"Feature","properties":{"osm_id":"node/10567205266","name":null,"species":null,"height":null,"source":"OpenStreetMap contributors","kind":"tree"},"geometry":{"type":"Point","coordinates":[14.398899,35.9483065]}},{"type":"Feature","properties":{"osm_id":"node/10567205283","name":null,"species":null,"height":null,"source":"OpenStreetMap contributors","kind":"tree"},"geometry":{"type":"Point","coordinates":[14.3987235,35.9502703]}},{"type":"Feature","properties":{"osm_id":"node/10567205284","name":null,"species":null,"height":null,"source":"OpenStreetMap contributors","kind":"tree"},"geometry":{"type":"Point","coordinates":[14.3987959,35.9502845]}},{"type":"Feature","properties":{"osm_id":"node/10567205285","name":null,"species":null,"height":null,"source":"OpenStreetMap contributors","kind":"tree"},"geometry":{"type":"Point","coordinates":[14.3988566,35.9502958]}},{"type":"Feature","properties":{"osm_id":"node/10567205286","name":null,"species":null,"height":null,"source":"OpenStreetMap contributors","kind":"tree"},"geometry":{"type":"Point","coordinates":[14.3989405,35.9503197]}},{"type":"Feature","properties":{"osm_id":"node/10636725988","name":null,"species":null,"height":null,"source":"OpenStreetMap contributors","kind":"tree"},"geometry":{"type":"Point","coordinates":[14.4068564,35.9288633]}},{"type":"Feature","properties":{"osm_id":"node/10638156317","name":null,"species":null,"height":null,"source":"OpenStreetMap contributors","kind":"tree"},"geometry":{"type":"Point","coordinates":[14.416684,35.9167246]}},{"type":"Feature","properties":{"osm_id":"node/10638156318","name":null,"species":null,"height":null,"source":"OpenStreetMap contributors","kind":"tree"},"geometry":{"type":"Point","coordinates":[14.4164844,35.9166868]}},{"type":"Feature","properties":{"osm_id":"node/10638156319","name":null,"species":null,"height":null,"source":"OpenStreetMap contributors","kind":"tree"},"geometry":{"type":"Point","coordinates":[14.4160267,35.9167104]}},{"type":"Feature","properties":{"osm_id":"node/10638156320","name":null,"species":null,"height":null,"source":"OpenStreetMap contributors","kind":"tree"},"geometry":{"type":"Point","coordinates":[14.4159777,35.9169534]}},{"type":"Feature","properties":{"osm_id":"node/10638156321","name":null,"species":null,"height":null,"source":"OpenStreetMap contributors","kind":"tree"},"geometry":{"type":"Point","coordinates":[14.4160407,35.9169515]}},{"type":"Feature","properties":{"osm_id":"node/10638156322","name":null,"species":null,"height":null,"source":"OpenStreetMap contributors","kind":"tree"},"geometry":{"type":"Point","coordinates":[14.416112,35.9169458]}},{"type":"Feature","properties":{"osm_id":"node/10639119448","name":null,"species":null,"height":null,"source":"OpenStreetMap contributors","kind":"tree"},"geometry":{"type":"Point","coordinates":[14.4875432,35.9101211]}},{"type":"Feature","properties":{"osm_id":"node/10639119449","name":null,"species":null,"height":null,"source":"OpenStreetMap contributors","kind":"tree"},"geometry":{"type":"Point","coordinates":[14.4879183,35.9098976]}},{"type":"Feature","properties":{"osm_id":"node/10639119450","name":null,"species":null,"height":null,"source":"OpenStreetMap contributors","kind":"tree"},"geometry":{"type":"Point","coordinates":[14.4881802,35.9097628]}},{"type":"Feature","properties":{"osm_id":"node/10639119451","name":null,"species":null,"height":null,"source":"OpenStreetMap contributors","kind":"tree"},"geometry":{"type":"Point","coordinates":[14.4882775,35.9097098]}},{"type":"Feature","properties":{"osm_id":"node/10639119452","name":null,"species":null,"height":null,"source":"OpenStreetMap contributors","kind":"tree"},"geometry":{"type":"Point","coordinates":[14.4884191,35.9096396]}},{"type":"Feature","properties":{"osm_id":"node/10639119453","name":null,"species":null,"height":null,"source":"OpenStreetMap contributors","kind":"tree"},"geometry":{"type":"Point","coordinates":[14.488681,35.9095163]}},{"type":"Feature","properties":{"osm_id":"node/10639119454","name":null,"species":null,"height":null,"source":"OpenStreetMap contributors","kind":"tree"},"geometry":{"type":"Point","coordinates":[14.4892154,35.9092927]}},{"type":"Feature","properties":{"osm_id":"node/10639119455","name":null,"species":null,"height":null,"source":"OpenStreetMap contributors","kind":"tree"},"geometry":{"type":"Point","coordinates":[14.4893623,35.9092268]}},{"type":"Feature","properties":{"osm_id":"node/10639119456","name":null,"species":null,"height":null,"source":"OpenStreetMap contributors","kind":"tree"},"geometry":{"type":"Point","coordinates":[14.488881,35.9094661]}},{"type":"Feature","properties":{"osm_id":"node/10639119457","name":null,"species":null,"height":null,"source":"OpenStreetMap contributors","kind":"tree"},"geometry":{"type":"Point","coordinates":[14.4896189,35.9090691]}},{"type":"Feature","properties":{"osm_id":"node/10674046606","name":null,"species":null,"height":null,"source":"OpenStreetMap contributors","kind":"tree"},"geometry":{"type":"Point","coordinates":[14.4398225,35.918041]}},{"type":"Feature","properties":{"osm_id":"node/10683734880","name":null,"species":null,"height":null,"source":"OpenStreetMap contributors","kind":"tree"},"geometry":{"type":"Point","coordinates":[14.4582048,35.9374058]}},{"type":"Feature","properties":{"osm_id":"node/10683734881","name":null,"species":null,"height":null,"source":"OpenStreetMap contributors","kind":"tree"},"geometry":{"type":"Point","coordinates":[14.4580439,35.9378032]}},{"type":"Feature","properties":{"osm_id":"node/10683734882","name":null,"species":null,"height":null,"source":"OpenStreetMap contributors","kind":"tree"},"geometry":{"type":"Point","coordinates":[14.4582021,35.9377532]}},{"type":"Feature","properties":{"osm_id":"node/10683734883","name":null,"species":null,"height":null,"source":"OpenStreetMap contributors","kind":"tree"},"geometry":{"type":"Point","coordinates":[14.4582102,35.9378781]}},{"type":"Feature","properties":{"osm_id":"node/10683734884","name":null,"species":null,"height":null,"source":"OpenStreetMap contributors","kind":"tree"},"geometry":{"type":"Point","coordinates":[14.458245,35.9378792]}},{"type":"Feature","properties":{"osm_id":"node/10683734885","name":null,"species":null,"height":null,"source":"OpenStreetMap contributors","kind":"tree"},"geometry":{"type":"Point","coordinates":[14.4583201,35.9378727]}},{"type":"Feature","properties":{"osm_id":"node/10683734886","name":null,"species":null,"height":null,"source":"OpenStreetMap contributors","kind":"tree"},"geometry":{"type":"Point","coordinates":[14.4584663,35.9378053]}},{"type":"Feature","properties":{"osm_id":"node/10683734887","name":null,"species":null,"height":null,"source":"OpenStreetMap contributors","kind":"tree"},"geometry":{"type":"Point","coordinates":[14.4585535,35.9377999]}},{"type":"Feature","properties":{"osm_id":"node/10683734888","name":null,"species":null,"height":null,"source":"OpenStreetMap contributors","kind":"tree"},"geometry":{"type":"Point","coordinates":[14.458646,35.9378043]}},{"type":"Feature","properties":{"osm_id":"node/10683734889","name":null,"species":null,"height":null,"source":"OpenStreetMap contributors","kind":"tree"},"geometry":{"type":"Point","coordinates":[14.4586957,35.9378542]}},{"type":"Feature","properties":{"osm_id":"node/10683749610","name":null,"species":null,"height":null,"source":"OpenStreetMap contributors","kind":"tree"},"geometry":{"type":"Point","coordinates":[14.4591652,35.9374183]}},{"type":"Feature","properties":{"osm_id":"node/10683749611","name":null,"species":null,"height":null,"source":"OpenStreetMap contributors","kind":"tree"},"geometry":{"type":"Point","coordinates":[14.4591639,35.9374813]}},{"type":"Feature","properties":{"osm_id":"node/10683749612","name":null,"species":null,"height":null,"source":"OpenStreetMap contributors","kind":"tree"},"geometry":{"type":"Point","coordinates":[14.4591719,35.9375399]}},{"type":"Feature","properties":{"osm_id":"node/10683749613","name":null,"species":null,"height":null,"source":"OpenStreetMap contributors","kind":"tree"},"geometry":{"type":"Point","coordinates":[14.4588917,35.9371414]}},{"type":"Feature","properties":{"osm_id":"node/10683749614","name":null,"species":null,"height":null,"source":"OpenStreetMap contributors","kind":"tree"},"geometry":{"type":"Point","coordinates":[14.4588756,35.9372674]}},{"type":"Feature","properties":{"osm_id":"node/10685387034","name":null,"species":null,"height":null,"source":"OpenStreetMap contributors","kind":"tree"},"geometry":{"type":"Point","coordinates":[14.4580529,35.9395944]}},{"type":"Feature","properties":{"osm_id":"node/10744654271","name":null,"species":null,"height":null,"source":"OpenStreetMap contributors","kind":"tree"},"geometry":{"type":"Point","coordinates":[14.5358701,35.8760152]}},{"type":"Feature","properties":{"osm_id":"node/10744654272","name":null,"species":null,"height":null,"source":"OpenStreetMap contributors","kind":"tree"},"geometry":{"type":"Point","coordinates":[14.5359297,35.875993]}},{"type":"Feature","properties":{"osm_id":"node/10748341258","name":null,"species":null,"height":null,"source":"OpenStreetMap contributors","kind":"tree"},"geometry":{"type":"Point","coordinates":[14.4168012,35.930115]}},{"type":"Feature","properties":{"osm_id":"node/10783647488","name":null,"species":null,"height":null,"source":"OpenStreetMap contributors","kind":"tree"},"geometry":{"type":"Point","coordinates":[14.494059,35.9222471]}},{"type":"Feature","properties":{"osm_id":"node/10783647489","name":null,"species":null,"height":null,"source":"OpenStreetMap contributors","kind":"tree"},"geometry":{"type":"Point","coordinates":[14.4941139,35.9222064]}},{"type":"Feature","properties":{"osm_id":"node/10783647490","name":null,"species":null,"height":null,"source":"OpenStreetMap contributors","kind":"tree"},"geometry":{"type":"Point","coordinates":[14.4941302,35.9221573]}},{"type":"Feature","properties":{"osm_id":"node/10783647491","name":null,"species":null,"height":null,"source":"OpenStreetMap contributors","kind":"tree"},"geometry":{"type":"Point","coordinates":[14.4939691,35.9221015]}},{"type":"Feature","properties":{"osm_id":"node/10783647492","name":null,"species":null,"height":null,"source":"OpenStreetMap contributors","kind":"tree"},"geometry":{"type":"Point","coordinates":[14.4940275,35.9219909]}},{"type":"Feature","properties":{"osm_id":"node/10783647493","name":null,"species":null,"height":null,"source":"OpenStreetMap contributors","kind":"tree"},"geometry":{"type":"Point","coordinates":[14.4941185,35.9218632]}},{"type":"Feature","properties":{"osm_id":"node/10783647494","name":null,"species":null,"height":null,"source":"OpenStreetMap contributors","kind":"tree"},"geometry":{"type":"Point","coordinates":[14.4938068,35.9218434]}},{"type":"Feature","properties":{"osm_id":"node/10783647495","name":null,"species":null,"height":null,"source":"OpenStreetMap contributors","kind":"tree"},"geometry":{"type":"Point","coordinates":[14.4939458,35.9218188]}},{"type":"Feature","properties":{"osm_id":"node/10783647496","name":null,"species":null,"height":null,"source":"OpenStreetMap contributors","kind":"tree"},"geometry":{"type":"Point","coordinates":[14.4939306,35.921954]}},{"type":"Feature","properties":{"osm_id":"node/10783647497","name":null,"species":null,"height":null,"source":"OpenStreetMap contributors","kind":"tree"},"geometry":{"type":"Point","coordinates":[14.4938559,35.9219152]}},{"type":"Feature","properties":{"osm_id":"node/10783647498","name":null,"species":null,"height":null,"source":"OpenStreetMap contributors","kind":"tree"},"geometry":{"type":"Point","coordinates":[14.4935745,35.9222471]}},{"type":"Feature","properties":{"osm_id":"node/10783647499","name":null,"species":null,"height":null,"source":"OpenStreetMap contributors","kind":"tree"},"geometry":{"type":"Point","coordinates":[14.493522,35.9223681]}},{"type":"Feature","properties":{"osm_id":"node/10783647500","name":null,"species":null,"height":null,"source":"OpenStreetMap contributors","kind":"tree"},"geometry":{"type":"Point","coordinates":[14.4936142,35.922456]}},{"type":"Feature","properties":{"osm_id":"node/10783647501","name":null,"species":null,"height":null,"source":"OpenStreetMap contributors","kind":"tree"},"geometry":{"type":"Point","coordinates":[14.4941232,35.9223813]}},{"type":"Feature","properties":{"osm_id":"node/10783647502","name":null,"species":null,"height":null,"source":"OpenStreetMap contributors","kind":"tree"},"geometry":{"type":"Point","coordinates":[14.4939668,35.9224513]}},{"type":"Feature","properties":{"osm_id":"node/10801446987","name":null,"species":null,"height":null,"source":"OpenStreetMap contributors","kind":"tree"},"geometry":{"type":"Point","coordinates":[14.5059213,35.8471199]}},{"type":"Feature","properties":{"osm_id":"node/10801446988","name":null,"species":null,"height":null,"source":"OpenStreetMap contributors","kind":"tree"},"geometry":{"type":"Point","coordinates":[14.5060829,35.8470885]}},{"type":"Feature","properties":{"osm_id":"node/10810705849","name":null,"species":null,"height":null,"source":"OpenStreetMap contributors","kind":"tree"},"geometry":{"type":"Point","coordinates":[14.4138655,35.8959291]}},{"type":"Feature","properties":{"osm_id":"node/10810705850","name":null,"species":null,"height":null,"source":"OpenStreetMap contributors","kind":"tree"},"geometry":{"type":"Point","coordinates":[14.4137192,35.8959753]}},{"type":"Feature","properties":{"osm_id":"node/10810705851","name":null,"species":null,"height":null,"source":"OpenStreetMap contributors","kind":"tree"},"geometry":{"type":"Point","coordinates":[14.4140408,35.895812]}},{"type":"Feature","properties":{"osm_id":"node/10810705852","name":null,"species":null,"height":null,"source":"OpenStreetMap contributors","kind":"tree"},"geometry":{"type":"Point","coordinates":[14.414201,35.8957272]}},{"type":"Feature","properties":{"osm_id":"node/10810712211","name":null,"species":null,"height":null,"source":"OpenStreetMap contributors","kind":"tree"},"geometry":{"type":"Point","coordinates":[14.4152669,35.8961564]}},{"type":"Feature","properties":{"osm_id":"node/10810712212","name":null,"species":null,"height":null,"source":"OpenStreetMap contributors","kind":"tree"},"geometry":{"type":"Point","coordinates":[14.4159734,35.8957223]}},{"type":"Feature","properties":{"osm_id":"node/10810712213","name":null,"species":null,"height":null,"source":"OpenStreetMap contributors","kind":"tree"},"geometry":{"type":"Point","coordinates":[14.4160646,35.8955898]}},{"type":"Feature","properties":{"osm_id":"node/10810712214","name":null,"species":null,"height":null,"source":"OpenStreetMap contributors","kind":"tree"},"geometry":{"type":"Point","coordinates":[14.4161531,35.8953834]}},{"type":"Feature","properties":{"osm_id":"node/10810712215","name":null,"species":null,"height":null,"source":"OpenStreetMap contributors","kind":"tree"},"geometry":{"type":"Point","coordinates":[14.4131799,35.8946873]}},{"type":"Feature","properties":{"osm_id":"node/10876007515","name":null,"species":null,"height":null,"source":"OpenStreetMap contributors","kind":"tree"},"geometry":{"type":"Point","coordinates":[14.5307878,35.8311293]}},{"type":"Feature","properties":{"osm_id":"node/10876007516","name":null,"species":null,"height":null,"source":"OpenStreetMap contributors","kind":"tree"},"geometry":{"type":"Point","coordinates":[14.5307893,35.8311549]}},{"type":"Feature","properties":{"osm_id":"node/10876007517","name":null,"species":null,"height":null,"source":"OpenStreetMap contributors","kind":"tree"},"geometry":{"type":"Point","coordinates":[14.5307924,35.831188]}},{"type":"Feature","properties":{"osm_id":"node/10876007518","name":null,"species":null,"height":null,"source":"OpenStreetMap contributors","kind":"tree"},"geometry":{"type":"Point","coordinates":[14.5307901,35.8312192]}},{"type":"Feature","properties":{"osm_id":"node/10876007519","name":null,"species":null,"height":null,"source":"OpenStreetMap contributors","kind":"tree"},"geometry":{"type":"Point","coordinates":[14.5307878,35.8312504]}},{"type":"Feature","properties":{"osm_id":"node/10876007520","name":null,"species":null,"height":null,"source":"OpenStreetMap contributors","kind":"tree"},"geometry":{"type":"Point","coordinates":[14.5307801,35.8312848]}},{"type":"Feature","properties":{"osm_id":"node/10876007521","name":null,"species":null,"height":null,"source":"OpenStreetMap contributors","kind":"tree"},"geometry":{"type":"Point","coordinates":[14.5307623,35.8313472]}},{"type":"Feature","properties":{"osm_id":"node/10876007522","name":null,"species":null,"height":null,"source":"OpenStreetMap contributors","kind":"tree"},"geometry":{"type":"Point","coordinates":[14.5307415,35.8313816]}},{"type":"Feature","properties":{"osm_id":"node/10876007523","name":null,"species":null,"height":null,"source":"OpenStreetMap contributors","kind":"tree"},"geometry":{"type":"Point","coordinates":[14.5307323,35.8314053]}},{"type":"Feature","properties":{"osm_id":"node/10876007524","name":null,"species":null,"height":null,"source":"OpenStreetMap contributors","kind":"tree"},"geometry":{"type":"Point","coordinates":[14.5306137,35.8311437]}},{"type":"Feature","properties":{"osm_id":"node/10893251281","name":null,"species":null,"height":null,"source":"OpenStreetMap contributors","kind":"tree"},"geometry":{"type":"Point","coordinates":[14.4350434,35.8953408]}},{"type":"Feature","properties":{"osm_id":"node/10901410087","name":null,"species":null,"height":null,"source":"OpenStreetMap contributors","kind":"tree"},"geometry":{"type":"Point","coordinates":[14.4157895,35.9253612]}},{"type":"Feature","properties":{"osm_id":"node/10901410088","name":null,"species":null,"height":null,"source":"OpenStreetMap contributors","kind":"tree"},"geometry":{"type":"Point","coordinates":[14.4158058,35.9254484]}},{"type":"Feature","properties":{"osm_id":"node/10901410089","name":null,"species":null,"height":null,"source":"OpenStreetMap contributors","kind":"tree"},"geometry":{"type":"Point","coordinates":[14.4158119,35.9255439]}},{"type":"Feature","properties":{"osm_id":"node/10901410090","name":null,"species":null,"height":null,"source":"OpenStreetMap contributors","kind":"tree"},"geometry":{"type":"Point","coordinates":[14.415818,35.9256196]}},{"type":"Feature","properties":{"osm_id":"node/10901410091","name":null,"species":null,"height":null,"source":"OpenStreetMap contributors","kind":"tree"},"geometry":{"type":"Point","coordinates":[14.4158464,35.92572]}},{"type":"Feature","properties":{"osm_id":"node/10901410092","name":null,"species":null,"height":null,"source":"OpenStreetMap contributors","kind":"tree"},"geometry":{"type":"Point","coordinates":[14.4158464,35.9258138]}},{"type":"Feature","properties":{"osm_id":"node/10901410093","name":null,"species":null,"height":null,"source":"OpenStreetMap contributors","kind":"tree"},"geometry":{"type":"Point","coordinates":[14.4157915,35.9252097]}},{"type":"Feature","properties":{"osm_id":"node/10901410094","name":null,"species":null,"height":null,"source":"OpenStreetMap contributors","kind":"tree"},"geometry":{"type":"Point","coordinates":[14.4157976,35.9248591]}},{"type":"Feature","properties":{"osm_id":"node/10914234546","name":null,"species":null,"height":null,"source":"OpenStreetMap contributors","kind":"tree"},"geometry":{"type":"Point","coordinates":[14.5245132,35.8273951]}},{"type":"Feature","properties":{"osm_id":"node/10917674149","name":null,"species":null,"height":null,"source":"OpenStreetMap contributors","kind":"tree"},"geometry":{"type":"Point","coordinates":[14.4858364,35.8753049]}},{"type":"Feature","properties":{"osm_id":"node/10917674150","name":null,"species":null,"height":null,"source":"OpenStreetMap contributors","kind":"tree"},"geometry":{"type":"Point","coordinates":[14.4858842,35.8752974]}},{"type":"Feature","properties":{"osm_id":"node/10917674151","name":null,"species":null,"height":null,"source":"OpenStreetMap contributors","kind":"tree"},"geometry":{"type":"Point","coordinates":[14.4859289,35.8752924]}},{"type":"Feature","properties":{"osm_id":"node/10917674152","name":null,"species":null,"height":null,"source":"OpenStreetMap contributors","kind":"tree"},"geometry":{"type":"Point","coordinates":[14.4859889,35.8752861]}},{"type":"Feature","properties":{"osm_id":"node/10917674153","name":null,"species":null,"height":null,"source":"OpenStreetMap contributors","kind":"tree"},"geometry":{"type":"Point","coordinates":[14.4860506,35.8752762]}},{"type":"Feature","properties":{"osm_id":"node/10917674154","name":null,"species":null,"height":null,"source":"OpenStreetMap contributors","kind":"tree"},"geometry":{"type":"Point","coordinates":[14.4860906,35.8752762]}},{"type":"Feature","properties":{"osm_id":"node/10917674155","name":null,"species":null,"height":null,"source":"OpenStreetMap contributors","kind":"tree"},"geometry":{"type":"Point","coordinates":[14.4861522,35.8752674]}},{"type":"Feature","properties":{"osm_id":"node/10917674156","name":null,"species":null,"height":null,"source":"OpenStreetMap contributors","kind":"tree"},"geometry":{"type":"Point","coordinates":[14.4862092,35.8752624]}},{"type":"Feature","properties":{"osm_id":"node/10917674157","name":null,"species":null,"height":null,"source":"OpenStreetMap contributors","kind":"tree"},"geometry":{"type":"Point","coordinates":[14.4862508,35.8752549]}},{"type":"Feature","properties":{"osm_id":"node/10917674158","name":null,"species":null,"height":null,"source":"OpenStreetMap contributors","kind":"tree"},"geometry":{"type":"Point","coordinates":[14.4863371,35.8752237]}},{"type":"Feature","properties":{"osm_id":"node/10917674159","name":null,"species":null,"height":null,"source":"OpenStreetMap contributors","kind":"tree"},"geometry":{"type":"Point","coordinates":[14.4863032,35.8752599]}},{"type":"Feature","properties":{"osm_id":"node/10917674160","name":null,"species":null,"height":null,"source":"OpenStreetMap contributors","kind":"tree"},"geometry":{"type":"Point","coordinates":[14.4863818,35.8752487]}},{"type":"Feature","properties":{"osm_id":"node/10917674161","name":null,"species":null,"height":null,"source":"OpenStreetMap contributors","kind":"tree"},"geometry":{"type":"Point","coordinates":[14.4865127,35.8752362]}},{"type":"Feature","properties":{"osm_id":"node/10917674162","name":null,"species":null,"height":null,"source":"OpenStreetMap contributors","kind":"tree"},"geometry":{"type":"Point","coordinates":[14.4866128,35.8752212]}},{"type":"Feature","properties":{"osm_id":"node/10917674163","name":null,"species":null,"height":null,"source":"OpenStreetMap contributors","kind":"tree"},"geometry":{"type":"Point","coordinates":[14.4867007,35.8752187]}},{"type":"Feature","properties":{"osm_id":"node/10917674164","name":null,"species":null,"height":null,"source":"OpenStreetMap contributors","kind":"tree"},"geometry":{"type":"Point","coordinates":[14.4867669,35.875205]}},{"type":"Feature","properties":{"osm_id":"node/10917674165","name":null,"species":null,"height":null,"source":"OpenStreetMap contributors","kind":"tree"},"geometry":{"type":"Point","coordinates":[14.4868362,35.8751875]}},{"type":"Feature","properties":{"osm_id":"node/10917674166","name":null,"species":null,"height":null,"source":"OpenStreetMap contributors","kind":"tree"},"geometry":{"type":"Point","coordinates":[14.4868794,35.8751376]}},{"type":"Feature","properties":{"osm_id":"node/10917674167","name":null,"species":null,"height":null,"source":"OpenStreetMap contributors","kind":"tree"},"geometry":{"type":"Point","coordinates":[14.4868994,35.8751863]}},{"type":"Feature","properties":{"osm_id":"node/10917674168","name":null,"species":null,"height":null,"source":"OpenStreetMap contributors","kind":"tree"},"geometry":{"type":"Point","coordinates":[14.487018,35.8751725]}},{"type":"Feature","properties":{"osm_id":"node/10917674169","name":null,"species":null,"height":null,"source":"OpenStreetMap contributors","kind":"tree"},"geometry":{"type":"Point","coordinates":[14.4871459,35.8751601]}},{"type":"Feature","properties":{"osm_id":"node/10917674170","name":null,"species":null,"height":null,"source":"OpenStreetMap contributors","kind":"tree"},"geometry":{"type":"Point","coordinates":[14.4873076,35.8751451]}},{"type":"Feature","properties":{"osm_id":"node/10917674171","name":null,"species":null,"height":null,"source":"OpenStreetMap contributors","kind":"tree"},"geometry":{"type":"Point","coordinates":[14.4872907,35.8750927]}},{"type":"Feature","properties":{"osm_id":"node/10917674172","name":null,"species":null,"height":null,"source":"OpenStreetMap contributors","kind":"tree"},"geometry":{"type":"Point","coordinates":[14.4854651,35.8751451]}},{"type":"Feature","properties":{"osm_id":"node/10917674173","name":null,"species":null,"height":null,"source":"OpenStreetMap contributors","kind":"tree"},"geometry":{"type":"Point","coordinates":[14.4843748,35.8749099]}},{"type":"Feature","properties":{"osm_id":"node/10917674174","name":null,"species":null,"height":null,"source":"OpenStreetMap contributors","kind":"tree"},"geometry":{"type":"Point","coordinates":[14.4844372,35.8748994]}},{"type":"Feature","properties":{"osm_id":"node/10917674175","name":null,"species":null,"height":null,"source":"OpenStreetMap contributors","kind":"tree"},"geometry":{"type":"Point","coordinates":[14.4842925,35.8749601]}},{"type":"Feature","properties":{"osm_id":"node/10917674176","name":null,"species":null,"height":null,"source":"OpenStreetMap contributors","kind":"tree"},"geometry":{"type":"Point","coordinates":[14.4845324,35.8748691]}},{"type":"Feature","properties":{"osm_id":"node/10917674177","name":null,"species":null,"height":null,"source":"OpenStreetMap contributors","kind":"tree"},"geometry":{"type":"Point","coordinates":[14.4846229,35.8748414]}},{"type":"Feature","properties":{"osm_id":"node/10917674178","name":null,"species":null,"height":null,"source":"OpenStreetMap contributors","kind":"tree"},"geometry":{"type":"Point","coordinates":[14.4840117,35.8750199]}},{"type":"Feature","properties":{"osm_id":"node/10917674179","name":null,"species":null,"height":null,"source":"OpenStreetMap contributors","kind":"tree"},"geometry":{"type":"Point","coordinates":[14.4841581,35.8748404]}},{"type":"Feature","properties":{"osm_id":"node/10917674180","name":null,"species":null,"height":null,"source":"OpenStreetMap contributors","kind":"tree"},"geometry":{"type":"Point","coordinates":[14.4843268,35.8747909]}},{"type":"Feature","properties":{"osm_id":"node/10917674181","name":null,"species":null,"height":null,"source":"OpenStreetMap contributors","kind":"tree"},"geometry":{"type":"Point","coordinates":[14.4844061,35.8748272]}},{"type":"Feature","properties":{"osm_id":"node/10917674182","name":null,"species":null,"height":null,"source":"OpenStreetMap contributors","kind":"tree"},"geometry":{"type":"Point","coordinates":[14.484465,35.8748222]}},{"type":"Feature","properties":{"osm_id":"node/10917674183","name":null,"species":null,"height":null,"source":"OpenStreetMap contributors","kind":"tree"},"geometry":{"type":"Point","coordinates":[14.4845158,35.8747959]}},{"type":"Feature","properties":{"osm_id":"node/10917674184","name":null,"species":null,"height":null,"source":"OpenStreetMap contributors","kind":"tree"},"geometry":{"type":"Point","coordinates":[14.484587,35.8747679]}},{"type":"Feature","properties":{"osm_id":"node/10917674185","name":null,"species":null,"height":null,"source":"OpenStreetMap contributors","kind":"tree"},"geometry":{"type":"Point","coordinates":[14.484713,35.874758]}},{"type":"Feature","properties":{"osm_id":"node/10917674186","name":null,"species":null,"height":null,"source":"OpenStreetMap contributors","kind":"tree"},"geometry":{"type":"Point","coordinates":[14.4847537,35.8746542]}},{"type":"Feature","properties":{"osm_id":"node/10917674187","name":null,"species":null,"height":null,"source":"OpenStreetMap contributors","kind":"tree"},"geometry":{"type":"Point","coordinates":[14.4846764,35.8746427]}},{"type":"Feature","properties":{"osm_id":"node/10917674188","name":null,"species":null,"height":null,"source":"OpenStreetMap contributors","kind":"tree"},"geometry":{"type":"Point","coordinates":[14.4853798,35.8745011]}},{"type":"Feature","properties":{"osm_id":"node/10917674189","name":null,"species":null,"height":null,"source":"OpenStreetMap contributors","kind":"tree"},"geometry":{"type":"Point","coordinates":[14.4838374,35.874627]}},{"type":"Feature","properties":{"osm_id":"node/10917674190","name":null,"species":null,"height":null,"source":"OpenStreetMap contributors","kind":"tree"},"geometry":{"type":"Point","coordinates":[14.4834485,35.8747552]}},{"type":"Feature","properties":{"osm_id":"node/10917674191","name":null,"species":null,"height":null,"source":"OpenStreetMap contributors","kind":"tree"},"geometry":{"type":"Point","coordinates":[14.4829121,35.8749486]}},{"type":"Feature","properties":{"osm_id":"node/10917674192","name":null,"species":null,"height":null,"source":"OpenStreetMap contributors","kind":"tree"},"geometry":{"type":"Point","coordinates":[14.4826277,35.8750812]}},{"type":"Feature","properties":{"osm_id":"node/10917674193","name":null,"species":null,"height":null,"source":"OpenStreetMap contributors","kind":"tree"},"geometry":{"type":"Point","coordinates":[14.4823595,35.8748161]}},{"type":"Feature","properties":{"osm_id":"node/10917674194","name":null,"species":null,"height":null,"source":"OpenStreetMap contributors","kind":"tree"},"geometry":{"type":"Point","coordinates":[14.4824239,35.8748117]}},{"type":"Feature","properties":{"osm_id":"node/10917674195","name":null,"species":null,"height":null,"source":"OpenStreetMap contributors","kind":"tree"},"geometry":{"type":"Point","coordinates":[14.4824749,35.8748291]}},{"type":"Feature","properties":{"osm_id":"node/10917674196","name":null,"species":null,"height":null,"source":"OpenStreetMap contributors","kind":"tree"},"geometry":{"type":"Point","coordinates":[14.4822898,35.8749073]}},{"type":"Feature","properties":{"osm_id":"node/10917674197","name":null,"species":null,"height":null,"source":"OpenStreetMap contributors","kind":"tree"},"geometry":{"type":"Point","coordinates":[14.4822174,35.8749486]}},{"type":"Feature","properties":{"osm_id":"node/10917674198","name":null,"species":null,"height":null,"source":"OpenStreetMap contributors","kind":"tree"},"geometry":{"type":"Point","coordinates":[14.4821315,35.8750291]}},{"type":"Feature","properties":{"osm_id":"node/10917674199","name":null,"species":null,"height":null,"source":"OpenStreetMap contributors","kind":"tree"},"geometry":{"type":"Point","coordinates":[14.4821637,35.8749812]}},{"type":"Feature","properties":{"osm_id":"node/10917674200","name":null,"species":null,"height":null,"source":"OpenStreetMap contributors","kind":"tree"},"geometry":{"type":"Point","coordinates":[14.4822039,35.8749052]}},{"type":"Feature","properties":{"osm_id":"node/10917674201","name":null,"species":null,"height":null,"source":"OpenStreetMap contributors","kind":"tree"},"geometry":{"type":"Point","coordinates":[14.4822549,35.8748552]}},{"type":"Feature","properties":{"osm_id":"node/10917674202","name":null,"species":null,"height":null,"source":"OpenStreetMap contributors","kind":"tree"},"geometry":{"type":"Point","coordinates":[14.4823166,35.8748313]}},{"type":"Feature","properties":{"osm_id":"node/10917674203","name":null,"species":null,"height":null,"source":"OpenStreetMap contributors","kind":"tree"},"geometry":{"type":"Point","coordinates":[14.4826116,35.8747509]}},{"type":"Feature","properties":{"osm_id":"node/10917674204","name":null,"species":null,"height":null,"source":"OpenStreetMap contributors","kind":"tree"},"geometry":{"type":"Point","coordinates":[14.4827002,35.8747096]}},{"type":"Feature","properties":{"osm_id":"node/10917682219","name":null,"species":null,"height":null,"source":"OpenStreetMap contributors","kind":"tree"},"geometry":{"type":"Point","coordinates":[14.4870768,35.8745744]}},{"type":"Feature","properties":{"osm_id":"node/10917682220","name":null,"species":null,"height":null,"source":"OpenStreetMap contributors","kind":"tree"},"geometry":{"type":"Point","coordinates":[14.4870367,35.8745145]}},{"type":"Feature","properties":{"osm_id":"node/10917682221","name":null,"species":null,"height":null,"source":"OpenStreetMap contributors","kind":"tree"},"geometry":{"type":"Point","coordinates":[14.4870028,35.8744733]}},{"type":"Feature","properties":{"osm_id":"node/10917682222","name":null,"species":null,"height":null,"source":"OpenStreetMap contributors","kind":"tree"},"geometry":{"type":"Point","coordinates":[14.487217,35.8743622]}},{"type":"Feature","properties":{"osm_id":"node/10917682223","name":null,"species":null,"height":null,"source":"OpenStreetMap contributors","kind":"tree"},"geometry":{"type":"Point","coordinates":[14.4871168,35.8743422]}},{"type":"Feature","properties":{"osm_id":"node/10917682224","name":null,"species":null,"height":null,"source":"OpenStreetMap contributors","kind":"tree"},"geometry":{"type":"Point","coordinates":[14.4870414,35.8743535]}},{"type":"Feature","properties":{"osm_id":"node/10917682225","name":null,"species":null,"height":null,"source":"OpenStreetMap contributors","kind":"tree"},"geometry":{"type":"Point","coordinates":[14.4869951,35.8743709]}},{"type":"Feature","properties":{"osm_id":"node/10917682226","name":null,"species":null,"height":null,"source":"OpenStreetMap contributors","kind":"tree"},"geometry":{"type":"Point","coordinates":[14.4870691,35.8744458]}},{"type":"Feature","properties":{"osm_id":"node/10917682227","name":null,"species":null,"height":null,"source":"OpenStreetMap contributors","kind":"tree"},"geometry":{"type":"Point","coordinates":[14.4871184,35.8744383]}},{"type":"Feature","properties":{"osm_id":"node/10917682228","name":null,"species":null,"height":null,"source":"OpenStreetMap contributors","kind":"tree"},"geometry":{"type":"Point","coordinates":[14.4871785,35.8744309]}},{"type":"Feature","properties":{"osm_id":"node/10917682229","name":null,"species":null,"height":null,"source":"OpenStreetMap contributors","kind":"tree"},"geometry":{"type":"Point","coordinates":[14.4871538,35.8743809]}},{"type":"Feature","properties":{"osm_id":"node/10917682230","name":null,"species":null,"height":null,"source":"OpenStreetMap contributors","kind":"tree"},"geometry":{"type":"Point","coordinates":[14.4873002,35.8743909]}},{"type":"Feature","properties":{"osm_id":"node/10917682231","name":null,"species":null,"height":null,"source":"OpenStreetMap contributors","kind":"tree"},"geometry":{"type":"Point","coordinates":[14.4873171,35.8744296]}},{"type":"Feature","properties":{"osm_id":"node/10917682232","name":null,"species":null,"height":null,"source":"OpenStreetMap contributors","kind":"tree"},"geometry":{"type":"Point","coordinates":[14.4872709,35.8744533]}},{"type":"Feature","properties":{"osm_id":"node/10917682233","name":null,"species":null,"height":null,"source":"OpenStreetMap contributors","kind":"tree"},"geometry":{"type":"Point","coordinates":[14.4872031,35.8744658]}},{"type":"Feature","properties":{"osm_id":"node/10917682234","name":null,"species":null,"height":null,"source":"OpenStreetMap contributors","kind":"tree"},"geometry":{"type":"Point","coordinates":[14.4871631,35.874477]}},{"type":"Feature","properties":{"osm_id":"node/10917682235","name":null,"species":null,"height":null,"source":"OpenStreetMap contributors","kind":"tree"},"geometry":{"type":"Point","coordinates":[14.4872185,35.8745482]}},{"type":"Feature","properties":{"osm_id":"node/10917682236","name":null,"species":null,"height":null,"source":"OpenStreetMap contributors","kind":"tree"},"geometry":{"type":"Point","coordinates":[14.4873541,35.8745719]}},{"type":"Feature","properties":{"osm_id":"node/10917682237","name":null,"species":null,"height":null,"source":"OpenStreetMap contributors","kind":"tree"},"geometry":{"type":"Point","coordinates":[14.4873895,35.8748191]}},{"type":"Feature","properties":{"osm_id":"node/10917682238","name":null,"species":null,"height":null,"source":"OpenStreetMap contributors","kind":"tree"},"geometry":{"type":"Point","coordinates":[14.4874635,35.8748553]}},{"type":"Feature","properties":{"osm_id":"node/10917682239","name":null,"species":null,"height":null,"source":"OpenStreetMap contributors","kind":"tree"},"geometry":{"type":"Point","coordinates":[14.4875297,35.874909]}},{"type":"Feature","properties":{"osm_id":"node/10917682240","name":null,"species":null,"height":null,"source":"OpenStreetMap contributors","kind":"tree"},"geometry":{"type":"Point","coordinates":[14.4876622,35.8749764]}},{"type":"Feature","properties":{"osm_id":"node/10917682241","name":null,"species":null,"height":null,"source":"OpenStreetMap contributors","kind":"tree"},"geometry":{"type":"Point","coordinates":[14.4877747,35.8747929]}},{"type":"Feature","properties":{"osm_id":"node/10917682242","name":null,"species":null,"height":null,"source":"OpenStreetMap contributors","kind":"tree"},"geometry":{"type":"Point","coordinates":[14.4878085,35.8747279]}},{"type":"Feature","properties":{"osm_id":"node/10917682243","name":null,"species":null,"height":null,"source":"OpenStreetMap contributors","kind":"tree"},"geometry":{"type":"Point","coordinates":[14.4878424,35.8746343]}},{"type":"Feature","properties":{"osm_id":"node/10917682244","name":null,"species":null,"height":null,"source":"OpenStreetMap contributors","kind":"tree"},"geometry":{"type":"Point","coordinates":[14.4878732,35.8748366]}},{"type":"Feature","properties":{"osm_id":"node/10917682245","name":null,"species":null,"height":null,"source":"OpenStreetMap contributors","kind":"tree"},"geometry":{"type":"Point","coordinates":[14.487254,35.8741725]}},{"type":"Feature","properties":{"osm_id":"node/10917682246","name":null,"species":null,"height":null,"source":"OpenStreetMap contributors","kind":"tree"},"geometry":{"type":"Point","coordinates":[14.4872062,35.8741974]}},{"type":"Feature","properties":{"osm_id":"node/10917682247","name":null,"species":null,"height":null,"source":"OpenStreetMap contributors","kind":"tree"},"geometry":{"type":"Point","coordinates":[14.4872878,35.8743422]}},{"type":"Feature","properties":{"osm_id":"node/10917682248","name":null,"species":null,"height":null,"source":"OpenStreetMap contributors","kind":"tree"},"geometry":{"type":"Point","coordinates":[14.487143,35.8742149]}},{"type":"Feature","properties":{"osm_id":"node/10917682249","name":null,"species":null,"height":null,"source":"OpenStreetMap contributors","kind":"tree"},"geometry":{"type":"Point","coordinates":[14.4870907,35.8742424]}},{"type":"Feature","properties":{"osm_id":"node/10917682250","name":null,"species":null,"height":null,"source":"OpenStreetMap contributors","kind":"tree"},"geometry":{"type":"Point","coordinates":[14.4870537,35.8742698]}},{"type":"Feature","properties":{"osm_id":"node/10917682251","name":null,"species":null,"height":null,"source":"OpenStreetMap contributors","kind":"tree"},"geometry":{"type":"Point","coordinates":[14.4869998,35.8742886]}},{"type":"Feature","properties":{"osm_id":"node/10917682252","name":null,"species":null,"height":null,"source":"OpenStreetMap contributors","kind":"tree"},"geometry":{"type":"Point","coordinates":[14.4869412,35.874306]}},{"type":"Feature","properties":{"osm_id":"node/10917682253","name":null,"species":null,"height":null,"source":"OpenStreetMap contributors","kind":"tree"},"geometry":{"type":"Point","coordinates":[14.486895,35.874301]}},{"type":"Feature","properties":{"osm_id":"node/10917682254","name":null,"species":null,"height":null,"source":"OpenStreetMap contributors","kind":"tree"},"geometry":{"type":"Point","coordinates":[14.4868534,35.8742811]}},{"type":"Feature","properties":{"osm_id":"node/10917682255","name":null,"species":null,"height":null,"source":"OpenStreetMap contributors","kind":"tree"},"geometry":{"type":"Point","coordinates":[14.4867826,35.8742761]}},{"type":"Feature","properties":{"osm_id":"node/10917682256","name":null,"species":null,"height":null,"source":"OpenStreetMap contributors","kind":"tree"},"geometry":{"type":"Point","coordinates":[14.4866947,35.874341]}},{"type":"Feature","properties":{"osm_id":"node/10917682257","name":null,"species":null,"height":null,"source":"OpenStreetMap contributors","kind":"tree"},"geometry":{"type":"Point","coordinates":[14.4865083,35.8742474]}},{"type":"Feature","properties":{"osm_id":"node/10917682258","name":null,"species":null,"height":null,"source":"OpenStreetMap contributors","kind":"tree"},"geometry":{"type":"Point","coordinates":[14.4866593,35.8741824]}},{"type":"Feature","properties":{"osm_id":"node/10917682259","name":null,"species":null,"height":null,"source":"OpenStreetMap contributors","kind":"tree"},"geometry":{"type":"Point","coordinates":[14.4867872,35.8742074]}},{"type":"Feature","properties":{"osm_id":"node/10917682260","name":null,"species":null,"height":null,"source":"OpenStreetMap contributors","kind":"tree"},"geometry":{"type":"Point","coordinates":[14.4867594,35.8741787]}},{"type":"Feature","properties":{"osm_id":"node/10917682261","name":null,"species":null,"height":null,"source":"OpenStreetMap contributors","kind":"tree"},"geometry":{"type":"Point","coordinates":[14.486741,35.8741213]}},{"type":"Feature","properties":{"osm_id":"node/10917682262","name":null,"species":null,"height":null,"source":"OpenStreetMap contributors","kind":"tree"},"geometry":{"type":"Point","coordinates":[14.4867533,35.8740738]}},{"type":"Feature","properties":{"osm_id":"node/10917682263","name":null,"species":null,"height":null,"source":"OpenStreetMap contributors","kind":"tree"},"geometry":{"type":"Point","coordinates":[14.486781,35.8740376]}},{"type":"Feature","properties":{"osm_id":"node/10917682264","name":null,"species":null,"height":null,"source":"OpenStreetMap contributors","kind":"tree"},"geometry":{"type":"Point","coordinates":[14.4868411,35.8740127]}},{"type":"Feature","properties":{"osm_id":"node/10917682265","name":null,"species":null,"height":null,"source":"OpenStreetMap contributors","kind":"tree"},"geometry":{"type":"Point","coordinates":[14.4869012,35.8739977]}},{"type":"Feature","properties":{"osm_id":"node/10917682266","name":null,"species":null,"height":null,"source":"OpenStreetMap contributors","kind":"tree"},"geometry":{"type":"Point","coordinates":[14.4869613,35.8739877]}},{"type":"Feature","properties":{"osm_id":"node/10917682267","name":null,"species":null,"height":null,"source":"OpenStreetMap contributors","kind":"tree"},"geometry":{"type":"Point","coordinates":[14.4870167,35.873979]}},{"type":"Feature","properties":{"osm_id":"node/10917682268","name":null,"species":null,"height":null,"source":"OpenStreetMap contributors","kind":"tree"},"geometry":{"type":"Point","coordinates":[14.487083,35.8739627]}},{"type":"Feature","properties":{"osm_id":"node/10917682269","name":null,"species":null,"height":null,"source":"OpenStreetMap contributors","kind":"tree"},"geometry":{"type":"Point","coordinates":[14.487143,35.873954]}},{"type":"Feature","properties":{"osm_id":"node/10917682270","name":null,"species":null,"height":null,"source":"OpenStreetMap contributors","kind":"tree"},"geometry":{"type":"Point","coordinates":[14.4872,35.8739565]}},{"type":"Feature","properties":{"osm_id":"node/10917682271","name":null,"species":null,"height":null,"source":"OpenStreetMap contributors","kind":"tree"},"geometry":{"type":"Point","coordinates":[14.4872663,35.8742661]}},{"type":"Feature","properties":{"osm_id":"node/10917682272","name":null,"species":null,"height":null,"source":"OpenStreetMap contributors","kind":"tree"},"geometry":{"type":"Point","coordinates":[14.4867933,35.8739041]}},{"type":"Feature","properties":{"osm_id":"node/10917682273","name":null,"species":null,"height":null,"source":"OpenStreetMap contributors","kind":"tree"},"geometry":{"type":"Point","coordinates":[14.4869551,35.8738878]}},{"type":"Feature","properties":{"osm_id":"node/10917682274","name":null,"species":null,"height":null,"source":"OpenStreetMap contributors","kind":"tree"},"geometry":{"type":"Point","coordinates":[14.4873911,35.873612]}},{"type":"Feature","properties":{"osm_id":"node/10917682275","name":null,"species":null,"height":null,"source":"OpenStreetMap contributors","kind":"tree"},"geometry":{"type":"Point","coordinates":[14.487368,35.8737268]}},{"type":"Feature","properties":{"osm_id":"node/10917682276","name":null,"species":null,"height":null,"source":"OpenStreetMap contributors","kind":"tree"},"geometry":{"type":"Point","coordinates":[14.4875004,35.8737156]}},{"type":"Feature","properties":{"osm_id":"node/10917682277","name":null,"species":null,"height":null,"source":"OpenStreetMap contributors","kind":"tree"},"geometry":{"type":"Point","coordinates":[14.4877531,35.8736869]}},{"type":"Feature","properties":{"osm_id":"node/10917682278","name":null,"species":null,"height":null,"source":"OpenStreetMap contributors","kind":"tree"},"geometry":{"type":"Point","coordinates":[14.4878548,35.8736719]}},{"type":"Feature","properties":{"osm_id":"node/10917682279","name":null,"species":null,"height":null,"source":"OpenStreetMap contributors","kind":"tree"},"geometry":{"type":"Point","coordinates":[14.4875174,35.8733461]}},{"type":"Feature","properties":{"osm_id":"node/10917682280","name":null,"species":null,"height":null,"source":"OpenStreetMap contributors","kind":"tree"},"geometry":{"type":"Point","coordinates":[14.4880273,35.8736457]}},{"type":"Feature","properties":{"osm_id":"node/10917682281","name":null,"species":null,"height":null,"source":"OpenStreetMap contributors","kind":"tree"},"geometry":{"type":"Point","coordinates":[14.4881059,35.873617]}},{"type":"Feature","properties":{"osm_id":"node/10917682282","name":null,"species":null,"height":null,"source":"OpenStreetMap contributors","kind":"tree"},"geometry":{"type":"Point","coordinates":[14.4888957,35.8738072]}},{"type":"Feature","properties":{"osm_id":"node/10917682283","name":null,"species":null,"height":null,"source":"OpenStreetMap contributors","kind":"tree"},"geometry":{"type":"Point","coordinates":[14.488146,35.8740951]}},{"type":"Feature","properties":{"osm_id":"node/10917682284","name":null,"species":null,"height":null,"source":"OpenStreetMap contributors","kind":"tree"},"geometry":{"type":"Point","coordinates":[14.4884818,35.8740876]}},{"type":"Feature","properties":{"osm_id":"node/10917682285","name":null,"species":null,"height":null,"source":"OpenStreetMap contributors","kind":"tree"},"geometry":{"type":"Point","coordinates":[14.4882307,35.8741451]}},{"type":"Feature","properties":{"osm_id":"node/10917682286","name":null,"species":null,"height":null,"source":"OpenStreetMap contributors","kind":"tree"},"geometry":{"type":"Point","coordinates":[14.4880104,35.8742961]}},{"type":"Feature","properties":{"osm_id":"node/10917682287","name":null,"species":null,"height":null,"source":"OpenStreetMap contributors","kind":"tree"},"geometry":{"type":"Point","coordinates":[14.4880382,35.8744184]}},{"type":"Feature","properties":{"osm_id":"node/10917682288","name":null,"species":null,"height":null,"source":"OpenStreetMap contributors","kind":"tree"},"geometry":{"type":"Point","coordinates":[14.4892483,35.87344]}},{"type":"Feature","properties":{"osm_id":"node/10917682289","name":null,"species":null,"height":null,"source":"OpenStreetMap contributors","kind":"tree"},"geometry":{"type":"Point","coordinates":[14.4893686,35.8735074]}},{"type":"Feature","properties":{"osm_id":"node/10917682290","name":null,"species":null,"height":null,"source":"OpenStreetMap contributors","kind":"tree"},"geometry":{"type":"Point","coordinates":[14.489289,35.873605]}},{"type":"Feature","properties":{"osm_id":"node/10917682291","name":null,"species":null,"height":null,"source":"OpenStreetMap contributors","kind":"tree"},"geometry":{"type":"Point","coordinates":[14.489266,35.873549]}},{"type":"Feature","properties":{"osm_id":"node/10917682292","name":null,"species":null,"height":null,"source":"OpenStreetMap contributors","kind":"tree"},"geometry":{"type":"Point","coordinates":[14.4891899,35.8735806]}},{"type":"Feature","properties":{"osm_id":"node/10917682293","name":null,"species":null,"height":null,"source":"OpenStreetMap contributors","kind":"tree"},"geometry":{"type":"Point","coordinates":[14.489204,35.8737283]}},{"type":"Feature","properties":{"osm_id":"node/10917682294","name":null,"species":null,"height":null,"source":"OpenStreetMap contributors","kind":"tree"},"geometry":{"type":"Point","coordinates":[14.4890359,35.8736709]}},{"type":"Feature","properties":{"osm_id":"node/10917682295","name":null,"species":null,"height":null,"source":"OpenStreetMap contributors","kind":"tree"},"geometry":{"type":"Point","coordinates":[14.4890377,35.8737641]}},{"type":"Feature","properties":{"osm_id":"node/10917682296","name":null,"species":null,"height":null,"source":"OpenStreetMap contributors","kind":"tree"},"geometry":{"type":"Point","coordinates":[14.4890624,35.8735046]}},{"type":"Feature","properties":{"osm_id":"node/10917682297","name":null,"species":null,"height":null,"source":"OpenStreetMap contributors","kind":"tree"},"geometry":{"type":"Point","coordinates":[14.4891244,35.8734702]}},{"type":"Feature","properties":{"osm_id":"node/10917682298","name":null,"species":null,"height":null,"source":"OpenStreetMap contributors","kind":"tree"},"geometry":{"type":"Point","coordinates":[14.4891792,35.8734601]}},{"type":"Feature","properties":{"osm_id":"node/10917682299","name":null,"species":null,"height":null,"source":"OpenStreetMap contributors","kind":"tree"},"geometry":{"type":"Point","coordinates":[14.4891049,35.8735734]}},{"type":"Feature","properties":{"osm_id":"node/10917682300","name":null,"species":null,"height":null,"source":"OpenStreetMap contributors","kind":"tree"},"geometry":{"type":"Point","coordinates":[14.4890324,35.8735662]}},{"type":"Feature","properties":{"osm_id":"node/10917682301","name":null,"species":null,"height":null,"source":"OpenStreetMap contributors","kind":"tree"},"geometry":{"type":"Point","coordinates":[14.4889722,35.8735519]}},{"type":"Feature","properties":{"osm_id":"node/10917682302","name":null,"species":null,"height":null,"source":"OpenStreetMap contributors","kind":"tree"},"geometry":{"type":"Point","coordinates":[14.4889262,35.8735189]}},{"type":"Feature","properties":{"osm_id":"node/10917682303","name":null,"species":null,"height":null,"source":"OpenStreetMap contributors","kind":"tree"},"geometry":{"type":"Point","coordinates":[14.4889333,35.8736308]}},{"type":"Feature","properties":{"osm_id":"node/10917682304","name":null,"species":null,"height":null,"source":"OpenStreetMap contributors","kind":"tree"},"geometry":{"type":"Point","coordinates":[14.4888607,35.8735748]}},{"type":"Feature","properties":{"osm_id":"node/10917682305","name":null,"species":null,"height":null,"source":"OpenStreetMap contributors","kind":"tree"},"geometry":{"type":"Point","coordinates":[14.4888873,35.8736093]}},{"type":"Feature","properties":{"osm_id":"node/10917682306","name":null,"species":null,"height":null,"source":"OpenStreetMap contributors","kind":"tree"},"geometry":{"type":"Point","coordinates":[14.4888819,35.8736609]}},{"type":"Feature","properties":{"osm_id":"node/10917682307","name":null,"species":null,"height":null,"source":"OpenStreetMap contributors","kind":"tree"},"geometry":{"type":"Point","coordinates":[14.4888819,35.8737068]}},{"type":"Feature","properties":{"osm_id":"node/10917682308","name":null,"species":null,"height":null,"source":"OpenStreetMap contributors","kind":"tree"},"geometry":{"type":"Point","coordinates":[14.4889386,35.8736723]}},{"type":"Feature","properties":{"osm_id":"node/10917682309","name":null,"species":null,"height":null,"source":"OpenStreetMap contributors","kind":"tree"},"geometry":{"type":"Point","coordinates":[14.4889403,35.8737168]}},{"type":"Feature","properties":{"osm_id":"node/10917682310","name":null,"species":null,"height":null,"source":"OpenStreetMap contributors","kind":"tree"},"geometry":{"type":"Point","coordinates":[14.4888996,35.8737641]}},{"type":"Feature","properties":{"osm_id":"node/10917682311","name":null,"species":null,"height":null,"source":"OpenStreetMap contributors","kind":"tree"},"geometry":{"type":"Point","coordinates":[14.4889474,35.8737813]}},{"type":"Feature","properties":{"osm_id":"node/10917682312","name":null,"species":null,"height":null,"source":"OpenStreetMap contributors","kind":"tree"},"geometry":{"type":"Point","coordinates":[14.488997,35.8737426]}},{"type":"Feature","properties":{"osm_id":"node/10917682313","name":null,"species":null,"height":null,"source":"OpenStreetMap contributors","kind":"tree"},"geometry":{"type":"Point","coordinates":[14.4905648,35.8735505]}},{"type":"Feature","properties":{"osm_id":"node/10917682314","name":null,"species":null,"height":null,"source":"OpenStreetMap contributors","kind":"tree"},"geometry":{"type":"Point","coordinates":[14.4904764,35.8735863]}},{"type":"Feature","properties":{"osm_id":"node/10917682315","name":null,"species":null,"height":null,"source":"OpenStreetMap contributors","kind":"tree"},"geometry":{"type":"Point","coordinates":[14.4904126,35.8736136]}},{"type":"Feature","properties":{"osm_id":"node/10917682316","name":null,"species":null,"height":null,"source":"OpenStreetMap contributors","kind":"tree"},"geometry":{"type":"Point","coordinates":[14.4903489,35.8736422]}},{"type":"Feature","properties":{"osm_id":"node/10917682317","name":null,"species":null,"height":null,"source":"OpenStreetMap contributors","kind":"tree"},"geometry":{"type":"Point","coordinates":[14.4908391,35.8737985]}},{"type":"Feature","properties":{"osm_id":"node/10917682318","name":null,"species":null,"height":null,"source":"OpenStreetMap contributors","kind":"tree"},"geometry":{"type":"Point","coordinates":[14.4902286,35.8736967]}},{"type":"Feature","properties":{"osm_id":"node/10917682319","name":null,"species":null,"height":null,"source":"OpenStreetMap contributors","kind":"tree"},"geometry":{"type":"Point","coordinates":[14.4905312,35.873929]}},{"type":"Feature","properties":{"osm_id":"node/10917682320","name":null,"species":null,"height":null,"source":"OpenStreetMap contributors","kind":"tree"},"geometry":{"type":"Point","coordinates":[14.4904286,35.8739462]}},{"type":"Feature","properties":{"osm_id":"node/10917682321","name":null,"species":null,"height":null,"source":"OpenStreetMap contributors","kind":"tree"},"geometry":{"type":"Point","coordinates":[14.4901171,35.8737684]}},{"type":"Feature","properties":{"osm_id":"node/10917682322","name":null,"species":null,"height":null,"source":"OpenStreetMap contributors","kind":"tree"},"geometry":{"type":"Point","coordinates":[14.4900428,35.8737871]}},{"type":"Feature","properties":{"osm_id":"node/10917682323","name":null,"species":null,"height":null,"source":"OpenStreetMap contributors","kind":"tree"},"geometry":{"type":"Point","coordinates":[14.490018,35.8738114]}},{"type":"Feature","properties":{"osm_id":"node/10917682324","name":null,"species":null,"height":null,"source":"OpenStreetMap contributors","kind":"tree"},"geometry":{"type":"Point","coordinates":[14.4899844,35.8738444]}},{"type":"Feature","properties":{"osm_id":"node/10917682325","name":null,"species":null,"height":null,"source":"OpenStreetMap contributors","kind":"tree"},"geometry":{"type":"Point","coordinates":[14.4899065,35.8738516]}},{"type":"Feature","properties":{"osm_id":"node/10917682326","name":null,"species":null,"height":null,"source":"OpenStreetMap contributors","kind":"tree"},"geometry":{"type":"Point","coordinates":[14.4897632,35.8738473]}},{"type":"Feature","properties":{"osm_id":"node/10917682327","name":null,"species":null,"height":null,"source":"OpenStreetMap contributors","kind":"tree"},"geometry":{"type":"Point","coordinates":[14.4898128,35.8738745]}},{"type":"Feature","properties":{"osm_id":"node/10917682328","name":null,"species":null,"height":null,"source":"OpenStreetMap contributors","kind":"tree"},"geometry":{"type":"Point","coordinates":[14.4897243,35.8739462]}},{"type":"Feature","properties":{"osm_id":"node/10917682329","name":null,"species":null,"height":null,"source":"OpenStreetMap contributors","kind":"tree"},"geometry":{"type":"Point","coordinates":[14.4896482,35.8738846]}},{"type":"Feature","properties":{"osm_id":"node/10917682330","name":null,"species":null,"height":null,"source":"OpenStreetMap contributors","kind":"tree"},"geometry":{"type":"Point","coordinates":[14.4898694,35.8739319]}},{"type":"Feature","properties":{"osm_id":"node/10917682331","name":null,"species":null,"height":null,"source":"OpenStreetMap contributors","kind":"tree"},"geometry":{"type":"Point","coordinates":[14.4896305,35.874028]}},{"type":"Feature","properties":{"osm_id":"node/10917682332","name":null,"species":null,"height":null,"source":"OpenStreetMap contributors","kind":"tree"},"geometry":{"type":"Point","coordinates":[14.4894553,35.874005]}},{"type":"Feature","properties":{"osm_id":"node/10917682333","name":null,"species":null,"height":null,"source":"OpenStreetMap contributors","kind":"tree"},"geometry":{"type":"Point","coordinates":[14.4893863,35.8740581]}},{"type":"Feature","properties":{"osm_id":"node/10917682334","name":null,"species":null,"height":null,"source":"OpenStreetMap contributors","kind":"tree"},"geometry":{"type":"Point","coordinates":[14.4892783,35.8741083]}},{"type":"Feature","properties":{"osm_id":"node/10917682335","name":null,"species":null,"height":null,"source":"OpenStreetMap contributors","kind":"tree"},"geometry":{"type":"Point","coordinates":[14.4893297,35.8741685]}},{"type":"Feature","properties":{"osm_id":"node/10917682336","name":null,"species":null,"height":null,"source":"OpenStreetMap contributors","kind":"tree"},"geometry":{"type":"Point","coordinates":[14.4890748,35.8742545]}},{"type":"Feature","properties":{"osm_id":"node/10917682337","name":null,"species":null,"height":null,"source":"OpenStreetMap contributors","kind":"tree"},"geometry":{"type":"Point","coordinates":[14.4888625,35.8743463]}},{"type":"Feature","properties":{"osm_id":"node/10917682338","name":null,"species":null,"height":null,"source":"OpenStreetMap contributors","kind":"tree"},"geometry":{"type":"Point","coordinates":[14.4886024,35.8744567]}},{"type":"Feature","properties":{"osm_id":"node/10917682339","name":null,"species":null,"height":null,"source":"OpenStreetMap contributors","kind":"tree"},"geometry":{"type":"Point","coordinates":[14.4884095,35.8745227]}},{"type":"Feature","properties":{"osm_id":"node/10917682340","name":null,"species":null,"height":null,"source":"OpenStreetMap contributors","kind":"tree"},"geometry":{"type":"Point","coordinates":[14.4885316,35.8747291]}},{"type":"Feature","properties":{"osm_id":"node/10917682341","name":null,"species":null,"height":null,"source":"OpenStreetMap contributors","kind":"tree"},"geometry":{"type":"Point","coordinates":[14.4885917,35.8747879]}},{"type":"Feature","properties":{"osm_id":"node/10917682342","name":null,"species":null,"height":null,"source":"OpenStreetMap contributors","kind":"tree"},"geometry":{"type":"Point","coordinates":[14.4886448,35.8747148]}},{"type":"Feature","properties":{"osm_id":"node/10917682343","name":null,"species":null,"height":null,"source":"OpenStreetMap contributors","kind":"tree"},"geometry":{"type":"Point","coordinates":[14.4887386,35.8746517]}},{"type":"Feature","properties":{"osm_id":"node/10917682344","name":null,"species":null,"height":null,"source":"OpenStreetMap contributors","kind":"tree"},"geometry":{"type":"Point","coordinates":[14.4888519,35.8746316]}},{"type":"Feature","properties":{"osm_id":"node/10917682345","name":null,"species":null,"height":null,"source":"OpenStreetMap contributors","kind":"tree"},"geometry":{"type":"Point","coordinates":[14.488997,35.8745814]}},{"type":"Feature","properties":{"osm_id":"node/10917682346","name":null,"species":null,"height":null,"source":"OpenStreetMap contributors","kind":"tree"},"geometry":{"type":"Point","coordinates":[14.4890925,35.8745872]}},{"type":"Feature","properties":{"osm_id":"node/10917682347","name":null,"species":null,"height":null,"source":"OpenStreetMap contributors","kind":"tree"},"geometry":{"type":"Point","coordinates":[14.4891191,35.8745126]}},{"type":"Feature","properties":{"osm_id":"node/10917682348","name":null,"species":null,"height":null,"source":"OpenStreetMap contributors","kind":"tree"},"geometry":{"type":"Point","coordinates":[14.4892394,35.8745155]}},{"type":"Feature","properties":{"osm_id":"node/10917682349","name":null,"species":null,"height":null,"source":"OpenStreetMap contributors","kind":"tree"},"geometry":{"type":"Point","coordinates":[14.4895137,35.8744452]}},{"type":"Feature","properties":{"osm_id":"node/10917682350","name":null,"species":null,"height":null,"source":"OpenStreetMap contributors","kind":"tree"},"geometry":{"type":"Point","coordinates":[14.4903401,35.8742488]}},{"type":"Feature","properties":{"osm_id":"node/10917682351","name":null,"species":null,"height":null,"source":"OpenStreetMap contributors","kind":"tree"},"geometry":{"type":"Point","coordinates":[14.4903472,35.8740366]}},{"type":"Feature","properties":{"osm_id":"node/10917682352","name":null,"species":null,"height":null,"source":"OpenStreetMap contributors","kind":"tree"},"geometry":{"type":"Point","coordinates":[14.4903525,35.8741169]}},{"type":"Feature","properties":{"osm_id":"node/10917682353","name":null,"species":null,"height":null,"source":"OpenStreetMap contributors","kind":"tree"},"geometry":{"type":"Point","coordinates":[14.4902304,35.8740767]}},{"type":"Feature","properties":{"osm_id":"node/10917682354","name":null,"species":null,"height":null,"source":"OpenStreetMap contributors","kind":"tree"},"geometry":{"type":"Point","coordinates":[14.4901755,35.8740925]}},{"type":"Feature","properties":{"osm_id":"node/10917682355","name":null,"species":null,"height":null,"source":"OpenStreetMap contributors","kind":"tree"},"geometry":{"type":"Point","coordinates":[14.4901649,35.8741369]}},{"type":"Feature","properties":{"osm_id":"node/10917682356","name":null,"species":null,"height":null,"source":"OpenStreetMap contributors","kind":"tree"},"geometry":{"type":"Point","coordinates":[14.4900959,35.8742244]}},{"type":"Feature","properties":{"osm_id":"node/10917682357","name":null,"species":null,"height":null,"source":"OpenStreetMap contributors","kind":"tree"},"geometry":{"type":"Point","coordinates":[14.4899844,35.8742574]}},{"type":"Feature","properties":{"osm_id":"node/10917682358","name":null,"species":null,"height":null,"source":"OpenStreetMap contributors","kind":"tree"},"geometry":{"type":"Point","coordinates":[14.4901985,35.8742115]}},{"type":"Feature","properties":{"osm_id":"node/10917682359","name":null,"species":null,"height":null,"source":"OpenStreetMap contributors","kind":"tree"},"geometry":{"type":"Point","coordinates":[14.4905825,35.8742416]}},{"type":"Feature","properties":{"osm_id":"node/10917682360","name":null,"species":null,"height":null,"source":"OpenStreetMap contributors","kind":"tree"},"geometry":{"type":"Point","coordinates":[14.4908179,35.8742416]}},{"type":"Feature","properties":{"osm_id":"node/10917682361","name":null,"species":null,"height":null,"source":"OpenStreetMap contributors","kind":"tree"},"geometry":{"type":"Point","coordinates":[14.4909099,35.8742861]}},{"type":"Feature","properties":{"osm_id":"node/10917682362","name":null,"species":null,"height":null,"source":"OpenStreetMap contributors","kind":"tree"},"geometry":{"type":"Point","coordinates":[14.4909772,35.8742]}},{"type":"Feature","properties":{"osm_id":"node/10917682363","name":null,"species":null,"height":null,"source":"OpenStreetMap contributors","kind":"tree"},"geometry":{"type":"Point","coordinates":[14.491124,35.874256]}},{"type":"Feature","properties":{"osm_id":"node/10917682364","name":null,"species":null,"height":null,"source":"OpenStreetMap contributors","kind":"tree"},"geometry":{"type":"Point","coordinates":[14.4911753,35.8741728]}},{"type":"Feature","properties":{"osm_id":"node/10917682365","name":null,"species":null,"height":null,"source":"OpenStreetMap contributors","kind":"tree"},"geometry":{"type":"Point","coordinates":[14.4911612,35.8740796]}},{"type":"Feature","properties":{"osm_id":"node/10917682366","name":null,"species":null,"height":null,"source":"OpenStreetMap contributors","kind":"tree"},"geometry":{"type":"Point","coordinates":[14.4912284,35.8740695]}},{"type":"Feature","properties":{"osm_id":"node/10917682367","name":null,"species":null,"height":null,"source":"OpenStreetMap contributors","kind":"tree"},"geometry":{"type":"Point","coordinates":[14.4913346,35.8742846]}},{"type":"Feature","properties":{"osm_id":"node/10917682368","name":null,"species":null,"height":null,"source":"OpenStreetMap contributors","kind":"tree"},"geometry":{"type":"Point","coordinates":[14.491324,35.8741527]}},{"type":"Feature","properties":{"osm_id":"node/10917682369","name":null,"species":null,"height":null,"source":"OpenStreetMap contributors","kind":"tree"},"geometry":{"type":"Point","coordinates":[14.4914656,35.874167]}},{"type":"Feature","properties":{"osm_id":"node/10917682370","name":null,"species":null,"height":null,"source":"OpenStreetMap contributors","kind":"tree"},"geometry":{"type":"Point","coordinates":[14.4914992,35.8740179]}},{"type":"Feature","properties":{"osm_id":"node/10917682371","name":null,"species":null,"height":null,"source":"OpenStreetMap contributors","kind":"tree"},"geometry":{"type":"Point","coordinates":[14.4915806,35.8739907]}},{"type":"Feature","properties":{"osm_id":"node/10917682372","name":null,"species":null,"height":null,"source":"OpenStreetMap contributors","kind":"tree"},"geometry":{"type":"Point","coordinates":[14.4917062,35.8740566]}},{"type":"Feature","properties":{"osm_id":"node/10917682373","name":null,"species":null,"height":null,"source":"OpenStreetMap contributors","kind":"tree"},"geometry":{"type":"Point","coordinates":[14.4915647,35.8741871]}},{"type":"Feature","properties":{"osm_id":"node/10917682374","name":null,"species":null,"height":null,"source":"OpenStreetMap contributors","kind":"tree"},"geometry":{"type":"Point","coordinates":[14.4917788,35.8741484]}},{"type":"Feature","properties":{"osm_id":"node/10917682375","name":null,"species":null,"height":null,"source":"OpenStreetMap contributors","kind":"tree"},"geometry":{"type":"Point","coordinates":[14.4918549,35.8740638]}},{"type":"Feature","properties":{"osm_id":"node/10917682376","name":null,"species":null,"height":null,"source":"OpenStreetMap contributors","kind":"tree"},"geometry":{"type":"Point","coordinates":[14.4919115,35.8741556]}},{"type":"Feature","properties":{"osm_id":"node/10917682377","name":null,"species":null,"height":null,"source":"OpenStreetMap contributors","kind":"tree"},"geometry":{"type":"Point","coordinates":[14.491977,35.8740122]}},{"type":"Feature","properties":{"osm_id":"node/10917682378","name":null,"species":null,"height":null,"source":"OpenStreetMap contributors","kind":"tree"},"geometry":{"type":"Point","coordinates":[14.4920495,35.8741412]}},{"type":"Feature","properties":{"osm_id":"node/10917682379","name":null,"species":null,"height":null,"source":"OpenStreetMap contributors","kind":"tree"},"geometry":{"type":"Point","coordinates":[14.4921858,35.8740552]}},{"type":"Feature","properties":{"osm_id":"node/10917682380","name":null,"species":null,"height":null,"source":"OpenStreetMap contributors","kind":"tree"},"geometry":{"type":"Point","coordinates":[14.4922106,35.8741412]}},{"type":"Feature","properties":{"osm_id":"node/10917682381","name":null,"species":null,"height":null,"source":"OpenStreetMap contributors","kind":"tree"},"geometry":{"type":"Point","coordinates":[14.4923574,35.8741369]}},{"type":"Feature","properties":{"osm_id":"node/10917682382","name":null,"species":null,"height":null,"source":"OpenStreetMap contributors","kind":"tree"},"geometry":{"type":"Point","coordinates":[14.4922955,35.8741498]}},{"type":"Feature","properties":{"osm_id":"node/10917682383","name":null,"species":null,"height":null,"source":"OpenStreetMap contributors","kind":"tree"},"geometry":{"type":"Point","coordinates":[14.4925751,35.8741656]}},{"type":"Feature","properties":{"osm_id":"node/10917682384","name":null,"species":null,"height":null,"source":"OpenStreetMap contributors","kind":"tree"},"geometry":{"type":"Point","coordinates":[14.4916496,35.8741255]}},{"type":"Feature","properties":{"osm_id":"node/10917682385","name":null,"species":null,"height":null,"source":"OpenStreetMap contributors","kind":"tree"},"geometry":{"type":"Point","coordinates":[14.4918177,35.8742689]}},{"type":"Feature","properties":{"osm_id":"node/10917682386","name":null,"species":null,"height":null,"source":"OpenStreetMap contributors","kind":"tree"},"geometry":{"type":"Point","coordinates":[14.4932493,35.8740036]}},{"type":"Feature","properties":{"osm_id":"node/10917682387","name":null,"species":null,"height":null,"source":"OpenStreetMap contributors","kind":"tree"},"geometry":{"type":"Point","coordinates":[14.4929786,35.8738831]}},{"type":"Feature","properties":{"osm_id":"node/10917682388","name":null,"species":null,"height":null,"source":"OpenStreetMap contributors","kind":"tree"},"geometry":{"type":"Point","coordinates":[14.4915328,35.8736179]}},{"type":"Feature","properties":{"osm_id":"node/10917682389","name":null,"species":null,"height":null,"source":"OpenStreetMap contributors","kind":"tree"},"geometry":{"type":"Point","coordinates":[14.4913895,35.8736881]}},{"type":"Feature","properties":{"osm_id":"node/10917682390","name":null,"species":null,"height":null,"source":"OpenStreetMap contributors","kind":"tree"},"geometry":{"type":"Point","coordinates":[14.4912904,35.8736953]}},{"type":"Feature","properties":{"osm_id":"node/10917682391","name":null,"species":null,"height":null,"source":"OpenStreetMap contributors","kind":"tree"},"geometry":{"type":"Point","coordinates":[14.4917434,35.8736996]}},{"type":"Feature","properties":{"osm_id":"node/10917682392","name":null,"species":null,"height":null,"source":"OpenStreetMap contributors","kind":"tree"},"geometry":{"type":"Point","coordinates":[14.4917699,35.8736365]}},{"type":"Feature","properties":{"osm_id":"node/10917682393","name":null,"species":null,"height":null,"source":"OpenStreetMap contributors","kind":"tree"},"geometry":{"type":"Point","coordinates":[14.4918336,35.8737154]}},{"type":"Feature","properties":{"osm_id":"node/10917682394","name":null,"species":null,"height":null,"source":"OpenStreetMap contributors","kind":"tree"},"geometry":{"type":"Point","coordinates":[14.4918743,35.8735935]}},{"type":"Feature","properties":{"osm_id":"node/10917682395","name":null,"species":null,"height":null,"source":"OpenStreetMap contributors","kind":"tree"},"geometry":{"type":"Point","coordinates":[14.4919646,35.8736365]}},{"type":"Feature","properties":{"osm_id":"node/10917682396","name":null,"species":null,"height":null,"source":"OpenStreetMap contributors","kind":"tree"},"geometry":{"type":"Point","coordinates":[14.4920531,35.8737125]}},{"type":"Feature","properties":{"osm_id":"node/10917682397","name":null,"species":null,"height":null,"source":"OpenStreetMap contributors","kind":"tree"},"geometry":{"type":"Point","coordinates":[14.4920973,35.8737082]}},{"type":"Feature","properties":{"osm_id":"node/10917682398","name":null,"species":null,"height":null,"source":"OpenStreetMap contributors","kind":"tree"},"geometry":{"type":"Point","coordinates":[14.4921716,35.8736652]}},{"type":"Feature","properties":{"osm_id":"node/10917682399","name":null,"species":null,"height":null,"source":"OpenStreetMap contributors","kind":"tree"},"geometry":{"type":"Point","coordinates":[14.4922601,35.8736494]}},{"type":"Feature","properties":{"osm_id":"node/10917682400","name":null,"species":null,"height":null,"source":"OpenStreetMap contributors","kind":"tree"},"geometry":{"type":"Point","coordinates":[14.4922955,35.8736924]}},{"type":"Feature","properties":{"osm_id":"node/10917682401","name":null,"species":null,"height":null,"source":"OpenStreetMap contributors","kind":"tree"},"geometry":{"type":"Point","coordinates":[14.4923486,35.8736637]}},{"type":"Feature","properties":{"osm_id":"node/10917682402","name":null,"species":null,"height":null,"source":"OpenStreetMap contributors","kind":"tree"},"geometry":{"type":"Point","coordinates":[14.4937342,35.8742746]}},{"type":"Feature","properties":{"osm_id":"node/10917682403","name":null,"species":null,"height":null,"source":"OpenStreetMap contributors","kind":"tree"},"geometry":{"type":"Point","coordinates":[14.4907843,35.8745901]}},{"type":"Feature","properties":{"osm_id":"node/10917682404","name":null,"species":null,"height":null,"source":"OpenStreetMap contributors","kind":"tree"},"geometry":{"type":"Point","coordinates":[14.4906834,35.8746015]}},{"type":"Feature","properties":{"osm_id":"node/10917682405","name":null,"species":null,"height":null,"source":"OpenStreetMap contributors","kind":"tree"},"geometry":{"type":"Point","coordinates":[14.4905613,35.8746015]}},{"type":"Feature","properties":{"osm_id":"node/10917682406","name":null,"species":null,"height":null,"source":"OpenStreetMap contributors","kind":"tree"},"geometry":{"type":"Point","coordinates":[14.4898517,35.8748797]}},{"type":"Feature","properties":{"osm_id":"node/10917682407","name":null,"species":null,"height":null,"source":"OpenStreetMap contributors","kind":"tree"},"geometry":{"type":"Point","coordinates":[14.4896022,35.8749213]}},{"type":"Feature","properties":{"osm_id":"node/10917682408","name":null,"species":null,"height":null,"source":"OpenStreetMap contributors","kind":"tree"},"geometry":{"type":"Point","coordinates":[14.490057,35.8748051]}},{"type":"Feature","properties":{"osm_id":"node/10917682409","name":null,"species":null,"height":null,"source":"OpenStreetMap contributors","kind":"tree"},"geometry":{"type":"Point","coordinates":[14.4902021,35.8747062]}},{"type":"Feature","properties":{"osm_id":"node/10917682410","name":null,"species":null,"height":null,"source":"OpenStreetMap contributors","kind":"tree"},"geometry":{"type":"Point","coordinates":[14.4903047,35.8747162]}},{"type":"Feature","properties":{"osm_id":"node/10917682411","name":null,"species":null,"height":null,"source":"OpenStreetMap contributors","kind":"tree"},"geometry":{"type":"Point","coordinates":[14.4904834,35.8747363]}},{"type":"Feature","properties":{"osm_id":"node/10917682412","name":null,"species":null,"height":null,"source":"OpenStreetMap contributors","kind":"tree"},"geometry":{"type":"Point","coordinates":[14.4899331,35.8754289]}},{"type":"Feature","properties":{"osm_id":"node/10917682413","name":null,"species":null,"height":null,"source":"OpenStreetMap contributors","kind":"tree"},"geometry":{"type":"Point","coordinates":[14.4900499,35.8752023]}},{"type":"Feature","properties":{"osm_id":"node/10917682414","name":null,"species":null,"height":null,"source":"OpenStreetMap contributors","kind":"tree"},"geometry":{"type":"Point","coordinates":[14.4897207,35.8758734]}},{"type":"Feature","properties":{"osm_id":"node/10917682415","name":null,"species":null,"height":null,"source":"OpenStreetMap contributors","kind":"tree"},"geometry":{"type":"Point","coordinates":[14.4872291,35.8750489]}},{"type":"Feature","properties":{"osm_id":"node/10917682416","name":null,"species":null,"height":null,"source":"OpenStreetMap contributors","kind":"tree"},"geometry":{"type":"Point","coordinates":[14.4868628,35.8747894]}},{"type":"Feature","properties":{"osm_id":"node/10917682417","name":null,"species":null,"height":null,"source":"OpenStreetMap contributors","kind":"tree"},"geometry":{"type":"Point","coordinates":[14.4867885,35.8747836]}},{"type":"Feature","properties":{"osm_id":"node/10917682418","name":null,"species":null,"height":null,"source":"OpenStreetMap contributors","kind":"tree"},"geometry":{"type":"Point","coordinates":[14.486677,35.8748467]}},{"type":"Feature","properties":{"osm_id":"node/10917682419","name":null,"species":null,"height":null,"source":"OpenStreetMap contributors","kind":"tree"},"geometry":{"type":"Point","coordinates":[14.4867089,35.8748051]}},{"type":"Feature","properties":{"osm_id":"node/10917682420","name":null,"species":null,"height":null,"source":"OpenStreetMap contributors","kind":"tree"},"geometry":{"type":"Point","coordinates":[14.4868044,35.8748424]}},{"type":"Feature","properties":{"osm_id":"node/10917682421","name":null,"species":null,"height":null,"source":"OpenStreetMap contributors","kind":"tree"},"geometry":{"type":"Point","coordinates":[14.4864204,35.8751048]}},{"type":"Feature","properties":{"osm_id":"node/10917682422","name":null,"species":null,"height":null,"source":"OpenStreetMap contributors","kind":"tree"},"geometry":{"type":"Point","coordinates":[14.4863213,35.8751134]}},{"type":"Feature","properties":{"osm_id":"node/10917682423","name":null,"species":null,"height":null,"source":"OpenStreetMap contributors","kind":"tree"},"geometry":{"type":"Point","coordinates":[14.4863497,35.8751679]}},{"type":"Feature","properties":{"osm_id":"node/10917682424","name":null,"species":null,"height":null,"source":"OpenStreetMap contributors","kind":"tree"},"geometry":{"type":"Point","coordinates":[14.4864806,35.8747593]}},{"type":"Feature","properties":{"osm_id":"node/10917682425","name":null,"species":null,"height":null,"source":"OpenStreetMap contributors","kind":"tree"},"geometry":{"type":"Point","coordinates":[14.4863585,35.8745542]}},{"type":"Feature","properties":{"osm_id":"node/10917682426","name":null,"species":null,"height":null,"source":"OpenStreetMap contributors","kind":"tree"},"geometry":{"type":"Point","coordinates":[14.486132,35.874385]}},{"type":"Feature","properties":{"osm_id":"node/10917682427","name":null,"species":null,"height":null,"source":"OpenStreetMap contributors","kind":"tree"},"geometry":{"type":"Point","coordinates":[14.4862647,35.8744366]}},{"type":"Feature","properties":{"osm_id":"node/10917682428","name":null,"species":null,"height":null,"source":"OpenStreetMap contributors","kind":"tree"},"geometry":{"type":"Point","coordinates":[14.4858789,35.8743104]}},{"type":"Feature","properties":{"osm_id":"node/10917682429","name":null,"species":null,"height":null,"source":"OpenStreetMap contributors","kind":"tree"},"geometry":{"type":"Point","coordinates":[14.4857958,35.8742818]}},{"type":"Feature","properties":{"osm_id":"node/10917682430","name":null,"species":null,"height":null,"source":"OpenStreetMap contributors","kind":"tree"},"geometry":{"type":"Point","coordinates":[14.4856914,35.8743233]}},{"type":"Feature","properties":{"osm_id":"node/10917682431","name":null,"species":null,"height":null,"source":"OpenStreetMap contributors","kind":"tree"},"geometry":{"type":"Point","coordinates":[14.4857763,35.8743692]}},{"type":"Feature","properties":{"osm_id":"node/10917682432","name":null,"species":null,"height":null,"source":"OpenStreetMap contributors","kind":"tree"},"geometry":{"type":"Point","coordinates":[14.4858595,35.8743993]}},{"type":"Feature","properties":{"osm_id":"node/10917682433","name":null,"species":null,"height":null,"source":"OpenStreetMap contributors","kind":"tree"},"geometry":{"type":"Point","coordinates":[14.4859444,35.874775]}},{"type":"Feature","properties":{"osm_id":"node/10917682434","name":null,"species":null,"height":null,"source":"OpenStreetMap contributors","kind":"tree"},"geometry":{"type":"Point","coordinates":[14.485886,35.8748611]}},{"type":"Feature","properties":{"osm_id":"node/10917682435","name":null,"species":null,"height":null,"source":"OpenStreetMap contributors","kind":"tree"},"geometry":{"type":"Point","coordinates":[14.4859073,35.87496]}},{"type":"Feature","properties":{"osm_id":"node/10917682436","name":null,"species":null,"height":null,"source":"OpenStreetMap contributors","kind":"tree"},"geometry":{"type":"Point","coordinates":[14.4857604,35.8749313]}},{"type":"Feature","properties":{"osm_id":"node/10917682437","name":null,"species":null,"height":null,"source":"OpenStreetMap contributors","kind":"tree"},"geometry":{"type":"Point","coordinates":[14.4856223,35.8749084]}},{"type":"Feature","properties":{"osm_id":"node/10917682438","name":null,"species":null,"height":null,"source":"OpenStreetMap contributors","kind":"tree"},"geometry":{"type":"Point","coordinates":[14.4856878,35.8747478]}},{"type":"Feature","properties":{"osm_id":"node/10917682439","name":null,"species":null,"height":null,"source":"OpenStreetMap contributors","kind":"tree"},"geometry":{"type":"Point","coordinates":[14.4857568,35.8746431]}},{"type":"Feature","properties":{"osm_id":"node/10917682440","name":null,"species":null,"height":null,"source":"OpenStreetMap contributors","kind":"tree"},"geometry":{"type":"Point","coordinates":[14.4855516,35.8747894]}},{"type":"Feature","properties":{"osm_id":"node/10917682441","name":null,"species":null,"height":null,"source":"OpenStreetMap contributors","kind":"tree"},"geometry":{"type":"Point","coordinates":[14.4855923,35.8746689]}},{"type":"Feature","properties":{"osm_id":"node/10917682442","name":null,"species":null,"height":null,"source":"OpenStreetMap contributors","kind":"tree"},"geometry":{"type":"Point","coordinates":[14.4851835,35.8747765]}},{"type":"Feature","properties":{"osm_id":"node/10917682443","name":null,"species":null,"height":null,"source":"OpenStreetMap contributors","kind":"tree"},"geometry":{"type":"Point","coordinates":[14.4851375,35.8748195]}},{"type":"Feature","properties":{"osm_id":"node/10917682444","name":null,"species":null,"height":null,"source":"OpenStreetMap contributors","kind":"tree"},"geometry":{"type":"Point","coordinates":[14.4850844,35.874851]}},{"type":"Feature","properties":{"osm_id":"node/10917682445","name":null,"species":null,"height":null,"source":"OpenStreetMap contributors","kind":"tree"},"geometry":{"type":"Point","coordinates":[14.4850366,35.8748768]}},{"type":"Feature","properties":{"osm_id":"node/10917682446","name":null,"species":null,"height":null,"source":"OpenStreetMap contributors","kind":"tree"},"geometry":{"type":"Point","coordinates":[14.4849977,35.8748969]}},{"type":"Feature","properties":{"osm_id":"node/10917682447","name":null,"species":null,"height":null,"source":"OpenStreetMap contributors","kind":"tree"},"geometry":{"type":"Point","coordinates":[14.4849623,35.8749199]}},{"type":"Feature","properties":{"osm_id":"node/10917682448","name":null,"species":null,"height":null,"source":"OpenStreetMap contributors","kind":"tree"},"geometry":{"type":"Point","coordinates":[14.4849198,35.87495]}},{"type":"Feature","properties":{"osm_id":"node/10917682449","name":null,"species":null,"height":null,"source":"OpenStreetMap contributors","kind":"tree"},"geometry":{"type":"Point","coordinates":[14.4848738,35.8749829]}},{"type":"Feature","properties":{"osm_id":"node/10917682450","name":null,"species":null,"height":null,"source":"OpenStreetMap contributors","kind":"tree"},"geometry":{"type":"Point","coordinates":[14.4848349,35.8750045]}},{"type":"Feature","properties":{"osm_id":"node/10917682451","name":null,"species":null,"height":null,"source":"OpenStreetMap contributors","kind":"tree"},"geometry":{"type":"Point","coordinates":[14.4847853,35.8750417]}},{"type":"Feature","properties":{"osm_id":"node/10917682452","name":null,"species":null,"height":null,"source":"OpenStreetMap contributors","kind":"tree"},"geometry":{"type":"Point","coordinates":[14.4847057,35.8750776]}},{"type":"Feature","properties":{"osm_id":"node/10917682453","name":null,"species":null,"height":null,"source":"OpenStreetMap contributors","kind":"tree"},"geometry":{"type":"Point","coordinates":[14.4846508,35.8751091]}},{"type":"Feature","properties":{"osm_id":"node/10917682454","name":null,"species":null,"height":null,"source":"OpenStreetMap contributors","kind":"tree"},"geometry":{"type":"Point","coordinates":[14.4847836,35.8751077]}},{"type":"Feature","properties":{"osm_id":"node/10917682455","name":null,"species":null,"height":null,"source":"OpenStreetMap contributors","kind":"tree"},"geometry":{"type":"Point","coordinates":[14.4852295,35.8749069]}},{"type":"Feature","properties":{"osm_id":"node/10917682456","name":null,"species":null,"height":null,"source":"OpenStreetMap contributors","kind":"tree"},"geometry":{"type":"Point","coordinates":[14.4851941,35.8749342]}},{"type":"Feature","properties":{"osm_id":"node/10917682457","name":null,"species":null,"height":null,"source":"OpenStreetMap contributors","kind":"tree"},"geometry":{"type":"Point","coordinates":[14.4851304,35.8749543]}},{"type":"Feature","properties":{"osm_id":"node/10917682458","name":null,"species":null,"height":null,"source":"OpenStreetMap contributors","kind":"tree"},"geometry":{"type":"Point","coordinates":[14.4850065,35.8750317]}},{"type":"Feature","properties":{"osm_id":"node/10917682459","name":null,"species":null,"height":null,"source":"OpenStreetMap contributors","kind":"tree"},"geometry":{"type":"Point","coordinates":[14.4849216,35.875069]}},{"type":"Feature","properties":{"osm_id":"node/10917682460","name":null,"species":null,"height":null,"source":"OpenStreetMap contributors","kind":"tree"},"geometry":{"type":"Point","coordinates":[14.4853251,35.8751593]}},{"type":"Feature","properties":{"osm_id":"node/10917682461","name":null,"species":null,"height":null,"source":"OpenStreetMap contributors","kind":"tree"},"geometry":{"type":"Point","coordinates":[14.4855834,35.8752898]}},{"type":"Feature","properties":{"osm_id":"node/10917682462","name":null,"species":null,"height":null,"source":"OpenStreetMap contributors","kind":"tree"},"geometry":{"type":"Point","coordinates":[14.4855073,35.8752841]}},{"type":"Feature","properties":{"osm_id":"node/10917682463","name":null,"species":null,"height":null,"source":"OpenStreetMap contributors","kind":"tree"},"geometry":{"type":"Point","coordinates":[14.4853905,35.8753099]}},{"type":"Feature","properties":{"osm_id":"node/10917682464","name":null,"species":null,"height":null,"source":"OpenStreetMap contributors","kind":"tree"},"geometry":{"type":"Point","coordinates":[14.4853888,35.8753644]}},{"type":"Feature","properties":{"osm_id":"node/10917682465","name":null,"species":null,"height":null,"source":"OpenStreetMap contributors","kind":"tree"},"geometry":{"type":"Point","coordinates":[14.4851817,35.8753773]}},{"type":"Feature","properties":{"osm_id":"node/10917682466","name":null,"species":null,"height":null,"source":"OpenStreetMap contributors","kind":"tree"},"geometry":{"type":"Point","coordinates":[14.4850685,35.8753773]}},{"type":"Feature","properties":{"osm_id":"node/10917682467","name":null,"species":null,"height":null,"source":"OpenStreetMap contributors","kind":"tree"},"geometry":{"type":"Point","coordinates":[14.4849694,35.8753844]}},{"type":"Feature","properties":{"osm_id":"node/10917682468","name":null,"species":null,"height":null,"source":"OpenStreetMap contributors","kind":"tree"},"geometry":{"type":"Point","coordinates":[14.4848349,35.8753916]}},{"type":"Feature","properties":{"osm_id":"node/10917682469","name":null,"species":null,"height":null,"source":"OpenStreetMap contributors","kind":"tree"},"geometry":{"type":"Point","coordinates":[14.4846703,35.8754318]}},{"type":"Feature","properties":{"osm_id":"node/10917682470","name":null,"species":null,"height":null,"source":"OpenStreetMap contributors","kind":"tree"},"geometry":{"type":"Point","coordinates":[14.4844615,35.8754662]}},{"type":"Feature","properties":{"osm_id":"node/10917682471","name":null,"species":null,"height":null,"source":"OpenStreetMap contributors","kind":"tree"},"geometry":{"type":"Point","coordinates":[14.4843022,35.8754905]}},{"type":"Feature","properties":{"osm_id":"node/10917682472","name":null,"species":null,"height":null,"source":"OpenStreetMap contributors","kind":"tree"},"geometry":{"type":"Point","coordinates":[14.4841642,35.8754991]}},{"type":"Feature","properties":{"osm_id":"node/10917682473","name":null,"species":null,"height":null,"source":"OpenStreetMap contributors","kind":"tree"},"geometry":{"type":"Point","coordinates":[14.4842934,35.8754117]}},{"type":"Feature","properties":{"osm_id":"node/10917682474","name":null,"species":null,"height":null,"source":"OpenStreetMap contributors","kind":"tree"},"geometry":{"type":"Point","coordinates":[14.4841288,35.8754131]}},{"type":"Feature","properties":{"osm_id":"node/10917682475","name":null,"species":null,"height":null,"source":"OpenStreetMap contributors","kind":"tree"},"geometry":{"type":"Point","coordinates":[14.4838899,35.8754217]}},{"type":"Feature","properties":{"osm_id":"node/10917682476","name":null,"species":null,"height":null,"source":"OpenStreetMap contributors","kind":"tree"},"geometry":{"type":"Point","coordinates":[14.483674,35.8754475]}},{"type":"Feature","properties":{"osm_id":"node/10917682477","name":null,"species":null,"height":null,"source":"OpenStreetMap contributors","kind":"tree"},"geometry":{"type":"Point","coordinates":[14.4832723,35.8755336]}},{"type":"Feature","properties":{"osm_id":"node/10917682478","name":null,"species":null,"height":null,"source":"OpenStreetMap contributors","kind":"tree"},"geometry":{"type":"Point","coordinates":[14.48329,35.8753844]}},{"type":"Feature","properties":{"osm_id":"node/10917682479","name":null,"species":null,"height":null,"source":"OpenStreetMap contributors","kind":"tree"},"geometry":{"type":"Point","coordinates":[14.4833838,35.8752396]}},{"type":"Feature","properties":{"osm_id":"node/10917682480","name":null,"species":null,"height":null,"source":"OpenStreetMap contributors","kind":"tree"},"geometry":{"type":"Point","coordinates":[14.4834139,35.8751923]}},{"type":"Feature","properties":{"osm_id":"node/10917682481","name":null,"species":null,"height":null,"source":"OpenStreetMap contributors","kind":"tree"},"geometry":{"type":"Point","coordinates":[14.4832865,35.8752468]}},{"type":"Feature","properties":{"osm_id":"node/10917682482","name":null,"species":null,"height":null,"source":"OpenStreetMap contributors","kind":"tree"},"geometry":{"type":"Point","coordinates":[14.4832334,35.8752439]}},{"type":"Feature","properties":{"osm_id":"node/10917682483","name":null,"species":null,"height":null,"source":"OpenStreetMap contributors","kind":"tree"},"geometry":{"type":"Point","coordinates":[14.4831644,35.8752568]}},{"type":"Feature","properties":{"osm_id":"node/10917682484","name":null,"species":null,"height":null,"source":"OpenStreetMap contributors","kind":"tree"},"geometry":{"type":"Point","coordinates":[14.4830918,35.8752955]}},{"type":"Feature","properties":{"osm_id":"node/10917682485","name":null,"species":null,"height":null,"source":"OpenStreetMap contributors","kind":"tree"},"geometry":{"type":"Point","coordinates":[14.4830918,35.8754518]}},{"type":"Feature","properties":{"osm_id":"node/10917682486","name":null,"species":null,"height":null,"source":"OpenStreetMap contributors","kind":"tree"},"geometry":{"type":"Point","coordinates":[14.4830087,35.8753916]}},{"type":"Feature","properties":{"osm_id":"node/10917682487","name":null,"species":null,"height":null,"source":"OpenStreetMap contributors","kind":"tree"},"geometry":{"type":"Point","coordinates":[14.482975,35.8755293]}},{"type":"Feature","properties":{"osm_id":"node/10917682488","name":null,"species":null,"height":null,"source":"OpenStreetMap contributors","kind":"tree"},"geometry":{"type":"Point","coordinates":[14.4827574,35.8754447]}},{"type":"Feature","properties":{"osm_id":"node/10917682489","name":null,"species":null,"height":null,"source":"OpenStreetMap contributors","kind":"tree"},"geometry":{"type":"Point","coordinates":[14.482653,35.8755579]}},{"type":"Feature","properties":{"osm_id":"node/10917682490","name":null,"species":null,"height":null,"source":"OpenStreetMap contributors","kind":"tree"},"geometry":{"type":"Point","coordinates":[14.4815434,35.8755622]}},{"type":"Feature","properties":{"osm_id":"node/10917682491","name":null,"species":null,"height":null,"source":"OpenStreetMap contributors","kind":"tree"},"geometry":{"type":"Point","coordinates":[14.4816301,35.8755637]}},{"type":"Feature","properties":{"osm_id":"node/10917682492","name":null,"species":null,"height":null,"source":"OpenStreetMap contributors","kind":"tree"},"geometry":{"type":"Point","coordinates":[14.4816797,35.8755565]}},{"type":"Feature","properties":{"osm_id":"node/10917682493","name":null,"species":null,"height":null,"source":"OpenStreetMap contributors","kind":"tree"},"geometry":{"type":"Point","coordinates":[14.4817664,35.8755364]}},{"type":"Feature","properties":{"osm_id":"node/10917682494","name":null,"species":null,"height":null,"source":"OpenStreetMap contributors","kind":"tree"},"geometry":{"type":"Point","coordinates":[14.4818407,35.8755006]}},{"type":"Feature","properties":{"osm_id":"node/10917682495","name":null,"species":null,"height":null,"source":"OpenStreetMap contributors","kind":"tree"},"geometry":{"type":"Point","coordinates":[14.4819221,35.8754561]}},{"type":"Feature","properties":{"osm_id":"node/10917682496","name":null,"species":null,"height":null,"source":"OpenStreetMap contributors","kind":"tree"},"geometry":{"type":"Point","coordinates":[14.4813771,35.8753916]}},{"type":"Feature","properties":{"osm_id":"node/10917682497","name":null,"species":null,"height":null,"source":"OpenStreetMap contributors","kind":"tree"},"geometry":{"type":"Point","coordinates":[14.4820725,35.8753859]}},{"type":"Feature","properties":{"osm_id":"node/10917682498","name":null,"species":null,"height":null,"source":"OpenStreetMap contributors","kind":"tree"},"geometry":{"type":"Point","coordinates":[14.482115,35.8753629]}},{"type":"Feature","properties":{"osm_id":"node/10917682499","name":null,"species":null,"height":null,"source":"OpenStreetMap contributors","kind":"tree"},"geometry":{"type":"Point","coordinates":[14.4821929,35.8753013]}},{"type":"Feature","properties":{"osm_id":"node/10917682500","name":null,"species":null,"height":null,"source":"OpenStreetMap contributors","kind":"tree"},"geometry":{"type":"Point","coordinates":[14.4821734,35.8752626]}},{"type":"Feature","properties":{"osm_id":"node/10917682501","name":null,"species":null,"height":null,"source":"OpenStreetMap contributors","kind":"tree"},"geometry":{"type":"Point","coordinates":[14.4822141,35.8759264]}},{"type":"Feature","properties":{"osm_id":"node/10917682502","name":null,"species":null,"height":null,"source":"OpenStreetMap contributors","kind":"tree"},"geometry":{"type":"Point","coordinates":[14.4820814,35.8759436]}},{"type":"Feature","properties":{"osm_id":"node/10917682503","name":null,"species":null,"height":null,"source":"OpenStreetMap contributors","kind":"tree"},"geometry":{"type":"Point","coordinates":[14.4820265,35.8759637]}},{"type":"Feature","properties":{"osm_id":"node/10917682504","name":null,"species":null,"height":null,"source":"OpenStreetMap contributors","kind":"tree"},"geometry":{"type":"Point","coordinates":[14.4819646,35.875968]}},{"type":"Feature","properties":{"osm_id":"node/10917682505","name":null,"species":null,"height":null,"source":"OpenStreetMap contributors","kind":"tree"},"geometry":{"type":"Point","coordinates":[14.4819027,35.875968]}},{"type":"Feature","properties":{"osm_id":"node/10917682506","name":null,"species":null,"height":null,"source":"OpenStreetMap contributors","kind":"tree"},"geometry":{"type":"Point","coordinates":[14.4818655,35.8759652]}},{"type":"Feature","properties":{"osm_id":"node/10917682507","name":null,"species":null,"height":null,"source":"OpenStreetMap contributors","kind":"tree"},"geometry":{"type":"Point","coordinates":[14.4817876,35.8759623]}},{"type":"Feature","properties":{"osm_id":"node/10917682508","name":null,"species":null,"height":null,"source":"OpenStreetMap contributors","kind":"tree"},"geometry":{"type":"Point","coordinates":[14.4817434,35.875948]}},{"type":"Feature","properties":{"osm_id":"node/10917682509","name":null,"species":null,"height":null,"source":"OpenStreetMap contributors","kind":"tree"},"geometry":{"type":"Point","coordinates":[14.4816991,35.8759336]}},{"type":"Feature","properties":{"osm_id":"node/10917682510","name":null,"species":null,"height":null,"source":"OpenStreetMap contributors","kind":"tree"},"geometry":{"type":"Point","coordinates":[14.4816001,35.8758677]}},{"type":"Feature","properties":{"osm_id":"node/10917682511","name":null,"species":null,"height":null,"source":"OpenStreetMap contributors","kind":"tree"},"geometry":{"type":"Point","coordinates":[14.4815735,35.8758117]}},{"type":"Feature","properties":{"osm_id":"node/10917682512","name":null,"species":null,"height":null,"source":"OpenStreetMap contributors","kind":"tree"},"geometry":{"type":"Point","coordinates":[14.4815983,35.8757372]}},{"type":"Feature","properties":{"osm_id":"node/10917682513","name":null,"species":null,"height":null,"source":"OpenStreetMap contributors","kind":"tree"},"geometry":{"type":"Point","coordinates":[14.4816478,35.8757028]}},{"type":"Feature","properties":{"osm_id":"node/10917682514","name":null,"species":null,"height":null,"source":"OpenStreetMap contributors","kind":"tree"},"geometry":{"type":"Point","coordinates":[14.4817222,35.8756669]}},{"type":"Feature","properties":{"osm_id":"node/10917682515","name":null,"species":null,"height":null,"source":"OpenStreetMap contributors","kind":"tree"},"geometry":{"type":"Point","coordinates":[14.4818018,35.8756339]}},{"type":"Feature","properties":{"osm_id":"node/10917682516","name":null,"species":null,"height":null,"source":"OpenStreetMap contributors","kind":"tree"},"geometry":{"type":"Point","coordinates":[14.4818566,35.8756239]}},{"type":"Feature","properties":{"osm_id":"node/10917682517","name":null,"species":null,"height":null,"source":"OpenStreetMap contributors","kind":"tree"},"geometry":{"type":"Point","coordinates":[14.4819664,35.8755923]}},{"type":"Feature","properties":{"osm_id":"node/10917682518","name":null,"species":null,"height":null,"source":"OpenStreetMap contributors","kind":"tree"},"geometry":{"type":"Point","coordinates":[14.4820159,35.8755823]}},{"type":"Feature","properties":{"osm_id":"node/10917682519","name":null,"species":null,"height":null,"source":"OpenStreetMap contributors","kind":"tree"},"geometry":{"type":"Point","coordinates":[14.4820778,35.8755708]}},{"type":"Feature","properties":{"osm_id":"node/10917682520","name":null,"species":null,"height":null,"source":"OpenStreetMap contributors","kind":"tree"},"geometry":{"type":"Point","coordinates":[14.4821292,35.8755565]}},{"type":"Feature","properties":{"osm_id":"node/10917682521","name":null,"species":null,"height":null,"source":"OpenStreetMap contributors","kind":"tree"},"geometry":{"type":"Point","coordinates":[14.4821822,35.8755407]}},{"type":"Feature","properties":{"osm_id":"node/10917682522","name":null,"species":null,"height":null,"source":"OpenStreetMap contributors","kind":"tree"},"geometry":{"type":"Point","coordinates":[14.4823327,35.8755823]}},{"type":"Feature","properties":{"osm_id":"node/10917682523","name":null,"species":null,"height":null,"source":"OpenStreetMap contributors","kind":"tree"},"geometry":{"type":"Point","coordinates":[14.4822707,35.8755981]}},{"type":"Feature","properties":{"osm_id":"node/10917682524","name":null,"species":null,"height":null,"source":"OpenStreetMap contributors","kind":"tree"},"geometry":{"type":"Point","coordinates":[14.48223,35.8756096]}},{"type":"Feature","properties":{"osm_id":"node/10917682525","name":null,"species":null,"height":null,"source":"OpenStreetMap contributors","kind":"tree"},"geometry":{"type":"Point","coordinates":[14.4821628,35.8756268]}},{"type":"Feature","properties":{"osm_id":"node/10917682526","name":null,"species":null,"height":null,"source":"OpenStreetMap contributors","kind":"tree"},"geometry":{"type":"Point","coordinates":[14.4821876,35.8756755]}},{"type":"Feature","properties":{"osm_id":"node/10917682527","name":null,"species":null,"height":null,"source":"OpenStreetMap contributors","kind":"tree"},"geometry":{"type":"Point","coordinates":[14.482246,35.8756626]}},{"type":"Feature","properties":{"osm_id":"node/10917682528","name":null,"species":null,"height":null,"source":"OpenStreetMap contributors","kind":"tree"},"geometry":{"type":"Point","coordinates":[14.4823026,35.8756526]}},{"type":"Feature","properties":{"osm_id":"node/10917682529","name":null,"species":null,"height":null,"source":"OpenStreetMap contributors","kind":"tree"},"geometry":{"type":"Point","coordinates":[14.4823751,35.8756411]}},{"type":"Feature","properties":{"osm_id":"node/10917682530","name":null,"species":null,"height":null,"source":"OpenStreetMap contributors","kind":"tree"},"geometry":{"type":"Point","coordinates":[14.4824406,35.8755293]}},{"type":"Feature","properties":{"osm_id":"node/10917682531","name":null,"species":null,"height":null,"source":"OpenStreetMap contributors","kind":"tree"},"geometry":{"type":"Point","coordinates":[14.4824477,35.8756053]}},{"type":"Feature","properties":{"osm_id":"node/10917682532","name":null,"species":null,"height":null,"source":"OpenStreetMap contributors","kind":"tree"},"geometry":{"type":"Point","coordinates":[14.4825397,35.8759193]}},{"type":"Feature","properties":{"osm_id":"node/10917682533","name":null,"species":null,"height":null,"source":"OpenStreetMap contributors","kind":"tree"},"geometry":{"type":"Point","coordinates":[14.4826264,35.8759107]}},{"type":"Feature","properties":{"osm_id":"node/10917682534","name":null,"species":null,"height":null,"source":"OpenStreetMap contributors","kind":"tree"},"geometry":{"type":"Point","coordinates":[14.482699,35.8759121]}},{"type":"Feature","properties":{"osm_id":"node/10917682535","name":null,"species":null,"height":null,"source":"OpenStreetMap contributors","kind":"tree"},"geometry":{"type":"Point","coordinates":[14.4827662,35.8759121]}},{"type":"Feature","properties":{"osm_id":"node/10917682536","name":null,"species":null,"height":null,"source":"OpenStreetMap contributors","kind":"tree"},"geometry":{"type":"Point","coordinates":[14.4828282,35.8759279]}},{"type":"Feature","properties":{"osm_id":"node/10917682537","name":null,"species":null,"height":null,"source":"OpenStreetMap contributors","kind":"tree"},"geometry":{"type":"Point","coordinates":[14.4828582,35.8759408]}},{"type":"Feature","properties":{"osm_id":"node/10917682538","name":null,"species":null,"height":null,"source":"OpenStreetMap contributors","kind":"tree"},"geometry":{"type":"Point","coordinates":[14.4829326,35.8759436]}},{"type":"Feature","properties":{"osm_id":"node/10917682539","name":null,"species":null,"height":null,"source":"OpenStreetMap contributors","kind":"tree"},"geometry":{"type":"Point","coordinates":[14.4828317,35.8760039]}},{"type":"Feature","properties":{"osm_id":"node/10917682540","name":null,"species":null,"height":null,"source":"OpenStreetMap contributors","kind":"tree"},"geometry":{"type":"Point","coordinates":[14.482384,35.8760297]}},{"type":"Feature","properties":{"osm_id":"node/10917682541","name":null,"species":null,"height":null,"source":"OpenStreetMap contributors","kind":"tree"},"geometry":{"type":"Point","coordinates":[14.4823451,35.8759451]}},{"type":"Feature","properties":{"osm_id":"node/10917682542","name":null,"species":null,"height":null,"source":"OpenStreetMap contributors","kind":"tree"},"geometry":{"type":"Point","coordinates":[14.4822955,35.875958]}},{"type":"Feature","properties":{"osm_id":"node/10917682543","name":null,"species":null,"height":null,"source":"OpenStreetMap contributors","kind":"tree"},"geometry":{"type":"Point","coordinates":[14.4822548,35.8760067]}},{"type":"Feature","properties":{"osm_id":"node/10917682544","name":null,"species":null,"height":null,"source":"OpenStreetMap contributors","kind":"tree"},"geometry":{"type":"Point","coordinates":[14.4821734,35.876011]}},{"type":"Feature","properties":{"osm_id":"node/10917682545","name":null,"species":null,"height":null,"source":"OpenStreetMap contributors","kind":"tree"},"geometry":{"type":"Point","coordinates":[14.4824795,35.8759551]}},{"type":"Feature","properties":{"osm_id":"node/10917682546","name":null,"species":null,"height":null,"source":"OpenStreetMap contributors","kind":"tree"},"geometry":{"type":"Point","coordinates":[14.4825114,35.875991]}},{"type":"Feature","properties":{"osm_id":"node/10917682547","name":null,"species":null,"height":null,"source":"OpenStreetMap contributors","kind":"tree"},"geometry":{"type":"Point","coordinates":[14.4825539,35.8760196]}},{"type":"Feature","properties":{"osm_id":"node/10917682548","name":null,"species":null,"height":null,"source":"OpenStreetMap contributors","kind":"tree"},"geometry":{"type":"Point","coordinates":[14.4825167,35.8760412]}},{"type":"Feature","properties":{"osm_id":"node/10917682549","name":null,"species":null,"height":null,"source":"OpenStreetMap contributors","kind":"tree"},"geometry":{"type":"Point","coordinates":[14.4826777,35.8760125]}},{"type":"Feature","properties":{"osm_id":"node/10917682550","name":null,"species":null,"height":null,"source":"OpenStreetMap contributors","kind":"tree"},"geometry":{"type":"Point","coordinates":[14.4830529,35.8759609]}},{"type":"Feature","properties":{"osm_id":"node/10917682551","name":null,"species":null,"height":null,"source":"OpenStreetMap contributors","kind":"tree"},"geometry":{"type":"Point","coordinates":[14.4831131,35.8760139]}},{"type":"Feature","properties":{"osm_id":"node/10917682552","name":null,"species":null,"height":null,"source":"OpenStreetMap contributors","kind":"tree"},"geometry":{"type":"Point","coordinates":[14.4832175,35.8760498]}},{"type":"Feature","properties":{"osm_id":"node/10917682553","name":null,"species":null,"height":null,"source":"OpenStreetMap contributors","kind":"tree"},"geometry":{"type":"Point","coordinates":[14.4833608,35.8759666]}},{"type":"Feature","properties":{"osm_id":"node/10917682554","name":null,"species":null,"height":null,"source":"OpenStreetMap contributors","kind":"tree"},"geometry":{"type":"Point","coordinates":[14.4834581,35.875968]}},{"type":"Feature","properties":{"osm_id":"node/10917682555","name":null,"species":null,"height":null,"source":"OpenStreetMap contributors","kind":"tree"},"geometry":{"type":"Point","coordinates":[14.4836085,35.8759781]}},{"type":"Feature","properties":{"osm_id":"node/10917682556","name":null,"species":null,"height":null,"source":"OpenStreetMap contributors","kind":"tree"},"geometry":{"type":"Point","coordinates":[14.4836245,35.8760268]}},{"type":"Feature","properties":{"osm_id":"node/10917682557","name":null,"species":null,"height":null,"source":"OpenStreetMap contributors","kind":"tree"},"geometry":{"type":"Point","coordinates":[14.4835661,35.8760153]}},{"type":"Feature","properties":{"osm_id":"node/10917682558","name":null,"species":null,"height":null,"source":"OpenStreetMap contributors","kind":"tree"},"geometry":{"type":"Point","coordinates":[14.4836758,35.8760196]}},{"type":"Feature","properties":{"osm_id":"node/10917682559","name":null,"species":null,"height":null,"source":"OpenStreetMap contributors","kind":"tree"},"geometry":{"type":"Point","coordinates":[14.4836705,35.8759623]}},{"type":"Feature","properties":{"osm_id":"node/10917682560","name":null,"species":null,"height":null,"source":"OpenStreetMap contributors","kind":"tree"},"geometry":{"type":"Point","coordinates":[14.4837554,35.8759752]}},{"type":"Feature","properties":{"osm_id":"node/10917682561","name":null,"species":null,"height":null,"source":"OpenStreetMap contributors","kind":"tree"},"geometry":{"type":"Point","coordinates":[14.4837572,35.8760326]}},{"type":"Feature","properties":{"osm_id":"node/10917682562","name":null,"species":null,"height":null,"source":"OpenStreetMap contributors","kind":"tree"},"geometry":{"type":"Point","coordinates":[14.4838138,35.876034]}},{"type":"Feature","properties":{"osm_id":"node/10917682563","name":null,"species":null,"height":null,"source":"OpenStreetMap contributors","kind":"tree"},"geometry":{"type":"Point","coordinates":[14.4838315,35.8759752]}},{"type":"Feature","properties":{"osm_id":"node/10917682564","name":null,"species":null,"height":null,"source":"OpenStreetMap contributors","kind":"tree"},"geometry":{"type":"Point","coordinates":[14.4839094,35.8760039]}},{"type":"Feature","properties":{"osm_id":"node/10917682565","name":null,"species":null,"height":null,"source":"OpenStreetMap contributors","kind":"tree"},"geometry":{"type":"Point","coordinates":[14.4838988,35.8759537]}},{"type":"Feature","properties":{"osm_id":"node/10917682566","name":null,"species":null,"height":null,"source":"OpenStreetMap contributors","kind":"tree"},"geometry":{"type":"Point","coordinates":[14.4839536,35.8759494]}},{"type":"Feature","properties":{"osm_id":"node/10917682567","name":null,"species":null,"height":null,"source":"OpenStreetMap contributors","kind":"tree"},"geometry":{"type":"Point","coordinates":[14.4839642,35.8759981]}},{"type":"Feature","properties":{"osm_id":"node/10917682568","name":null,"species":null,"height":null,"source":"OpenStreetMap contributors","kind":"tree"},"geometry":{"type":"Point","coordinates":[14.4839501,35.8760971]}},{"type":"Feature","properties":{"osm_id":"node/10917682569","name":null,"species":null,"height":null,"source":"OpenStreetMap contributors","kind":"tree"},"geometry":{"type":"Point","coordinates":[14.4837767,35.8763021]}},{"type":"Feature","properties":{"osm_id":"node/10917682570","name":null,"species":null,"height":null,"source":"OpenStreetMap contributors","kind":"tree"},"geometry":{"type":"Point","coordinates":[14.4838404,35.8762906]}},{"type":"Feature","properties":{"osm_id":"node/10917682571","name":null,"species":null,"height":null,"source":"OpenStreetMap contributors","kind":"tree"},"geometry":{"type":"Point","coordinates":[14.4839076,35.876272]}},{"type":"Feature","properties":{"osm_id":"node/10917682572","name":null,"species":null,"height":null,"source":"OpenStreetMap contributors","kind":"tree"},"geometry":{"type":"Point","coordinates":[14.4839377,35.8762089]}},{"type":"Feature","properties":{"osm_id":"node/10917682573","name":null,"species":null,"height":null,"source":"OpenStreetMap contributors","kind":"tree"},"geometry":{"type":"Point","coordinates":[14.4840138,35.8761903]}},{"type":"Feature","properties":{"osm_id":"node/10917682574","name":null,"species":null,"height":null,"source":"OpenStreetMap contributors","kind":"tree"},"geometry":{"type":"Point","coordinates":[14.4842686,35.8758748]}},{"type":"Feature","properties":{"osm_id":"node/10917682575","name":null,"species":null,"height":null,"source":"OpenStreetMap contributors","kind":"tree"},"geometry":{"type":"Point","coordinates":[14.4840828,35.8758892]}},{"type":"Feature","properties":{"osm_id":"node/10917682576","name":null,"species":null,"height":null,"source":"OpenStreetMap contributors","kind":"tree"},"geometry":{"type":"Point","coordinates":[14.484166,35.875991]}},{"type":"Feature","properties":{"osm_id":"node/10917682577","name":null,"species":null,"height":null,"source":"OpenStreetMap contributors","kind":"tree"},"geometry":{"type":"Point","coordinates":[14.4841713,35.8758877]}},{"type":"Feature","properties":{"osm_id":"node/10917682578","name":null,"species":null,"height":null,"source":"OpenStreetMap contributors","kind":"tree"},"geometry":{"type":"Point","coordinates":[14.4840474,35.8760254]}},{"type":"Feature","properties":{"osm_id":"node/10917682579","name":null,"species":null,"height":null,"source":"OpenStreetMap contributors","kind":"tree"},"geometry":{"type":"Point","coordinates":[14.4843394,35.8759924]}},{"type":"Feature","properties":{"osm_id":"node/10917682580","name":null,"species":null,"height":null,"source":"OpenStreetMap contributors","kind":"tree"},"geometry":{"type":"Point","coordinates":[14.4842491,35.8761143]}},{"type":"Feature","properties":{"osm_id":"node/10917682581","name":null,"species":null,"height":null,"source":"OpenStreetMap contributors","kind":"tree"},"geometry":{"type":"Point","coordinates":[14.48412,35.8761673]}},{"type":"Feature","properties":{"osm_id":"node/10917682582","name":null,"species":null,"height":null,"source":"OpenStreetMap contributors","kind":"tree"},"geometry":{"type":"Point","coordinates":[14.4836492,35.8768628]}},{"type":"Feature","properties":{"osm_id":"node/10917682583","name":null,"species":null,"height":null,"source":"OpenStreetMap contributors","kind":"tree"},"geometry":{"type":"Point","coordinates":[14.4838067,35.8767151]}},{"type":"Feature","properties":{"osm_id":"node/10917682584","name":null,"species":null,"height":null,"source":"OpenStreetMap contributors","kind":"tree"},"geometry":{"type":"Point","coordinates":[14.4838917,35.8766448]}},{"type":"Feature","properties":{"osm_id":"node/10917682585","name":null,"species":null,"height":null,"source":"OpenStreetMap contributors","kind":"tree"},"geometry":{"type":"Point","coordinates":[14.4840067,35.8766247]}},{"type":"Feature","properties":{"osm_id":"node/10917682586","name":null,"species":null,"height":null,"source":"OpenStreetMap contributors","kind":"tree"},"geometry":{"type":"Point","coordinates":[14.4836652,35.8767667]}},{"type":"Feature","properties":{"osm_id":"node/10917682587","name":null,"species":null,"height":null,"source":"OpenStreetMap contributors","kind":"tree"},"geometry":{"type":"Point","coordinates":[14.4835926,35.8768169]}},{"type":"Feature","properties":{"osm_id":"node/10917682588","name":null,"species":null,"height":null,"source":"OpenStreetMap contributors","kind":"tree"},"geometry":{"type":"Point","coordinates":[14.4835289,35.8768671]}},{"type":"Feature","properties":{"osm_id":"node/10917682589","name":null,"species":null,"height":null,"source":"OpenStreetMap contributors","kind":"tree"},"geometry":{"type":"Point","coordinates":[14.4835537,35.8769388]}},{"type":"Feature","properties":{"osm_id":"node/10917682590","name":null,"species":null,"height":null,"source":"OpenStreetMap contributors","kind":"tree"},"geometry":{"type":"Point","coordinates":[14.4836068,35.8769904]}},{"type":"Feature","properties":{"osm_id":"node/10917682591","name":null,"species":null,"height":null,"source":"OpenStreetMap contributors","kind":"tree"},"geometry":{"type":"Point","coordinates":[14.4836935,35.8770535]}},{"type":"Feature","properties":{"osm_id":"node/10917682592","name":null,"species":null,"height":null,"source":"OpenStreetMap contributors","kind":"tree"},"geometry":{"type":"Point","coordinates":[14.483828,35.8771252]}},{"type":"Feature","properties":{"osm_id":"node/10917682593","name":null,"species":null,"height":null,"source":"OpenStreetMap contributors","kind":"tree"},"geometry":{"type":"Point","coordinates":[14.4834227,35.8768585]}},{"type":"Feature","properties":{"osm_id":"node/10917682594","name":null,"species":null,"height":null,"source":"OpenStreetMap contributors","kind":"tree"},"geometry":{"type":"Point","coordinates":[14.4833113,35.8765487]}},{"type":"Feature","properties":{"osm_id":"node/10917682595","name":null,"species":null,"height":null,"source":"OpenStreetMap contributors","kind":"tree"},"geometry":{"type":"Point","coordinates":[14.4831768,35.8765717]}},{"type":"Feature","properties":{"osm_id":"node/10917682596","name":null,"species":null,"height":null,"source":"OpenStreetMap contributors","kind":"tree"},"geometry":{"type":"Point","coordinates":[14.4828175,35.8766735]}},{"type":"Feature","properties":{"osm_id":"node/10917682597","name":null,"species":null,"height":null,"source":"OpenStreetMap contributors","kind":"tree"},"geometry":{"type":"Point","coordinates":[14.4828724,35.8767767]}},{"type":"Feature","properties":{"osm_id":"node/10917682598","name":null,"species":null,"height":null,"source":"OpenStreetMap contributors","kind":"tree"},"geometry":{"type":"Point","coordinates":[14.4829945,35.8766835]}},{"type":"Feature","properties":{"osm_id":"node/10917682599","name":null,"species":null,"height":null,"source":"OpenStreetMap contributors","kind":"tree"},"geometry":{"type":"Point","coordinates":[14.4828689,35.8765201]}},{"type":"Feature","properties":{"osm_id":"node/10917682600","name":null,"species":null,"height":null,"source":"OpenStreetMap contributors","kind":"tree"},"geometry":{"type":"Point","coordinates":[14.482699,35.8765473]}},{"type":"Feature","properties":{"osm_id":"node/10917682601","name":null,"species":null,"height":null,"source":"OpenStreetMap contributors","kind":"tree"},"geometry":{"type":"Point","coordinates":[14.4849605,35.8760397]}},{"type":"Feature","properties":{"osm_id":"node/10917682602","name":null,"species":null,"height":null,"source":"OpenStreetMap contributors","kind":"tree"},"geometry":{"type":"Point","coordinates":[14.4850171,35.8762175]}},{"type":"Feature","properties":{"osm_id":"node/10917682603","name":null,"species":null,"height":null,"source":"OpenStreetMap contributors","kind":"tree"},"geometry":{"type":"Point","coordinates":[14.4855342,35.8764631]}},{"type":"Feature","properties":{"osm_id":"node/10917682604","name":null,"species":null,"height":null,"source":"OpenStreetMap contributors","kind":"tree"},"geometry":{"type":"Point","coordinates":[14.4856535,35.8764436]}},{"type":"Feature","properties":{"osm_id":"node/10917682605","name":null,"species":null,"height":null,"source":"OpenStreetMap contributors","kind":"tree"},"geometry":{"type":"Point","coordinates":[14.4857715,35.8764207]}},{"type":"Feature","properties":{"osm_id":"node/10917682606","name":null,"species":null,"height":null,"source":"OpenStreetMap contributors","kind":"tree"},"geometry":{"type":"Point","coordinates":[14.486029,35.8766663]}},{"type":"Feature","properties":{"osm_id":"node/10917682607","name":null,"species":null,"height":null,"source":"OpenStreetMap contributors","kind":"tree"},"geometry":{"type":"Point","coordinates":[14.4857595,35.8768185]}},{"type":"Feature","properties":{"osm_id":"node/10917682608","name":null,"species":null,"height":null,"source":"OpenStreetMap contributors","kind":"tree"},"geometry":{"type":"Point","coordinates":[14.4858761,35.8769108]}},{"type":"Feature","properties":{"osm_id":"node/10917682609","name":null,"species":null,"height":null,"source":"OpenStreetMap contributors","kind":"tree"},"geometry":{"type":"Point","coordinates":[14.4858869,35.8768391]}},{"type":"Feature","properties":{"osm_id":"node/10917682610","name":null,"species":null,"height":null,"source":"OpenStreetMap contributors","kind":"tree"},"geometry":{"type":"Point","coordinates":[14.4858828,35.8767815]}},{"type":"Feature","properties":{"osm_id":"node/10917682611","name":null,"species":null,"height":null,"source":"OpenStreetMap contributors","kind":"tree"},"geometry":{"type":"Point","coordinates":[14.4858413,35.8767826]}},{"type":"Feature","properties":{"osm_id":"node/10917682612","name":null,"species":null,"height":null,"source":"OpenStreetMap contributors","kind":"tree"},"geometry":{"type":"Point","coordinates":[14.4859781,35.8768489]}},{"type":"Feature","properties":{"osm_id":"node/10917682613","name":null,"species":null,"height":null,"source":"OpenStreetMap contributors","kind":"tree"},"geometry":{"type":"Point","coordinates":[14.485962,35.8768956]}},{"type":"Feature","properties":{"osm_id":"node/10917682614","name":null,"species":null,"height":null,"source":"OpenStreetMap contributors","kind":"tree"},"geometry":{"type":"Point","coordinates":[14.4859633,35.87675]}},{"type":"Feature","properties":{"osm_id":"node/10917682615","name":null,"species":null,"height":null,"source":"OpenStreetMap contributors","kind":"tree"},"geometry":{"type":"Point","coordinates":[14.4853799,35.8769989]}},{"type":"Feature","properties":{"osm_id":"node/10917686805","name":null,"species":null,"height":null,"source":"OpenStreetMap contributors","kind":"tree"},"geometry":{"type":"Point","coordinates":[14.4826894,35.8746704]}},{"type":"Feature","properties":{"osm_id":"node/10917686806","name":null,"species":null,"height":null,"source":"OpenStreetMap contributors","kind":"tree"},"geometry":{"type":"Point","coordinates":[14.4827002,35.8746205]}},{"type":"Feature","properties":{"osm_id":"node/10917686807","name":null,"species":null,"height":null,"source":"OpenStreetMap contributors","kind":"tree"},"geometry":{"type":"Point","coordinates":[14.4824749,35.8747704]}},{"type":"Feature","properties":{"osm_id":"node/10917686808","name":null,"species":null,"height":null,"source":"OpenStreetMap contributors","kind":"tree"},"geometry":{"type":"Point","coordinates":[14.482566,35.8747748]}},{"type":"Feature","properties":{"osm_id":"node/10917686809","name":null,"species":null,"height":null,"source":"OpenStreetMap contributors","kind":"tree"},"geometry":{"type":"Point","coordinates":[14.482896,35.8746139]}},{"type":"Feature","properties":{"osm_id":"node/10917686810","name":null,"species":null,"height":null,"source":"OpenStreetMap contributors","kind":"tree"},"geometry":{"type":"Point","coordinates":[14.4830542,35.8745227]}},{"type":"Feature","properties":{"osm_id":"node/10917686811","name":null,"species":null,"height":null,"source":"OpenStreetMap contributors","kind":"tree"},"geometry":{"type":"Point","coordinates":[14.4831293,35.8745009]}},{"type":"Feature","properties":{"osm_id":"node/10917686812","name":null,"species":null,"height":null,"source":"OpenStreetMap contributors","kind":"tree"},"geometry":{"type":"Point","coordinates":[14.4832581,35.8743792]}},{"type":"Feature","properties":{"osm_id":"node/10917686813","name":null,"species":null,"height":null,"source":"OpenStreetMap contributors","kind":"tree"},"geometry":{"type":"Point","coordinates":[14.4834136,35.874314]}},{"type":"Feature","properties":{"osm_id":"node/10917686814","name":null,"species":null,"height":null,"source":"OpenStreetMap contributors","kind":"tree"},"geometry":{"type":"Point","coordinates":[14.4834687,35.8742943]}},{"type":"Feature","properties":{"osm_id":"node/10917686815","name":null,"species":null,"height":null,"source":"OpenStreetMap contributors","kind":"tree"},"geometry":{"type":"Point","coordinates":[14.4836108,35.8742193]}},{"type":"Feature","properties":{"osm_id":"node/10917686816","name":null,"species":null,"height":null,"source":"OpenStreetMap contributors","kind":"tree"},"geometry":{"type":"Point","coordinates":[14.4836671,35.8741791]}},{"type":"Feature","properties":{"osm_id":"node/10917686817","name":null,"species":null,"height":null,"source":"OpenStreetMap contributors","kind":"tree"},"geometry":{"type":"Point","coordinates":[14.4837463,35.8741965]}},{"type":"Feature","properties":{"osm_id":"node/10917686818","name":null,"species":null,"height":null,"source":"OpenStreetMap contributors","kind":"tree"},"geometry":{"type":"Point","coordinates":[14.483816,35.8741574]}},{"type":"Feature","properties":{"osm_id":"node/10917686819","name":null,"species":null,"height":null,"source":"OpenStreetMap contributors","kind":"tree"},"geometry":{"type":"Point","coordinates":[14.4837825,35.8741074]}},{"type":"Feature","properties":{"osm_id":"node/10917686820","name":null,"species":null,"height":null,"source":"OpenStreetMap contributors","kind":"tree"},"geometry":{"type":"Point","coordinates":[14.4838495,35.8740683]}},{"type":"Feature","properties":{"osm_id":"node/10917686821","name":null,"species":null,"height":null,"source":"OpenStreetMap contributors","kind":"tree"},"geometry":{"type":"Point","coordinates":[14.4839166,35.8741291]}},{"type":"Feature","properties":{"osm_id":"node/10917686822","name":null,"species":null,"height":null,"source":"OpenStreetMap contributors","kind":"tree"},"geometry":{"type":"Point","coordinates":[14.484044,35.8740498]}},{"type":"Feature","properties":{"osm_id":"node/10917686823","name":null,"species":null,"height":null,"source":"OpenStreetMap contributors","kind":"tree"},"geometry":{"type":"Point","coordinates":[14.4841017,35.8740226]}},{"type":"Feature","properties":{"osm_id":"node/10917686824","name":null,"species":null,"height":null,"source":"OpenStreetMap contributors","kind":"tree"},"geometry":{"type":"Point","coordinates":[14.4843028,35.8739737]}},{"type":"Feature","properties":{"osm_id":"node/10917686825","name":null,"species":null,"height":null,"source":"OpenStreetMap contributors","kind":"tree"},"geometry":{"type":"Point","coordinates":[14.4844892,35.8738303]}},{"type":"Feature","properties":{"osm_id":"node/10917686826","name":null,"species":null,"height":null,"source":"OpenStreetMap contributors","kind":"tree"},"geometry":{"type":"Point","coordinates":[14.4844329,35.8738096]}},{"type":"Feature","properties":{"osm_id":"node/10917686827","name":null,"species":null,"height":null,"source":"OpenStreetMap contributors","kind":"tree"},"geometry":{"type":"Point","coordinates":[14.4845603,35.8738259]}},{"type":"Feature","properties":{"osm_id":"node/10917686828","name":null,"species":null,"height":null,"source":"OpenStreetMap contributors","kind":"tree"},"geometry":{"type":"Point","coordinates":[14.4841674,35.8738662]}},{"type":"Feature","properties":{"osm_id":"node/10917686829","name":null,"species":null,"height":null,"source":"OpenStreetMap contributors","kind":"tree"},"geometry":{"type":"Point","coordinates":[14.4839309,35.8744935]}},{"type":"Feature","properties":{"osm_id":"node/10917686830","name":null,"species":null,"height":null,"source":"OpenStreetMap contributors","kind":"tree"},"geometry":{"type":"Point","coordinates":[14.4839094,35.8745659]}},{"type":"Feature","properties":{"osm_id":"node/10917686831","name":null,"species":null,"height":null,"source":"OpenStreetMap contributors","kind":"tree"},"geometry":{"type":"Point","coordinates":[14.484085,35.8745534]}},{"type":"Feature","properties":{"osm_id":"node/10917686832","name":null,"species":null,"height":null,"source":"OpenStreetMap contributors","kind":"tree"},"geometry":{"type":"Point","coordinates":[14.4840911,35.874471]}},{"type":"Feature","properties":{"osm_id":"node/10917686833","name":null,"species":null,"height":null,"source":"OpenStreetMap contributors","kind":"tree"},"geometry":{"type":"Point","coordinates":[14.4842698,35.8743936]}},{"type":"Feature","properties":{"osm_id":"node/10917686834","name":null,"species":null,"height":null,"source":"OpenStreetMap contributors","kind":"tree"},"geometry":{"type":"Point","coordinates":[14.4843931,35.8743412]}},{"type":"Feature","properties":{"osm_id":"node/10917686835","name":null,"species":null,"height":null,"source":"OpenStreetMap contributors","kind":"tree"},"geometry":{"type":"Point","coordinates":[14.4844331,35.8743961]}},{"type":"Feature","properties":{"osm_id":"node/10917686836","name":null,"species":null,"height":null,"source":"OpenStreetMap contributors","kind":"tree"},"geometry":{"type":"Point","coordinates":[14.484809,35.8741839]}},{"type":"Feature","properties":{"osm_id":"node/10917686837","name":null,"species":null,"height":null,"source":"OpenStreetMap contributors","kind":"tree"},"geometry":{"type":"Point","coordinates":[14.4846088,35.8742588]}},{"type":"Feature","properties":{"osm_id":"node/10917686838","name":null,"species":null,"height":null,"source":"OpenStreetMap contributors","kind":"tree"},"geometry":{"type":"Point","coordinates":[14.4850432,35.874139]}},{"type":"Feature","properties":{"osm_id":"node/10917686839","name":null,"species":null,"height":null,"source":"OpenStreetMap contributors","kind":"tree"},"geometry":{"type":"Point","coordinates":[14.4852404,35.8740241]}},{"type":"Feature","properties":{"osm_id":"node/10917686840","name":null,"species":null,"height":null,"source":"OpenStreetMap contributors","kind":"tree"},"geometry":{"type":"Point","coordinates":[14.4853328,35.8740191]}},{"type":"Feature","properties":{"osm_id":"node/10917686841","name":null,"species":null,"height":null,"source":"OpenStreetMap contributors","kind":"tree"},"geometry":{"type":"Point","coordinates":[14.485456,35.8740541]}},{"type":"Feature","properties":{"osm_id":"node/10917686842","name":null,"species":null,"height":null,"source":"OpenStreetMap contributors","kind":"tree"},"geometry":{"type":"Point","coordinates":[14.4853975,35.8742713]}},{"type":"Feature","properties":{"osm_id":"node/10917686843","name":null,"species":null,"height":null,"source":"OpenStreetMap contributors","kind":"tree"},"geometry":{"type":"Point","coordinates":[14.4850894,35.874486]}},{"type":"Feature","properties":{"osm_id":"node/10917686844","name":null,"species":null,"height":null,"source":"OpenStreetMap contributors","kind":"tree"},"geometry":{"type":"Point","coordinates":[14.4848522,35.8745384]}},{"type":"Feature","properties":{"osm_id":"node/10917686845","name":null,"species":null,"height":null,"source":"OpenStreetMap contributors","kind":"tree"},"geometry":{"type":"Point","coordinates":[14.484997,35.8746757]}},{"type":"Feature","properties":{"osm_id":"node/10917686846","name":null,"species":null,"height":null,"source":"OpenStreetMap contributors","kind":"tree"},"geometry":{"type":"Point","coordinates":[14.485151,35.8746283]}},{"type":"Feature","properties":{"osm_id":"node/10917686847","name":null,"species":null,"height":null,"source":"OpenStreetMap contributors","kind":"tree"},"geometry":{"type":"Point","coordinates":[14.483324,35.8748005]}},{"type":"Feature","properties":{"osm_id":"node/10917686848","name":null,"species":null,"height":null,"source":"OpenStreetMap contributors","kind":"tree"},"geometry":{"type":"Point","coordinates":[14.4825075,35.8751601]}},{"type":"Feature","properties":{"osm_id":"node/10917686849","name":null,"species":null,"height":null,"source":"OpenStreetMap contributors","kind":"tree"},"geometry":{"type":"Point","coordinates":[14.4823935,35.87521]}},{"type":"Feature","properties":{"osm_id":"node/10917686850","name":null,"species":null,"height":null,"source":"OpenStreetMap contributors","kind":"tree"},"geometry":{"type":"Point","coordinates":[14.4851818,35.8736646]}},{"type":"Feature","properties":{"osm_id":"node/10917686851","name":null,"species":null,"height":null,"source":"OpenStreetMap contributors","kind":"tree"},"geometry":{"type":"Point","coordinates":[14.4860199,35.8736771]}},{"type":"Feature","properties":{"osm_id":"node/10917686852","name":null,"species":null,"height":null,"source":"OpenStreetMap contributors","kind":"tree"},"geometry":{"type":"Point","coordinates":[14.4864759,35.874089]}},{"type":"Feature","properties":{"osm_id":"node/10917686853","name":null,"species":null,"height":null,"source":"OpenStreetMap contributors","kind":"tree"},"geometry":{"type":"Point","coordinates":[14.4864944,35.8738968]}},{"type":"Feature","properties":{"osm_id":"node/10917686854","name":null,"species":null,"height":null,"source":"OpenStreetMap contributors","kind":"tree"},"geometry":{"type":"Point","coordinates":[14.4864481,35.8737994]}},{"type":"Feature","properties":{"osm_id":"node/10917686855","name":null,"species":null,"height":null,"source":"OpenStreetMap contributors","kind":"tree"},"geometry":{"type":"Point","coordinates":[14.4863834,35.8736521]}},{"type":"Feature","properties":{"osm_id":"node/10917686856","name":null,"species":null,"height":null,"source":"OpenStreetMap contributors","kind":"tree"},"geometry":{"type":"Point","coordinates":[14.486707,35.8736147]}},{"type":"Feature","properties":{"osm_id":"node/10917686857","name":null,"species":null,"height":null,"source":"OpenStreetMap contributors","kind":"tree"},"geometry":{"type":"Point","coordinates":[14.4878627,35.8742486]}},{"type":"Feature","properties":{"osm_id":"node/10978307436","name":null,"species":null,"height":null,"source":"OpenStreetMap contributors","kind":"tree"},"geometry":{"type":"Point","coordinates":[14.3979759,35.8782153]}},{"type":"Feature","properties":{"osm_id":"node/10978307437","name":null,"species":null,"height":null,"source":"OpenStreetMap contributors","kind":"tree"},"geometry":{"type":"Point","coordinates":[14.3979933,35.8782962]}},{"type":"Feature","properties":{"osm_id":"node/10978307438","name":null,"species":null,"height":null,"source":"OpenStreetMap contributors","kind":"tree"},"geometry":{"type":"Point","coordinates":[14.3980302,35.8783984]}},{"type":"Feature","properties":{"osm_id":"node/11027182276","name":null,"species":null,"height":null,"source":"OpenStreetMap contributors","kind":"tree"},"geometry":{"type":"Point","coordinates":[14.4425476,35.9216117]}},{"type":"Feature","properties":{"osm_id":"node/11042237667","name":null,"species":null,"height":null,"source":"OpenStreetMap contributors","kind":"tree"},"geometry":{"type":"Point","coordinates":[14.4685002,35.8264143]}},{"type":"Feature","properties":{"osm_id":"node/11070428799","name":null,"species":null,"height":null,"source":"OpenStreetMap contributors","kind":"tree"},"geometry":{"type":"Point","coordinates":[14.4384569,35.9111191]}},{"type":"Feature","properties":{"osm_id":"node/11166582030","name":null,"species":null,"height":null,"source":"OpenStreetMap contributors","kind":"tree"},"geometry":{"type":"Point","coordinates":[14.396334,35.9252691]}},{"type":"Feature","properties":{"osm_id":"node/11166582031","name":null,"species":null,"height":null,"source":"OpenStreetMap contributors","kind":"tree"},"geometry":{"type":"Point","coordinates":[14.3963035,35.9253292]}},{"type":"Feature","properties":{"osm_id":"node/11166595956","name":null,"species":null,"height":null,"source":"OpenStreetMap contributors","kind":"tree"},"geometry":{"type":"Point","coordinates":[14.3911397,35.9232846]}},{"type":"Feature","properties":{"osm_id":"node/11166595957","name":null,"species":null,"height":null,"source":"OpenStreetMap contributors","kind":"tree"},"geometry":{"type":"Point","coordinates":[14.391133,35.9233661]}},{"type":"Feature","properties":{"osm_id":"node/11166595958","name":null,"species":null,"height":null,"source":"OpenStreetMap contributors","kind":"tree"},"geometry":{"type":"Point","coordinates":[14.3911303,35.9234769]}},{"type":"Feature","properties":{"osm_id":"node/11166595959","name":null,"species":null,"height":null,"source":"OpenStreetMap contributors","kind":"tree"},"geometry":{"type":"Point","coordinates":[14.3911652,35.9230457]}},{"type":"Feature","properties":{"osm_id":"node/11166595960","name":null,"species":null,"height":null,"source":"OpenStreetMap contributors","kind":"tree"},"geometry":{"type":"Point","coordinates":[14.3915059,35.9228991]}},{"type":"Feature","properties":{"osm_id":"node/11166595961","name":null,"species":null,"height":null,"source":"OpenStreetMap contributors","kind":"tree"},"geometry":{"type":"Point","coordinates":[14.3914026,35.922759]}},{"type":"Feature","properties":{"osm_id":"node/11166595962","name":null,"species":null,"height":null,"source":"OpenStreetMap contributors","kind":"tree"},"geometry":{"type":"Point","coordinates":[14.3913194,35.9229632]}},{"type":"Feature","properties":{"osm_id":"node/11166595963","name":null,"species":null,"height":null,"source":"OpenStreetMap contributors","kind":"tree"},"geometry":{"type":"Point","coordinates":[14.3915099,35.9227492]}},{"type":"Feature","properties":{"osm_id":"node/11166595964","name":null,"species":null,"height":null,"source":"OpenStreetMap contributors","kind":"tree"},"geometry":{"type":"Point","coordinates":[14.3916118,35.9226895]}},{"type":"Feature","properties":{"osm_id":"node/11166595965","name":null,"species":null,"height":null,"source":"OpenStreetMap contributors","kind":"tree"},"geometry":{"type":"Point","coordinates":[14.3918612,35.9227134]}},{"type":"Feature","properties":{"osm_id":"node/11166595966","name":null,"species":null,"height":null,"source":"OpenStreetMap contributors","kind":"tree"},"geometry":{"type":"Point","coordinates":[14.391825,35.9225125]}},{"type":"Feature","properties":{"osm_id":"node/11166595967","name":null,"species":null,"height":null,"source":"OpenStreetMap contributors","kind":"tree"},"geometry":{"type":"Point","coordinates":[14.391935,35.922608]}},{"type":"Feature","properties":{"osm_id":"node/11166595968","name":null,"species":null,"height":null,"source":"OpenStreetMap contributors","kind":"tree"},"geometry":{"type":"Point","coordinates":[14.3914938,35.9226222]}},{"type":"Feature","properties":{"osm_id":"node/11166595969","name":null,"species":null,"height":null,"source":"OpenStreetMap contributors","kind":"tree"},"geometry":{"type":"Point","coordinates":[14.3914039,35.9226732]}},{"type":"Feature","properties":{"osm_id":"node/11166595970","name":null,"species":null,"height":null,"source":"OpenStreetMap contributors","kind":"tree"},"geometry":{"type":"Point","coordinates":[14.3913409,35.922746]}},{"type":"Feature","properties":{"osm_id":"node/11166595971","name":null,"species":null,"height":null,"source":"OpenStreetMap contributors","kind":"tree"},"geometry":{"type":"Point","coordinates":[14.3913154,35.9228459]}},{"type":"Feature","properties":{"osm_id":"node/11166595972","name":null,"species":null,"height":null,"source":"OpenStreetMap contributors","kind":"tree"},"geometry":{"type":"Point","coordinates":[14.3910888,35.923769]}},{"type":"Feature","properties":{"osm_id":"node/11166595973","name":null,"species":null,"height":null,"source":"OpenStreetMap contributors","kind":"tree"},"geometry":{"type":"Point","coordinates":[14.3911075,35.9235996]}},{"type":"Feature","properties":{"osm_id":"node/11166595974","name":null,"species":null,"height":null,"source":"OpenStreetMap contributors","kind":"tree"},"geometry":{"type":"Point","coordinates":[14.3907763,35.9229512]}},{"type":"Feature","properties":{"osm_id":"node/11166595975","name":null,"species":null,"height":null,"source":"OpenStreetMap contributors","kind":"tree"},"geometry":{"type":"Point","coordinates":[14.3909372,35.9227742]}},{"type":"Feature","properties":{"osm_id":"node/11166595976","name":null,"species":null,"height":null,"source":"OpenStreetMap contributors","kind":"tree"},"geometry":{"type":"Point","coordinates":[14.3903538,35.9229751]}},{"type":"Feature","properties":{"osm_id":"node/11166595977","name":null,"species":null,"height":null,"source":"OpenStreetMap contributors","kind":"tree"},"geometry":{"type":"Point","coordinates":[14.3905738,35.9230642]}},{"type":"Feature","properties":{"osm_id":"node/11166595978","name":null,"species":null,"height":null,"source":"OpenStreetMap contributors","kind":"tree"},"geometry":{"type":"Point","coordinates":[14.3906382,35.9232369]}},{"type":"Feature","properties":{"osm_id":"node/11166595979","name":null,"species":null,"height":null,"source":"OpenStreetMap contributors","kind":"tree"},"geometry":{"type":"Point","coordinates":[14.390783,35.9233433]}},{"type":"Feature","properties":{"osm_id":"node/11166595980","name":null,"species":null,"height":null,"source":"OpenStreetMap contributors","kind":"tree"},"geometry":{"type":"Point","coordinates":[14.3907334,35.9236072]}},{"type":"Feature","properties":{"osm_id":"node/11166595981","name":null,"species":null,"height":null,"source":"OpenStreetMap contributors","kind":"tree"},"geometry":{"type":"Point","coordinates":[14.3917419,35.9235779]}},{"type":"Feature","properties":{"osm_id":"node/11166595982","name":null,"species":null,"height":null,"source":"OpenStreetMap contributors","kind":"tree"},"geometry":{"type":"Point","coordinates":[14.391762,35.9235073]}},{"type":"Feature","properties":{"osm_id":"node/11166595983","name":null,"species":null,"height":null,"source":"OpenStreetMap contributors","kind":"tree"},"geometry":{"type":"Point","coordinates":[14.3923011,35.923441]}},{"type":"Feature","properties":{"osm_id":"node/11166595984","name":null,"species":null,"height":null,"source":"OpenStreetMap contributors","kind":"tree"},"geometry":{"type":"Point","coordinates":[14.392568,35.9233965]}},{"type":"Feature","properties":{"osm_id":"node/11166595985","name":null,"species":null,"height":null,"source":"OpenStreetMap contributors","kind":"tree"},"geometry":{"type":"Point","coordinates":[14.3927598,35.9233357]}},{"type":"Feature","properties":{"osm_id":"node/11166595986","name":null,"species":null,"height":null,"source":"OpenStreetMap contributors","kind":"tree"},"geometry":{"type":"Point","coordinates":[14.3930374,35.9230892]}},{"type":"Feature","properties":{"osm_id":"node/11167136333","name":null,"species":null,"height":null,"source":"OpenStreetMap contributors","kind":"tree"},"geometry":{"type":"Point","coordinates":[14.4900687,35.8526411]}},{"type":"Feature","properties":{"osm_id":"node/11167136334","name":null,"species":null,"height":null,"source":"OpenStreetMap contributors","kind":"tree"},"geometry":{"type":"Point","coordinates":[14.4902278,35.8525073]}},{"type":"Feature","properties":{"osm_id":"node/11167136335","name":null,"species":null,"height":null,"source":"OpenStreetMap contributors","kind":"tree"},"geometry":{"type":"Point","coordinates":[14.4901666,35.8526085]}},{"type":"Feature","properties":{"osm_id":"node/11167136336","name":null,"species":null,"height":null,"source":"OpenStreetMap contributors","kind":"tree"},"geometry":{"type":"Point","coordinates":[14.4902524,35.8526564]}},{"type":"Feature","properties":{"osm_id":"node/11167136337","name":null,"species":null,"height":null,"source":"OpenStreetMap contributors","kind":"tree"},"geometry":{"type":"Point","coordinates":[14.4902403,35.852714]}},{"type":"Feature","properties":{"osm_id":"node/11167136338","name":null,"species":null,"height":null,"source":"OpenStreetMap contributors","kind":"tree"},"geometry":{"type":"Point","coordinates":[14.4902484,35.8527835]}},{"type":"Feature","properties":{"osm_id":"node/11167136339","name":null,"species":null,"height":null,"source":"OpenStreetMap contributors","kind":"tree"},"geometry":{"type":"Point","coordinates":[14.4902417,35.8528411]}},{"type":"Feature","properties":{"osm_id":"node/11167136340","name":null,"species":null,"height":null,"source":"OpenStreetMap contributors","kind":"tree"},"geometry":{"type":"Point","coordinates":[14.4902645,35.8530107]}},{"type":"Feature","properties":{"osm_id":"node/11167136341","name":null,"species":null,"height":null,"source":"OpenStreetMap contributors","kind":"tree"},"geometry":{"type":"Point","coordinates":[14.4902672,35.8531607]}},{"type":"Feature","properties":{"osm_id":"node/11167136342","name":null,"species":null,"height":null,"source":"OpenStreetMap contributors","kind":"tree"},"geometry":{"type":"Point","coordinates":[14.4902377,35.8532966]}},{"type":"Feature","properties":{"osm_id":"node/11167136343","name":null,"species":null,"height":null,"source":"OpenStreetMap contributors","kind":"tree"},"geometry":{"type":"Point","coordinates":[14.4901786,35.8534238]}},{"type":"Feature","properties":{"osm_id":"node/11167136344","name":null,"species":null,"height":null,"source":"OpenStreetMap contributors","kind":"tree"},"geometry":{"type":"Point","coordinates":[14.4901102,35.8535096]}},{"type":"Feature","properties":{"osm_id":"node/11167136345","name":null,"species":null,"height":null,"source":"OpenStreetMap contributors","kind":"tree"},"geometry":{"type":"Point","coordinates":[14.4899667,35.853627]}},{"type":"Feature","properties":{"osm_id":"node/11167136346","name":null,"species":null,"height":null,"source":"OpenStreetMap contributors","kind":"tree"},"geometry":{"type":"Point","coordinates":[14.4898903,35.8536629]}},{"type":"Feature","properties":{"osm_id":"node/11167136347","name":null,"species":null,"height":null,"source":"OpenStreetMap contributors","kind":"tree"},"geometry":{"type":"Point","coordinates":[14.4897642,35.8537086]}},{"type":"Feature","properties":{"osm_id":"node/11167136348","name":null,"species":null,"height":null,"source":"OpenStreetMap contributors","kind":"tree"},"geometry":{"type":"Point","coordinates":[14.4896677,35.8537346]}},{"type":"Feature","properties":{"osm_id":"node/11167136349","name":null,"species":null,"height":null,"source":"OpenStreetMap contributors","kind":"tree"},"geometry":{"type":"Point","coordinates":[14.4895349,35.8537651]}},{"type":"Feature","properties":{"osm_id":"node/11167136350","name":null,"species":null,"height":null,"source":"OpenStreetMap contributors","kind":"tree"},"geometry":{"type":"Point","coordinates":[14.4893807,35.8537673]}},{"type":"Feature","properties":{"osm_id":"node/11167136351","name":null,"species":null,"height":null,"source":"OpenStreetMap contributors","kind":"tree"},"geometry":{"type":"Point","coordinates":[14.4898769,35.8537857]}},{"type":"Feature","properties":{"osm_id":"node/11167136352","name":null,"species":null,"height":null,"source":"OpenStreetMap contributors","kind":"tree"},"geometry":{"type":"Point","coordinates":[14.4891447,35.8537738]}},{"type":"Feature","properties":{"osm_id":"node/11167136353","name":null,"species":null,"height":null,"source":"OpenStreetMap contributors","kind":"tree"},"geometry":{"type":"Point","coordinates":[14.4889837,35.8537879]}},{"type":"Feature","properties":{"osm_id":"node/11167136376","name":null,"species":null,"height":null,"source":"OpenStreetMap contributors","kind":"tree"},"geometry":{"type":"Point","coordinates":[14.488765,35.8537699]}},{"type":"Feature","properties":{"osm_id":"node/11169306603","name":null,"species":null,"height":null,"source":"OpenStreetMap contributors","kind":"tree"},"geometry":{"type":"Point","coordinates":[14.432044,35.8511308]}},{"type":"Feature","properties":{"osm_id":"node/11169306604","name":null,"species":null,"height":null,"source":"OpenStreetMap contributors","kind":"tree"},"geometry":{"type":"Point","coordinates":[14.4320857,35.8511192]}},{"type":"Feature","properties":{"osm_id":"node/11169306605","name":null,"species":null,"height":null,"source":"OpenStreetMap contributors","kind":"tree"},"geometry":{"type":"Point","coordinates":[14.4321264,35.8511019]}},{"type":"Feature","properties":{"osm_id":"node/11169306606","name":null,"species":null,"height":null,"source":"OpenStreetMap contributors","kind":"tree"},"geometry":{"type":"Point","coordinates":[14.4321721,35.8510863]}},{"type":"Feature","properties":{"osm_id":"node/11169306607","name":null,"species":null,"height":null,"source":"OpenStreetMap contributors","kind":"tree"},"geometry":{"type":"Point","coordinates":[14.4322107,35.8510715]}},{"type":"Feature","properties":{"osm_id":"node/11169306608","name":null,"species":null,"height":null,"source":"OpenStreetMap contributors","kind":"tree"},"geometry":{"type":"Point","coordinates":[14.4322504,35.8510517]}},{"type":"Feature","properties":{"osm_id":"node/11169306609","name":null,"species":null,"height":null,"source":"OpenStreetMap contributors","kind":"tree"},"geometry":{"type":"Point","coordinates":[14.43229,35.8510393]}},{"type":"Feature","properties":{"osm_id":"node/11169306610","name":null,"species":null,"height":null,"source":"OpenStreetMap contributors","kind":"tree"},"geometry":{"type":"Point","coordinates":[14.4323327,35.8510204]}},{"type":"Feature","properties":{"osm_id":"node/11169306611","name":null,"species":null,"height":null,"source":"OpenStreetMap contributors","kind":"tree"},"geometry":{"type":"Point","coordinates":[14.4323642,35.8510055]}},{"type":"Feature","properties":{"osm_id":"node/11169306612","name":null,"species":null,"height":null,"source":"OpenStreetMap contributors","kind":"tree"},"geometry":{"type":"Point","coordinates":[14.4323916,35.8509899]}},{"type":"Feature","properties":{"osm_id":"node/11169306613","name":null,"species":null,"height":null,"source":"OpenStreetMap contributors","kind":"tree"},"geometry":{"type":"Point","coordinates":[14.4323449,35.8506752]}},{"type":"Feature","properties":{"osm_id":"node/11169306614","name":null,"species":null,"height":null,"source":"OpenStreetMap contributors","kind":"tree"},"geometry":{"type":"Point","coordinates":[14.4322991,35.8506678]}},{"type":"Feature","properties":{"osm_id":"node/11169306615","name":null,"species":null,"height":null,"source":"OpenStreetMap contributors","kind":"tree"},"geometry":{"type":"Point","coordinates":[14.4322534,35.850667]}},{"type":"Feature","properties":{"osm_id":"node/11169306616","name":null,"species":null,"height":null,"source":"OpenStreetMap contributors","kind":"tree"},"geometry":{"type":"Point","coordinates":[14.4322077,35.8506694]}},{"type":"Feature","properties":{"osm_id":"node/11169306617","name":null,"species":null,"height":null,"source":"OpenStreetMap contributors","kind":"tree"},"geometry":{"type":"Point","coordinates":[14.432166,35.8506744]}},{"type":"Feature","properties":{"osm_id":"node/11169306618","name":null,"species":null,"height":null,"source":"OpenStreetMap contributors","kind":"tree"},"geometry":{"type":"Point","coordinates":[14.432104,35.8506958]}},{"type":"Feature","properties":{"osm_id":"node/11169306619","name":null,"species":null,"height":null,"source":"OpenStreetMap contributors","kind":"tree"},"geometry":{"type":"Point","coordinates":[14.4320501,35.8507156]}},{"type":"Feature","properties":{"osm_id":"node/11169306620","name":null,"species":null,"height":null,"source":"OpenStreetMap contributors","kind":"tree"},"geometry":{"type":"Point","coordinates":[14.4319942,35.850732]}},{"type":"Feature","properties":{"osm_id":"node/11169306621","name":null,"species":null,"height":null,"source":"OpenStreetMap contributors","kind":"tree"},"geometry":{"type":"Point","coordinates":[14.4319465,35.8507609]}},{"type":"Feature","properties":{"osm_id":"node/11169306622","name":null,"species":null,"height":null,"source":"OpenStreetMap contributors","kind":"tree"},"geometry":{"type":"Point","coordinates":[14.4319119,35.8507782]}},{"type":"Feature","properties":{"osm_id":"node/11169306623","name":null,"species":null,"height":null,"source":"OpenStreetMap contributors","kind":"tree"},"geometry":{"type":"Point","coordinates":[14.4318824,35.8507988]}},{"type":"Feature","properties":{"osm_id":"node/11169306624","name":null,"species":null,"height":null,"source":"OpenStreetMap contributors","kind":"tree"},"geometry":{"type":"Point","coordinates":[14.4318469,35.8508218]}},{"type":"Feature","properties":{"osm_id":"node/11169306625","name":null,"species":null,"height":null,"source":"OpenStreetMap contributors","kind":"tree"},"geometry":{"type":"Point","coordinates":[14.4318174,35.8508441]}},{"type":"Feature","properties":{"osm_id":"node/11169306626","name":null,"species":null,"height":null,"source":"OpenStreetMap contributors","kind":"tree"},"geometry":{"type":"Point","coordinates":[14.431793,35.850863]}},{"type":"Feature","properties":{"osm_id":"node/11169306627","name":null,"species":null,"height":null,"source":"OpenStreetMap contributors","kind":"tree"},"geometry":{"type":"Point","coordinates":[14.4313885,35.8513754]}},{"type":"Feature","properties":{"osm_id":"node/11169306628","name":null,"species":null,"height":null,"source":"OpenStreetMap contributors","kind":"tree"},"geometry":{"type":"Point","coordinates":[14.4313234,35.8514224]}},{"type":"Feature","properties":{"osm_id":"node/11169306629","name":null,"species":null,"height":null,"source":"OpenStreetMap contributors","kind":"tree"},"geometry":{"type":"Point","coordinates":[14.4313275,35.8515517]}},{"type":"Feature","properties":{"osm_id":"node/11169306630","name":null,"species":null,"height":null,"source":"OpenStreetMap contributors","kind":"tree"},"geometry":{"type":"Point","coordinates":[14.4314383,35.8514916]}},{"type":"Feature","properties":{"osm_id":"node/11169306631","name":null,"species":null,"height":null,"source":"OpenStreetMap contributors","kind":"tree"},"geometry":{"type":"Point","coordinates":[14.4312696,35.8516012]}},{"type":"Feature","properties":{"osm_id":"node/11169306632","name":null,"species":null,"height":null,"source":"OpenStreetMap contributors","kind":"tree"},"geometry":{"type":"Point","coordinates":[14.4312391,35.8515699]}},{"type":"Feature","properties":{"osm_id":"node/11169306635","name":null,"species":null,"height":null,"source":"OpenStreetMap contributors","kind":"tree"},"geometry":{"type":"Point","coordinates":[14.4315501,35.8511341]}},{"type":"Feature","properties":{"osm_id":"node/11169306636","name":null,"species":null,"height":null,"source":"OpenStreetMap contributors","kind":"tree"},"geometry":{"type":"Point","coordinates":[14.4317666,35.8512568]}},{"type":"Feature","properties":{"osm_id":"node/11276634943","name":null,"species":null,"height":null,"source":"OpenStreetMap contributors","kind":"tree"},"geometry":{"type":"Point","coordinates":[14.4938274,35.8865565]}},{"type":"Feature","properties":{"osm_id":"node/11276634944","name":null,"species":null,"height":null,"source":"OpenStreetMap contributors","kind":"tree"},"geometry":{"type":"Point","coordinates":[14.4938008,35.8865923]}},{"type":"Feature","properties":{"osm_id":"node/11276634945","name":null,"species":null,"height":null,"source":"OpenStreetMap contributors","kind":"tree"},"geometry":{"type":"Point","coordinates":[14.493776,35.8866238]}},{"type":"Feature","properties":{"osm_id":"node/11323719388","name":null,"species":null,"height":null,"source":"OpenStreetMap contributors","kind":"tree"},"geometry":{"type":"Point","coordinates":[14.3991977,35.9503707]}},{"type":"Feature","properties":{"osm_id":"node/11323719389","name":null,"species":null,"height":null,"source":"OpenStreetMap contributors","kind":"tree"},"geometry":{"type":"Point","coordinates":[14.3991226,35.9503555]}},{"type":"Feature","properties":{"osm_id":"node/11323719392","name":null,"species":null,"height":null,"source":"OpenStreetMap contributors","kind":"tree"},"geometry":{"type":"Point","coordinates":[14.3984232,35.9502192]}},{"type":"Feature","properties":{"osm_id":"node/11323719393","name":null,"species":null,"height":null,"source":"OpenStreetMap contributors","kind":"tree"},"geometry":{"type":"Point","coordinates":[14.3985426,35.950241]}},{"type":"Feature","properties":{"osm_id":"node/11323719394","name":null,"species":null,"height":null,"source":"OpenStreetMap contributors","kind":"tree"},"geometry":{"type":"Point","coordinates":[14.398611,35.9502529]}},{"type":"Feature","properties":{"osm_id":"node/11338000415","name":null,"species":null,"height":null,"source":"OpenStreetMap contributors","kind":"tree"},"geometry":{"type":"Point","coordinates":[14.4212911,35.9574147]}},{"type":"Feature","properties":{"osm_id":"node/11338000416","name":null,"species":null,"height":null,"source":"OpenStreetMap contributors","kind":"tree"},"geometry":{"type":"Point","coordinates":[14.4214077,35.9574592]}},{"type":"Feature","properties":{"osm_id":"node/11338000417","name":null,"species":null,"height":null,"source":"OpenStreetMap contributors","kind":"tree"},"geometry":{"type":"Point","coordinates":[14.4215311,35.9575113]}},{"type":"Feature","properties":{"osm_id":"node/11338000418","name":null,"species":null,"height":null,"source":"OpenStreetMap contributors","kind":"tree"},"geometry":{"type":"Point","coordinates":[14.4216639,35.9575623]}},{"type":"Feature","properties":{"osm_id":"node/11338000419","name":null,"species":null,"height":null,"source":"OpenStreetMap contributors","kind":"tree"},"geometry":{"type":"Point","coordinates":[14.4217846,35.9576112]}},{"type":"Feature","properties":{"osm_id":"node/11338000420","name":null,"species":null,"height":null,"source":"OpenStreetMap contributors","kind":"tree"},"geometry":{"type":"Point","coordinates":[14.4219039,35.9576578]}},{"type":"Feature","properties":{"osm_id":"node/11338000421","name":null,"species":null,"height":null,"source":"OpenStreetMap contributors","kind":"tree"},"geometry":{"type":"Point","coordinates":[14.4220206,35.9577089]}},{"type":"Feature","properties":{"osm_id":"node/11346074753","name":null,"species":null,"height":null,"source":"OpenStreetMap contributors","kind":"tree"},"geometry":{"type":"Point","coordinates":[14.4268418,35.9478806]}},{"type":"Feature","properties":{"osm_id":"node/11346074758","name":null,"species":null,"height":null,"source":"OpenStreetMap contributors","kind":"tree"},"geometry":{"type":"Point","coordinates":[14.4269577,35.9477424]}},{"type":"Feature","properties":{"osm_id":"node/11346074759","name":null,"species":null,"height":null,"source":"OpenStreetMap contributors","kind":"tree"},"geometry":{"type":"Point","coordinates":[14.426671,35.947448]}},{"type":"Feature","properties":{"osm_id":"node/11346074760","name":null,"species":null,"height":null,"source":"OpenStreetMap contributors","kind":"tree"},"geometry":{"type":"Point","coordinates":[14.4267365,35.947496]}},{"type":"Feature","properties":{"osm_id":"node/11346074761","name":null,"species":null,"height":null,"source":"OpenStreetMap contributors","kind":"tree"},"geometry":{"type":"Point","coordinates":[14.4266224,35.9474888]}},{"type":"Feature","properties":{"osm_id":"node/11346074762","name":null,"species":null,"height":null,"source":"OpenStreetMap contributors","kind":"tree"},"geometry":{"type":"Point","coordinates":[14.4266587,35.9475253]}},{"type":"Feature","properties":{"osm_id":"node/11346074763","name":null,"species":null,"height":null,"source":"OpenStreetMap contributors","kind":"tree"},"geometry":{"type":"Point","coordinates":[14.4267144,35.9475769]}},{"type":"Feature","properties":{"osm_id":"node/11346074764","name":null,"species":null,"height":null,"source":"OpenStreetMap contributors","kind":"tree"},"geometry":{"type":"Point","coordinates":[14.4267932,35.9475318]}},{"type":"Feature","properties":{"osm_id":"node/11346074765","name":null,"species":null,"height":null,"source":"OpenStreetMap contributors","kind":"tree"},"geometry":{"type":"Point","coordinates":[14.4265189,35.947602]}},{"type":"Feature","properties":{"osm_id":"node/11346074766","name":null,"species":null,"height":null,"source":"OpenStreetMap contributors","kind":"tree"},"geometry":{"type":"Point","coordinates":[14.4265578,35.9476328]}},{"type":"Feature","properties":{"osm_id":"node/11346074767","name":null,"species":null,"height":null,"source":"OpenStreetMap contributors","kind":"tree"},"geometry":{"type":"Point","coordinates":[14.426618,35.9476715]}},{"type":"Feature","properties":{"osm_id":"node/11346074768","name":null,"species":null,"height":null,"source":"OpenStreetMap contributors","kind":"tree"},"geometry":{"type":"Point","coordinates":[14.4264826,35.9477674]}},{"type":"Feature","properties":{"osm_id":"node/11346074769","name":null,"species":null,"height":null,"source":"OpenStreetMap contributors","kind":"tree"},"geometry":{"type":"Point","coordinates":[14.4262941,35.9477911]}},{"type":"Feature","properties":{"osm_id":"node/11346074770","name":null,"species":null,"height":null,"source":"OpenStreetMap contributors","kind":"tree"},"geometry":{"type":"Point","coordinates":[14.4263198,35.9478076]}},{"type":"Feature","properties":{"osm_id":"node/11346089981","name":null,"species":null,"height":null,"source":"OpenStreetMap contributors","kind":"tree"},"geometry":{"type":"Point","coordinates":[14.4123256,35.9448254]}},{"type":"Feature","properties":{"osm_id":"node/11346089982","name":null,"species":null,"height":null,"source":"OpenStreetMap contributors","kind":"tree"},"geometry":{"type":"Point","coordinates":[14.4123886,35.9448462]}},{"type":"Feature","properties":{"osm_id":"node/11346089983","name":null,"species":null,"height":null,"source":"OpenStreetMap contributors","kind":"tree"},"geometry":{"type":"Point","coordinates":[14.4124377,35.9448632]}},{"type":"Feature","properties":{"osm_id":"node/11346089984","name":null,"species":null,"height":null,"source":"OpenStreetMap contributors","kind":"tree"},"geometry":{"type":"Point","coordinates":[14.4124867,35.9448783]}},{"type":"Feature","properties":{"osm_id":"node/11346089985","name":null,"species":null,"height":null,"source":"OpenStreetMap contributors","kind":"tree"},"geometry":{"type":"Point","coordinates":[14.4126245,35.9448972]}},{"type":"Feature","properties":{"osm_id":"node/11346089986","name":null,"species":null,"height":null,"source":"OpenStreetMap contributors","kind":"tree"},"geometry":{"type":"Point","coordinates":[14.4126992,35.9449086]}},{"type":"Feature","properties":{"osm_id":"node/11346089987","name":null,"species":null,"height":null,"source":"OpenStreetMap contributors","kind":"tree"},"geometry":{"type":"Point","coordinates":[14.4127879,35.9448916]}},{"type":"Feature","properties":{"osm_id":"node/11346089988","name":null,"species":null,"height":null,"source":"OpenStreetMap contributors","kind":"tree"},"geometry":{"type":"Point","coordinates":[14.4128533,35.9448783]}},{"type":"Feature","properties":{"osm_id":"node/11348362349","name":null,"species":null,"height":null,"source":"OpenStreetMap contributors","kind":"tree"},"geometry":{"type":"Point","coordinates":[14.4836145,35.874612]}},{"type":"Feature","properties":{"osm_id":"node/11348362350","name":null,"species":null,"height":null,"source":"OpenStreetMap contributors","kind":"tree"},"geometry":{"type":"Point","coordinates":[14.4836724,35.8745939]}},{"type":"Feature","properties":{"osm_id":"node/11348362351","name":null,"species":null,"height":null,"source":"OpenStreetMap contributors","kind":"tree"},"geometry":{"type":"Point","coordinates":[14.4837436,35.8745519]}},{"type":"Feature","properties":{"osm_id":"node/11348362352","name":null,"species":null,"height":null,"source":"OpenStreetMap contributors","kind":"tree"},"geometry":{"type":"Point","coordinates":[14.4837913,35.8745758]}},{"type":"Feature","properties":{"osm_id":"node/11348362353","name":null,"species":null,"height":null,"source":"OpenStreetMap contributors","kind":"tree"},"geometry":{"type":"Point","coordinates":[14.4837619,35.8746079]}},{"type":"Feature","properties":{"osm_id":"node/11348362354","name":null,"species":null,"height":null,"source":"OpenStreetMap contributors","kind":"tree"},"geometry":{"type":"Point","coordinates":[14.4837121,35.8746285]}},{"type":"Feature","properties":{"osm_id":"node/11348362355","name":null,"species":null,"height":null,"source":"OpenStreetMap contributors","kind":"tree"},"geometry":{"type":"Point","coordinates":[14.4837121,35.8746648]}},{"type":"Feature","properties":{"osm_id":"node/11348362356","name":null,"species":null,"height":null,"source":"OpenStreetMap contributors","kind":"tree"},"geometry":{"type":"Point","coordinates":[14.4834895,35.8746969]}},{"type":"Feature","properties":{"osm_id":"node/11348362357","name":null,"species":null,"height":null,"source":"OpenStreetMap contributors","kind":"tree"},"geometry":{"type":"Point","coordinates":[14.4836358,35.8746903]}},{"type":"Feature","properties":{"osm_id":"node/11348362358","name":null,"species":null,"height":null,"source":"OpenStreetMap contributors","kind":"tree"},"geometry":{"type":"Point","coordinates":[14.4842152,35.8743872]}},{"type":"Feature","properties":{"osm_id":"node/11348362359","name":null,"species":null,"height":null,"source":"OpenStreetMap contributors","kind":"tree"},"geometry":{"type":"Point","coordinates":[14.4845384,35.8743172]}},{"type":"Feature","properties":{"osm_id":"node/11348362360","name":null,"species":null,"height":null,"source":"OpenStreetMap contributors","kind":"tree"},"geometry":{"type":"Point","coordinates":[14.4849908,35.8744671]}},{"type":"Feature","properties":{"osm_id":"node/11348362361","name":null,"species":null,"height":null,"source":"OpenStreetMap contributors","kind":"tree"},"geometry":{"type":"Point","coordinates":[14.4849406,35.8745049]}},{"type":"Feature","properties":{"osm_id":"node/11348362362","name":null,"species":null,"height":null,"source":"OpenStreetMap contributors","kind":"tree"},"geometry":{"type":"Point","coordinates":[14.4849032,35.8745938]}},{"type":"Feature","properties":{"osm_id":"node/11348362363","name":null,"species":null,"height":null,"source":"OpenStreetMap contributors","kind":"tree"},"geometry":{"type":"Point","coordinates":[14.4844817,35.8746979]}},{"type":"Feature","properties":{"osm_id":"node/11348362364","name":null,"species":null,"height":null,"source":"OpenStreetMap contributors","kind":"tree"},"geometry":{"type":"Point","coordinates":[14.4845436,35.8747055]}},{"type":"Feature","properties":{"osm_id":"node/11348362365","name":null,"species":null,"height":null,"source":"OpenStreetMap contributors","kind":"tree"},"geometry":{"type":"Point","coordinates":[14.4846358,35.874697]}},{"type":"Feature","properties":{"osm_id":"node/11348362366","name":null,"species":null,"height":null,"source":"OpenStreetMap contributors","kind":"tree"},"geometry":{"type":"Point","coordinates":[14.4844619,35.8747471]}},{"type":"Feature","properties":{"osm_id":"node/11348362367","name":null,"species":null,"height":null,"source":"OpenStreetMap contributors","kind":"tree"},"geometry":{"type":"Point","coordinates":[14.4843136,35.8748474]}},{"type":"Feature","properties":{"osm_id":"node/11348362368","name":null,"species":null,"height":null,"source":"OpenStreetMap contributors","kind":"tree"},"geometry":{"type":"Point","coordinates":[14.4843346,35.8749155]}},{"type":"Feature","properties":{"osm_id":"node/11348371469","name":null,"species":null,"height":null,"source":"OpenStreetMap contributors","kind":"tree"},"geometry":{"type":"Point","coordinates":[14.4835419,35.8750924]}},{"type":"Feature","properties":{"osm_id":"node/11348371470","name":null,"species":null,"height":null,"source":"OpenStreetMap contributors","kind":"tree"},"geometry":{"type":"Point","coordinates":[14.4836995,35.8750517]}},{"type":"Feature","properties":{"osm_id":"node/11348371471","name":null,"species":null,"height":null,"source":"OpenStreetMap contributors","kind":"tree"},"geometry":{"type":"Point","coordinates":[14.4837672,35.8750139]}},{"type":"Feature","properties":{"osm_id":"node/11348371472","name":null,"species":null,"height":null,"source":"OpenStreetMap contributors","kind":"tree"},"geometry":{"type":"Point","coordinates":[14.4838128,35.875047]}},{"type":"Feature","properties":{"osm_id":"node/11348371524","name":null,"species":null,"height":null,"source":"OpenStreetMap contributors","kind":"tree"},"geometry":{"type":"Point","coordinates":[14.4849709,35.8750991]}},{"type":"Feature","properties":{"osm_id":"node/11348371525","name":null,"species":null,"height":null,"source":"OpenStreetMap contributors","kind":"tree"},"geometry":{"type":"Point","coordinates":[14.4853002,35.8750744]}},{"type":"Feature","properties":{"osm_id":"node/11348371526","name":null,"species":null,"height":null,"source":"OpenStreetMap contributors","kind":"tree"},"geometry":{"type":"Point","coordinates":[14.4857992,35.8749673]}},{"type":"Feature","properties":{"osm_id":"node/11348371527","name":null,"species":null,"height":null,"source":"OpenStreetMap contributors","kind":"tree"},"geometry":{"type":"Point","coordinates":[14.4855859,35.8747257]}},{"type":"Feature","properties":{"osm_id":"node/11348371528","name":null,"species":null,"height":null,"source":"OpenStreetMap contributors","kind":"tree"},"geometry":{"type":"Point","coordinates":[14.4855558,35.8746038]}},{"type":"Feature","properties":{"osm_id":"node/11348371529","name":null,"species":null,"height":null,"source":"OpenStreetMap contributors","kind":"tree"},"geometry":{"type":"Point","coordinates":[14.4859717,35.8744834]}},{"type":"Feature","properties":{"osm_id":"node/11348371530","name":null,"species":null,"height":null,"source":"OpenStreetMap contributors","kind":"tree"},"geometry":{"type":"Point","coordinates":[14.4844852,35.8753666]}},{"type":"Feature","properties":{"osm_id":"node/11348371531","name":null,"species":null,"height":null,"source":"OpenStreetMap contributors","kind":"tree"},"geometry":{"type":"Point","coordinates":[14.4844516,35.8752017]}},{"type":"Feature","properties":{"osm_id":"node/11348371532","name":null,"species":null,"height":null,"source":"OpenStreetMap contributors","kind":"tree"},"geometry":{"type":"Point","coordinates":[14.4845949,35.8751544]}},{"type":"Feature","properties":{"osm_id":"node/11348379975","name":null,"species":null,"height":null,"source":"OpenStreetMap contributors","kind":"tree"},"geometry":{"type":"Point","coordinates":[14.4892447,35.8772619]}},{"type":"Feature","properties":{"osm_id":"node/11348379976","name":null,"species":null,"height":null,"source":"OpenStreetMap contributors","kind":"tree"},"geometry":{"type":"Point","coordinates":[14.48947,35.8774792]}},{"type":"Feature","properties":{"osm_id":"node/11348379977","name":null,"species":null,"height":null,"source":"OpenStreetMap contributors","kind":"tree"},"geometry":{"type":"Point","coordinates":[14.4895746,35.8776118]}},{"type":"Feature","properties":{"osm_id":"node/11348379978","name":null,"species":null,"height":null,"source":"OpenStreetMap contributors","kind":"tree"},"geometry":{"type":"Point","coordinates":[14.4895907,35.8777639]}},{"type":"Feature","properties":{"osm_id":"node/11348379979","name":null,"species":null,"height":null,"source":"OpenStreetMap contributors","kind":"tree"},"geometry":{"type":"Point","coordinates":[14.4896336,35.8778769]}},{"type":"Feature","properties":{"osm_id":"node/11348379980","name":null,"species":null,"height":null,"source":"OpenStreetMap contributors","kind":"tree"},"geometry":{"type":"Point","coordinates":[14.4896416,35.8780138]}},{"type":"Feature","properties":{"osm_id":"node/11348379981","name":null,"species":null,"height":null,"source":"OpenStreetMap contributors","kind":"tree"},"geometry":{"type":"Point","coordinates":[14.4896685,35.8781551]}},{"type":"Feature","properties":{"osm_id":"node/11348379982","name":null,"species":null,"height":null,"source":"OpenStreetMap contributors","kind":"tree"},"geometry":{"type":"Point","coordinates":[14.4896041,35.8783268]}},{"type":"Feature","properties":{"osm_id":"node/11348379983","name":null,"species":null,"height":null,"source":"OpenStreetMap contributors","kind":"tree"},"geometry":{"type":"Point","coordinates":[14.4896363,35.8782464]}},{"type":"Feature","properties":{"osm_id":"node/11348379984","name":null,"species":null,"height":null,"source":"OpenStreetMap contributors","kind":"tree"},"geometry":{"type":"Point","coordinates":[14.4915353,35.876725]}},{"type":"Feature","properties":{"osm_id":"node/11348379985","name":null,"species":null,"height":null,"source":"OpenStreetMap contributors","kind":"tree"},"geometry":{"type":"Point","coordinates":[14.4905026,35.8771901]}},{"type":"Feature","properties":{"osm_id":"node/11348379986","name":null,"species":null,"height":null,"source":"OpenStreetMap contributors","kind":"tree"},"geometry":{"type":"Point","coordinates":[14.4905375,35.8774314]}},{"type":"Feature","properties":{"osm_id":"node/11348379987","name":null,"species":null,"height":null,"source":"OpenStreetMap contributors","kind":"tree"},"geometry":{"type":"Point","coordinates":[14.4905885,35.8776574]}},{"type":"Feature","properties":{"osm_id":"node/11348379988","name":null,"species":null,"height":null,"source":"OpenStreetMap contributors","kind":"tree"},"geometry":{"type":"Point","coordinates":[14.4906421,35.8778682]}},{"type":"Feature","properties":{"osm_id":"node/11348379989","name":null,"species":null,"height":null,"source":"OpenStreetMap contributors","kind":"tree"},"geometry":{"type":"Point","coordinates":[14.4906609,35.8779638]}},{"type":"Feature","properties":{"osm_id":"node/11348379990","name":null,"species":null,"height":null,"source":"OpenStreetMap contributors","kind":"tree"},"geometry":{"type":"Point","coordinates":[14.4916721,35.8775509]}},{"type":"Feature","properties":{"osm_id":"node/11348379991","name":null,"species":null,"height":null,"source":"OpenStreetMap contributors","kind":"tree"},"geometry":{"type":"Point","coordinates":[14.4914414,35.8771967]}},{"type":"Feature","properties":{"osm_id":"node/11348379992","name":null,"species":null,"height":null,"source":"OpenStreetMap contributors","kind":"tree"},"geometry":{"type":"Point","coordinates":[14.4914548,35.8772858]}},{"type":"Feature","properties":{"osm_id":"node/11348379993","name":null,"species":null,"height":null,"source":"OpenStreetMap contributors","kind":"tree"},"geometry":{"type":"Point","coordinates":[14.4924392,35.8766511]}},{"type":"Feature","properties":{"osm_id":"node/11348379994","name":null,"species":null,"height":null,"source":"OpenStreetMap contributors","kind":"tree"},"geometry":{"type":"Point","coordinates":[14.4933726,35.8765381]}},{"type":"Feature","properties":{"osm_id":"node/11348379995","name":null,"species":null,"height":null,"source":"OpenStreetMap contributors","kind":"tree"},"geometry":{"type":"Point","coordinates":[14.4941773,35.8765121]}},{"type":"Feature","properties":{"osm_id":"node/11348379996","name":null,"species":null,"height":null,"source":"OpenStreetMap contributors","kind":"tree"},"geometry":{"type":"Point","coordinates":[14.4938822,35.8763882]}},{"type":"Feature","properties":{"osm_id":"node/11348432572","name":null,"species":null,"height":null,"source":"OpenStreetMap contributors","kind":"tree"},"geometry":{"type":"Point","coordinates":[14.3760345,35.8804389]}},{"type":"Feature","properties":{"osm_id":"node/11348432573","name":null,"species":null,"height":null,"source":"OpenStreetMap contributors","kind":"tree"},"geometry":{"type":"Point","coordinates":[14.3760774,35.8803998]}},{"type":"Feature","properties":{"osm_id":"node/11348432574","name":null,"species":null,"height":null,"source":"OpenStreetMap contributors","kind":"tree"},"geometry":{"type":"Point","coordinates":[14.3760519,35.8805204]}},{"type":"Feature","properties":{"osm_id":"node/11348432575","name":null,"species":null,"height":null,"source":"OpenStreetMap contributors","kind":"tree"},"geometry":{"type":"Point","coordinates":[14.376005,35.880503]}},{"type":"Feature","properties":{"osm_id":"node/11348432576","name":null,"species":null,"height":null,"source":"OpenStreetMap contributors","kind":"tree"},"geometry":{"type":"Point","coordinates":[14.3759755,35.8804639]}},{"type":"Feature","properties":{"osm_id":"node/11348432577","name":null,"species":null,"height":null,"source":"OpenStreetMap contributors","kind":"tree"},"geometry":{"type":"Point","coordinates":[14.3760801,35.8804519]}},{"type":"Feature","properties":{"osm_id":"node/11364158675","name":null,"species":null,"height":null,"source":"OpenStreetMap contributors","kind":"tree"},"geometry":{"type":"Point","coordinates":[14.503681,35.8245669]}},{"type":"Feature","properties":{"osm_id":"node/11364158676","name":null,"species":null,"height":null,"source":"OpenStreetMap contributors","kind":"tree"},"geometry":{"type":"Point","coordinates":[14.5036925,35.8246214]}},{"type":"Feature","properties":{"osm_id":"node/11364158677","name":null,"species":null,"height":null,"source":"OpenStreetMap contributors","kind":"tree"},"geometry":{"type":"Point","coordinates":[14.5037014,35.8246731]}},{"type":"Feature","properties":{"osm_id":"node/11364158678","name":null,"species":null,"height":null,"source":"OpenStreetMap contributors","kind":"tree"},"geometry":{"type":"Point","coordinates":[14.5037085,35.8247283]}},{"type":"Feature","properties":{"osm_id":"node/11364158679","name":null,"species":null,"height":null,"source":"OpenStreetMap contributors","kind":"tree"},"geometry":{"type":"Point","coordinates":[14.5037147,35.8247879]}},{"type":"Feature","properties":{"osm_id":"node/11364158680","name":null,"species":null,"height":null,"source":"OpenStreetMap contributors","kind":"tree"},"geometry":{"type":"Point","coordinates":[14.5037217,35.8248388]}},{"type":"Feature","properties":{"osm_id":"node/11364158681","name":null,"species":null,"height":null,"source":"OpenStreetMap contributors","kind":"tree"},"geometry":{"type":"Point","coordinates":[14.5037315,35.824894]}},{"type":"Feature","properties":{"osm_id":"node/11364158682","name":null,"species":null,"height":null,"source":"OpenStreetMap contributors","kind":"tree"},"geometry":{"type":"Point","coordinates":[14.5037359,35.8249478]}},{"type":"Feature","properties":{"osm_id":"node/11364158683","name":null,"species":null,"height":null,"source":"OpenStreetMap contributors","kind":"tree"},"geometry":{"type":"Point","coordinates":[14.5037412,35.8249981]}},{"type":"Feature","properties":{"osm_id":"node/11364158684","name":null,"species":null,"height":null,"source":"OpenStreetMap contributors","kind":"tree"},"geometry":{"type":"Point","coordinates":[14.5035308,35.8242809]}},{"type":"Feature","properties":{"osm_id":"node/11364158685","name":null,"species":null,"height":null,"source":"OpenStreetMap contributors","kind":"tree"},"geometry":{"type":"Point","coordinates":[14.5035348,35.8243666]}},{"type":"Feature","properties":{"osm_id":"node/11364158686","name":null,"species":null,"height":null,"source":"OpenStreetMap contributors","kind":"tree"},"geometry":{"type":"Point","coordinates":[14.5032929,35.8245067]}},{"type":"Feature","properties":{"osm_id":"node/11364158687","name":null,"species":null,"height":null,"source":"OpenStreetMap contributors","kind":"tree"},"geometry":{"type":"Point","coordinates":[14.5031994,35.8244984]}},{"type":"Feature","properties":{"osm_id":"node/11418685531","name":null,"species":null,"height":null,"source":"OpenStreetMap contributors","kind":"tree"},"geometry":{"type":"Point","coordinates":[14.5299003,35.8836432]}},{"type":"Feature","properties":{"osm_id":"node/11464626342","name":null,"species":null,"height":null,"source":"OpenStreetMap contributors","kind":"tree"},"geometry":{"type":"Point","coordinates":[14.4789703,35.8784661]}},{"type":"Feature","properties":{"osm_id":"node/11464626344","name":null,"species":null,"height":null,"source":"OpenStreetMap contributors","kind":"tree"},"geometry":{"type":"Point","coordinates":[14.4790239,35.878491]}},{"type":"Feature","properties":{"osm_id":"node/11500338334","name":null,"species":null,"height":null,"source":"OpenStreetMap contributors","kind":"tree"},"geometry":{"type":"Point","coordinates":[14.4409632,35.8628635]}},{"type":"Feature","properties":{"osm_id":"node/11500338335","name":null,"species":null,"height":null,"source":"OpenStreetMap contributors","kind":"tree"},"geometry":{"type":"Point","coordinates":[14.4409953,35.8628798]}},{"type":"Feature","properties":{"osm_id":"node/11500338336","name":null,"species":null,"height":null,"source":"OpenStreetMap contributors","kind":"tree"},"geometry":{"type":"Point","coordinates":[14.4410342,35.8628917]}},{"type":"Feature","properties":{"osm_id":"node/11500338337","name":null,"species":null,"height":null,"source":"OpenStreetMap contributors","kind":"tree"},"geometry":{"type":"Point","coordinates":[14.4412233,35.8629678]}},{"type":"Feature","properties":{"osm_id":"node/11500338338","name":null,"species":null,"height":null,"source":"OpenStreetMap contributors","kind":"tree"},"geometry":{"type":"Point","coordinates":[14.4411187,35.8629428]}},{"type":"Feature","properties":{"osm_id":"node/11500338339","name":null,"species":null,"height":null,"source":"OpenStreetMap contributors","kind":"tree"},"geometry":{"type":"Point","coordinates":[14.4412595,35.8630015]}},{"type":"Feature","properties":{"osm_id":"node/11500338340","name":null,"species":null,"height":null,"source":"OpenStreetMap contributors","kind":"tree"},"geometry":{"type":"Point","coordinates":[14.4412931,35.8630569]}},{"type":"Feature","properties":{"osm_id":"node/11500338341","name":null,"species":null,"height":null,"source":"OpenStreetMap contributors","kind":"tree"},"geometry":{"type":"Point","coordinates":[14.4410906,35.8631526]}},{"type":"Feature","properties":{"osm_id":"node/11500338342","name":null,"species":null,"height":null,"source":"OpenStreetMap contributors","kind":"tree"},"geometry":{"type":"Point","coordinates":[14.4412274,35.8632124]}},{"type":"Feature","properties":{"osm_id":"node/11500338343","name":null,"species":null,"height":null,"source":"OpenStreetMap contributors","kind":"tree"},"geometry":{"type":"Point","coordinates":[14.4414285,35.8631243]}},{"type":"Feature","properties":{"osm_id":"node/11500338344","name":null,"species":null,"height":null,"source":"OpenStreetMap contributors","kind":"tree"},"geometry":{"type":"Point","coordinates":[14.4414781,35.8631569]}},{"type":"Feature","properties":{"osm_id":"node/11500338345","name":null,"species":null,"height":null,"source":"OpenStreetMap contributors","kind":"tree"},"geometry":{"type":"Point","coordinates":[14.4415546,35.8632026]}},{"type":"Feature","properties":{"osm_id":"node/11500338346","name":null,"species":null,"height":null,"source":"OpenStreetMap contributors","kind":"tree"},"geometry":{"type":"Point","coordinates":[14.441627,35.8632363]}},{"type":"Feature","properties":{"osm_id":"node/11500338347","name":null,"species":null,"height":null,"source":"OpenStreetMap contributors","kind":"tree"},"geometry":{"type":"Point","coordinates":[14.4417383,35.8633015]}},{"type":"Feature","properties":{"osm_id":"node/11500338348","name":null,"species":null,"height":null,"source":"OpenStreetMap contributors","kind":"tree"},"geometry":{"type":"Point","coordinates":[14.441678,35.8632732]}},{"type":"Feature","properties":{"osm_id":"node/11500338349","name":null,"species":null,"height":null,"source":"OpenStreetMap contributors","kind":"tree"},"geometry":{"type":"Point","coordinates":[14.4418376,35.8633645]}},{"type":"Feature","properties":{"osm_id":"node/11500338350","name":null,"species":null,"height":null,"source":"OpenStreetMap contributors","kind":"tree"},"geometry":{"type":"Point","coordinates":[14.4408612,35.8629939]}},{"type":"Feature","properties":{"osm_id":"node/11505441154","name":null,"species":null,"height":null,"source":"OpenStreetMap contributors","kind":"tree"},"geometry":{"type":"Point","coordinates":[14.4955427,35.9017619]}},{"type":"Feature","properties":{"osm_id":"node/11505441155","name":null,"species":null,"height":null,"source":"OpenStreetMap contributors","kind":"tree"},"geometry":{"type":"Point","coordinates":[14.4953644,35.901661]}},{"type":"Feature","properties":{"osm_id":"node/11505441156","name":null,"species":null,"height":null,"source":"OpenStreetMap contributors","kind":"tree"},"geometry":{"type":"Point","coordinates":[14.4951853,35.9017084]}},{"type":"Feature","properties":{"osm_id":"node/11505441157","name":null,"species":null,"height":null,"source":"OpenStreetMap contributors","kind":"tree"},"geometry":{"type":"Point","coordinates":[14.4951511,35.9017737]}},{"type":"Feature","properties":{"osm_id":"node/11505441158","name":null,"species":null,"height":null,"source":"OpenStreetMap contributors","kind":"tree"},"geometry":{"type":"Point","coordinates":[14.4951267,35.9019577]}},{"type":"Feature","properties":{"osm_id":"node/11505441159","name":null,"species":null,"height":null,"source":"OpenStreetMap contributors","kind":"tree"},"geometry":{"type":"Point","coordinates":[14.4953221,35.9021022]}},{"type":"Feature","properties":{"osm_id":"node/11505441160","name":null,"species":null,"height":null,"source":"OpenStreetMap contributors","kind":"tree"},"geometry":{"type":"Point","coordinates":[14.4953701,35.9021351]}},{"type":"Feature","properties":{"osm_id":"node/11505441161","name":null,"species":null,"height":null,"source":"OpenStreetMap contributors","kind":"tree"},"geometry":{"type":"Point","coordinates":[14.4954491,35.90206]}},{"type":"Feature","properties":{"osm_id":"node/11505441162","name":null,"species":null,"height":null,"source":"OpenStreetMap contributors","kind":"tree"},"geometry":{"type":"Point","coordinates":[14.4955818,35.9018753]}},{"type":"Feature","properties":{"osm_id":"node/11505441163","name":null,"species":null,"height":null,"source":"OpenStreetMap contributors","kind":"tree"},"geometry":{"type":"Point","coordinates":[14.4950851,35.9024471]}},{"type":"Feature","properties":{"osm_id":"node/11505441164","name":null,"species":null,"height":null,"source":"OpenStreetMap contributors","kind":"tree"},"geometry":{"type":"Point","coordinates":[14.495112,35.9025104]}},{"type":"Feature","properties":{"osm_id":"node/11505441165","name":null,"species":null,"height":null,"source":"OpenStreetMap contributors","kind":"tree"},"geometry":{"type":"Point","coordinates":[14.4954491,35.9023554]}},{"type":"Feature","properties":{"osm_id":"node/11505441166","name":null,"species":null,"height":null,"source":"OpenStreetMap contributors","kind":"tree"},"geometry":{"type":"Point","coordinates":[14.4955134,35.9023904]}},{"type":"Feature","properties":{"osm_id":"node/11505441167","name":null,"species":null,"height":null,"source":"OpenStreetMap contributors","kind":"tree"},"geometry":{"type":"Point","coordinates":[14.495296,35.9024168]}},{"type":"Feature","properties":{"osm_id":"node/11505441168","name":null,"species":null,"height":null,"source":"OpenStreetMap contributors","kind":"tree"},"geometry":{"type":"Point","coordinates":[14.4953579,35.9024702]}},{"type":"Feature","properties":{"osm_id":"node/11505447869","name":null,"species":null,"height":null,"source":"OpenStreetMap contributors","kind":"tree"},"geometry":{"type":"Point","coordinates":[14.4953131,35.9025909]}},{"type":"Feature","properties":{"osm_id":"node/11505447870","name":null,"species":null,"height":null,"source":"OpenStreetMap contributors","kind":"tree"},"geometry":{"type":"Point","coordinates":[14.495397,35.9026865]}},{"type":"Feature","properties":{"osm_id":"node/11505447871","name":null,"species":null,"height":null,"source":"OpenStreetMap contributors","kind":"tree"},"geometry":{"type":"Point","coordinates":[14.4954133,35.902242]}},{"type":"Feature","properties":{"osm_id":"node/11505447872","name":null,"species":null,"height":null,"source":"OpenStreetMap contributors","kind":"tree"},"geometry":{"type":"Point","coordinates":[14.4954898,35.9022222]}},{"type":"Feature","properties":{"osm_id":"node/11505447873","name":null,"species":null,"height":null,"source":"OpenStreetMap contributors","kind":"tree"},"geometry":{"type":"Point","coordinates":[14.495099,35.9029041]}},{"type":"Feature","properties":{"osm_id":"node/11505447874","name":null,"species":null,"height":null,"source":"OpenStreetMap contributors","kind":"tree"},"geometry":{"type":"Point","coordinates":[14.4951421,35.9029562]}},{"type":"Feature","properties":{"osm_id":"node/11505447875","name":null,"species":null,"height":null,"source":"OpenStreetMap contributors","kind":"tree"},"geometry":{"type":"Point","coordinates":[14.4952056,35.9029569]}},{"type":"Feature","properties":{"osm_id":"node/11505447876","name":null,"species":null,"height":null,"source":"OpenStreetMap contributors","kind":"tree"},"geometry":{"type":"Point","coordinates":[14.495191,35.9031501]}},{"type":"Feature","properties":{"osm_id":"node/11505447877","name":null,"species":null,"height":null,"source":"OpenStreetMap contributors","kind":"tree"},"geometry":{"type":"Point","coordinates":[14.4949133,35.90255]}},{"type":"Feature","properties":{"osm_id":"node/11505447878","name":null,"species":null,"height":null,"source":"OpenStreetMap contributors","kind":"tree"},"geometry":{"type":"Point","coordinates":[14.494937,35.9016478]}},{"type":"Feature","properties":{"osm_id":"node/11505447879","name":null,"species":null,"height":null,"source":"OpenStreetMap contributors","kind":"tree"},"geometry":{"type":"Point","coordinates":[14.4957178,35.9014987]}},{"type":"Feature","properties":{"osm_id":"node/11505447880","name":null,"species":null,"height":null,"source":"OpenStreetMap contributors","kind":"tree"},"geometry":{"type":"Point","coordinates":[14.4959254,35.9012343]}},{"type":"Feature","properties":{"osm_id":"node/11505447881","name":null,"species":null,"height":null,"source":"OpenStreetMap contributors","kind":"tree"},"geometry":{"type":"Point","coordinates":[14.4961045,35.9011597]}},{"type":"Feature","properties":{"osm_id":"node/11505447882","name":null,"species":null,"height":null,"source":"OpenStreetMap contributors","kind":"tree"},"geometry":{"type":"Point","coordinates":[14.4962641,35.9011235]}},{"type":"Feature","properties":{"osm_id":"node/11505447883","name":null,"species":null,"height":null,"source":"OpenStreetMap contributors","kind":"tree"},"geometry":{"type":"Point","coordinates":[14.496396,35.9011373]}},{"type":"Feature","properties":{"osm_id":"node/11505447884","name":null,"species":null,"height":null,"source":"OpenStreetMap contributors","kind":"tree"},"geometry":{"type":"Point","coordinates":[14.4963854,35.901103]}},{"type":"Feature","properties":{"osm_id":"node/11505447885","name":null,"species":null,"height":null,"source":"OpenStreetMap contributors","kind":"tree"},"geometry":{"type":"Point","coordinates":[14.4958814,35.9017098]}},{"type":"Feature","properties":{"osm_id":"node/11505447886","name":null,"species":null,"height":null,"source":"OpenStreetMap contributors","kind":"tree"},"geometry":{"type":"Point","coordinates":[14.4953001,35.9018298]}},{"type":"Feature","properties":{"osm_id":"node/11505447887","name":null,"species":null,"height":null,"source":"OpenStreetMap contributors","kind":"tree"},"geometry":{"type":"Point","coordinates":[14.495011,35.9021398]}},{"type":"Feature","properties":{"osm_id":"node/11505447888","name":null,"species":null,"height":null,"source":"OpenStreetMap contributors","kind":"tree"},"geometry":{"type":"Point","coordinates":[14.495328,35.9013163]}},{"type":"Feature","properties":{"osm_id":"node/11505447889","name":null,"species":null,"height":null,"source":"OpenStreetMap contributors","kind":"tree"},"geometry":{"type":"Point","coordinates":[14.4956792,35.9013024]}},{"type":"Feature","properties":{"osm_id":"node/11505447890","name":null,"species":null,"height":null,"source":"OpenStreetMap contributors","kind":"tree"},"geometry":{"type":"Point","coordinates":[14.4957484,35.9013051]}},{"type":"Feature","properties":{"osm_id":"node/11505447891","name":null,"species":null,"height":null,"source":"OpenStreetMap contributors","kind":"tree"},"geometry":{"type":"Point","coordinates":[14.4957638,35.9012338]}},{"type":"Feature","properties":{"osm_id":"node/11505447892","name":null,"species":null,"height":null,"source":"OpenStreetMap contributors","kind":"tree"},"geometry":{"type":"Point","coordinates":[14.4955538,35.9012193]}},{"type":"Feature","properties":{"osm_id":"node/11578490325","name":null,"species":null,"height":null,"source":"OpenStreetMap contributors","kind":"tree"},"geometry":{"type":"Point","coordinates":[14.5112604,35.9072848]}},{"type":"Feature","properties":{"osm_id":"node/11578493787","name":null,"species":null,"height":null,"source":"OpenStreetMap contributors","kind":"tree"},"geometry":{"type":"Point","coordinates":[14.5110216,35.9070842]}},{"type":"Feature","properties":{"osm_id":"node/11578521738","name":null,"species":null,"height":null,"source":"OpenStreetMap contributors","kind":"tree"},"geometry":{"type":"Point","coordinates":[14.5113456,35.9073571]}},{"type":"Feature","properties":{"osm_id":"node/11578529084","name":null,"species":null,"height":null,"source":"OpenStreetMap contributors","kind":"tree"},"geometry":{"type":"Point","coordinates":[14.5114379,35.9074375]}},{"type":"Feature","properties":{"osm_id":"node/11578530352","name":null,"species":null,"height":null,"source":"OpenStreetMap contributors","kind":"tree"},"geometry":{"type":"Point","coordinates":[14.5110745,35.9071328]}},{"type":"Feature","properties":{"osm_id":"node/11578531475","name":null,"species":null,"height":null,"source":"OpenStreetMap contributors","kind":"tree"},"geometry":{"type":"Point","coordinates":[14.5111112,35.9071628]}},{"type":"Feature","properties":{"osm_id":"node/11587092206","name":null,"species":null,"height":null,"source":"OpenStreetMap contributors","kind":"tree"},"geometry":{"type":"Point","coordinates":[14.3782882,35.9487483]}},{"type":"Feature","properties":{"osm_id":"node/11794951126","name":null,"species":null,"height":null,"source":"OpenStreetMap contributors","kind":"tree"},"geometry":{"type":"Point","coordinates":[14.5291544,35.8880724]}},{"type":"Feature","properties":{"osm_id":"node/11794951137","name":null,"species":null,"height":null,"source":"OpenStreetMap contributors","kind":"tree"},"geometry":{"type":"Point","coordinates":[14.5293624,35.8882233]}},{"type":"Feature","properties":{"osm_id":"node/11794951138","name":null,"species":null,"height":null,"source":"OpenStreetMap contributors","kind":"tree"},"geometry":{"type":"Point","coordinates":[14.5292825,35.8881576]}},{"type":"Feature","properties":{"osm_id":"node/11794951139","name":null,"species":null,"height":null,"source":"OpenStreetMap contributors","kind":"tree"},"geometry":{"type":"Point","coordinates":[14.5293226,35.8881184]}},{"type":"Feature","properties":{"osm_id":"node/11794951140","name":null,"species":null,"height":null,"source":"OpenStreetMap contributors","kind":"tree"},"geometry":{"type":"Point","coordinates":[14.5294725,35.8881685]}},{"type":"Feature","properties":{"osm_id":"node/11794951141","name":null,"species":null,"height":null,"source":"OpenStreetMap contributors","kind":"tree"},"geometry":{"type":"Point","coordinates":[14.5295201,35.8881207]}},{"type":"Feature","properties":{"osm_id":"node/11794951142","name":null,"species":null,"height":null,"source":"OpenStreetMap contributors","kind":"tree"},"geometry":{"type":"Point","coordinates":[14.5294726,35.8880668]}},{"type":"Feature","properties":{"osm_id":"node/11794951143","name":null,"species":null,"height":null,"source":"OpenStreetMap contributors","kind":"tree"},"geometry":{"type":"Point","coordinates":[14.5295876,35.888019]}},{"type":"Feature","properties":{"osm_id":"node/11865639173","name":null,"species":null,"height":null,"source":"OpenStreetMap contributors","kind":"tree"},"geometry":{"type":"Point","coordinates":[14.4304846,35.9096061]}},{"type":"Feature","properties":{"osm_id":"node/11900291372","name":null,"species":null,"height":null,"source":"OpenStreetMap contributors","kind":"tree"},"geometry":{"type":"Point","coordinates":[14.4485336,35.9018407]}},{"type":"Feature","properties":{"osm_id":"node/11900291373","name":null,"species":null,"height":null,"source":"OpenStreetMap contributors","kind":"tree"},"geometry":{"type":"Point","coordinates":[14.4485733,35.9018076]}},{"type":"Feature","properties":{"osm_id":"node/11900291374","name":null,"species":null,"height":null,"source":"OpenStreetMap contributors","kind":"tree"},"geometry":{"type":"Point","coordinates":[14.4486153,35.9017849]}},{"type":"Feature","properties":{"osm_id":"node/11900291375","name":null,"species":null,"height":null,"source":"OpenStreetMap contributors","kind":"tree"},"geometry":{"type":"Point","coordinates":[14.4486655,35.9017736]}},{"type":"Feature","properties":{"osm_id":"node/11900291376","name":null,"species":null,"height":null,"source":"OpenStreetMap contributors","kind":"tree"},"geometry":{"type":"Point","coordinates":[14.4487297,35.901767]}},{"type":"Feature","properties":{"osm_id":"node/11900291377","name":null,"species":null,"height":null,"source":"OpenStreetMap contributors","kind":"tree"},"geometry":{"type":"Point","coordinates":[14.4484379,35.9018682]}},{"type":"Feature","properties":{"osm_id":"node/11900291378","name":null,"species":null,"height":null,"source":"OpenStreetMap contributors","kind":"tree"},"geometry":{"type":"Point","coordinates":[14.4484017,35.9018634]}},{"type":"Feature","properties":{"osm_id":"node/11900291379","name":null,"species":null,"height":null,"source":"OpenStreetMap contributors","kind":"tree"},"geometry":{"type":"Point","coordinates":[14.4483433,35.9018568]}},{"type":"Feature","properties":{"osm_id":"node/11900291380","name":null,"species":null,"height":null,"source":"OpenStreetMap contributors","kind":"tree"},"geometry":{"type":"Point","coordinates":[14.4482931,35.9018445]}},{"type":"Feature","properties":{"osm_id":"node/11900291381","name":null,"species":null,"height":null,"source":"OpenStreetMap contributors","kind":"tree"},"geometry":{"type":"Point","coordinates":[14.4482592,35.9018407]}},{"type":"Feature","properties":{"osm_id":"node/11900291382","name":null,"species":null,"height":null,"source":"OpenStreetMap contributors","kind":"tree"},"geometry":{"type":"Point","coordinates":[14.4484694,35.9019845]}},{"type":"Feature","properties":{"osm_id":"node/11900291383","name":null,"species":null,"height":null,"source":"OpenStreetMap contributors","kind":"tree"},"geometry":{"type":"Point","coordinates":[14.4484916,35.9020138]}},{"type":"Feature","properties":{"osm_id":"node/11900291384","name":null,"species":null,"height":null,"source":"OpenStreetMap contributors","kind":"tree"},"geometry":{"type":"Point","coordinates":[14.4485219,35.902063]}},{"type":"Feature","properties":{"osm_id":"node/11900291385","name":null,"species":null,"height":null,"source":"OpenStreetMap contributors","kind":"tree"},"geometry":{"type":"Point","coordinates":[14.4485535,35.9020998]}},{"type":"Feature","properties":{"osm_id":"node/11900291386","name":null,"species":null,"height":null,"source":"OpenStreetMap contributors","kind":"tree"},"geometry":{"type":"Point","coordinates":[14.4491162,35.9020667]}},{"type":"Feature","properties":{"osm_id":"node/11900291387","name":null,"species":null,"height":null,"source":"OpenStreetMap contributors","kind":"tree"},"geometry":{"type":"Point","coordinates":[14.4492096,35.9020781]}},{"type":"Feature","properties":{"osm_id":"node/11900291388","name":null,"species":null,"height":null,"source":"OpenStreetMap contributors","kind":"tree"},"geometry":{"type":"Point","coordinates":[14.4492668,35.9020838]}},{"type":"Feature","properties":{"osm_id":"node/11900291389","name":null,"species":null,"height":null,"source":"OpenStreetMap contributors","kind":"tree"},"geometry":{"type":"Point","coordinates":[14.4493135,35.9020942]}},{"type":"Feature","properties":{"osm_id":"node/11900291390","name":null,"species":null,"height":null,"source":"OpenStreetMap contributors","kind":"tree"},"geometry":{"type":"Point","coordinates":[14.4493707,35.9021036]}},{"type":"Feature","properties":{"osm_id":"node/11900291391","name":null,"species":null,"height":null,"source":"OpenStreetMap contributors","kind":"tree"},"geometry":{"type":"Point","coordinates":[14.4494186,35.9021103]}},{"type":"Feature","properties":{"osm_id":"node/11900291392","name":null,"species":null,"height":null,"source":"OpenStreetMap contributors","kind":"tree"},"geometry":{"type":"Point","coordinates":[14.4494664,35.9021131]}},{"type":"Feature","properties":{"osm_id":"node/11900291393","name":null,"species":null,"height":null,"source":"OpenStreetMap contributors","kind":"tree"},"geometry":{"type":"Point","coordinates":[14.449512,35.902114]}},{"type":"Feature","properties":{"osm_id":"node/11935219264","name":null,"species":"Arundo donax","height":null,"source":"OpenStreetMap contributors","kind":"tree"},"geometry":{"type":"Point","coordinates":[14.4816385,35.9296962]}},{"type":"Feature","properties":{"osm_id":"node/11935219265","name":null,"species":null,"height":null,"source":"OpenStreetMap contributors","kind":"tree"},"geometry":{"type":"Point","coordinates":[14.4820646,35.929253]}},{"type":"Feature","properties":{"osm_id":"node/11935219266","name":null,"species":"Nerium oleander","height":null,"source":"OpenStreetMap contributors","kind":"tree"},"geometry":{"type":"Point","coordinates":[14.4832113,35.9296261]}},{"type":"Feature","properties":{"osm_id":"node/11935219267","name":null,"species":"Arundo donax","height":null,"source":"OpenStreetMap contributors","kind":"tree"},"geometry":{"type":"Point","coordinates":[14.4832976,35.9295974]}},{"type":"Feature","properties":{"osm_id":"node/11935219268","name":null,"species":null,"height":null,"source":"OpenStreetMap contributors","kind":"tree"},"geometry":{"type":"Point","coordinates":[14.4833706,35.9296119]}},{"type":"Feature","properties":{"osm_id":"node/11935243369","name":null,"species":"Acacia neriifolia","height":null,"source":"OpenStreetMap contributors","kind":"tree"},"geometry":{"type":"Point","coordinates":[14.4833775,35.9296085]}},{"type":"Feature","properties":{"osm_id":"node/11935243370","name":null,"species":"Acacia neriifolia","height":null,"source":"OpenStreetMap contributors","kind":"tree"},"geometry":{"type":"Point","coordinates":[14.4843965,35.9306232]}},{"type":"Feature","properties":{"osm_id":"node/11935243371","name":null,"species":"Acacia neriifolia","height":null,"source":"OpenStreetMap contributors","kind":"tree"},"geometry":{"type":"Point","coordinates":[14.4845823,35.9310029]}},{"type":"Feature","properties":{"osm_id":"node/11935243372","name":"Mousehole tree","species":null,"height":null,"source":"OpenStreetMap contributors","kind":"tree"},"geometry":{"type":"Point","coordinates":[14.4850123,35.9314112]}},{"type":"Feature","properties":{"osm_id":"node/11935243374","name":null,"species":null,"height":null,"source":"OpenStreetMap contributors","kind":"tree"},"geometry":{"type":"Point","coordinates":[14.4828937,35.9329041]}},{"type":"Feature","properties":{"osm_id":"node/11935243375","name":null,"species":"Ricinus communis","height":null,"source":"OpenStreetMap contributors","kind":"tree"},"geometry":{"type":"Point","coordinates":[14.4797333,35.9319889]}},{"type":"Feature","properties":{"osm_id":"node/11935243376","name":"Tree of heaven","species":"Ailanthus altissima","height":null,"source":"OpenStreetMap contributors","kind":"tree"},"geometry":{"type":"Point","coordinates":[14.4797119,35.9318868]}},{"type":"Feature","properties":{"osm_id":"node/11935243377","name":null,"species":null,"height":null,"source":"OpenStreetMap contributors","kind":"tree"},"geometry":{"type":"Point","coordinates":[14.4790601,35.9319672]}},{"type":"Feature","properties":{"osm_id":"node/11935243378","name":null,"species":null,"height":null,"source":"OpenStreetMap contributors","kind":"tree"},"geometry":{"type":"Point","coordinates":[14.478875,35.9322582]}},{"type":"Feature","properties":{"osm_id":"node/11935243379","name":null,"species":null,"height":null,"source":"OpenStreetMap contributors","kind":"tree"},"geometry":{"type":"Point","coordinates":[14.4787758,35.9324319]}},{"type":"Feature","properties":{"osm_id":"node/11935243380","name":null,"species":null,"height":null,"source":"OpenStreetMap contributors","kind":"tree"},"geometry":{"type":"Point","coordinates":[14.4787436,35.9324754]}},{"type":"Feature","properties":{"osm_id":"node/11935243381","name":"Tree of Heaven","species":"Ailanthus altissima","height":null,"source":"OpenStreetMap contributors","kind":"tree"},"geometry":{"type":"Point","coordinates":[14.4785666,35.9325101]}},{"type":"Feature","properties":{"osm_id":"node/11935243382","name":"Great reed","species":null,"height":null,"source":"OpenStreetMap contributors","kind":"tree"},"geometry":{"type":"Point","coordinates":[14.4784649,35.9324812]}},{"type":"Feature","properties":{"osm_id":"node/11935243383","name":null,"species":null,"height":null,"source":"OpenStreetMap contributors","kind":"tree"},"geometry":{"type":"Point","coordinates":[14.4784649,35.9324775]}},{"type":"Feature","properties":{"osm_id":"node/11935243384","name":null,"species":"Pinus halepensis","height":null,"source":"OpenStreetMap contributors","kind":"tree"},"geometry":{"type":"Point","coordinates":[14.4802465,35.9348051]}},{"type":"Feature","properties":{"osm_id":"node/11985699243","name":null,"species":null,"height":null,"source":"OpenStreetMap contributors","kind":"tree"},"geometry":{"type":"Point","coordinates":[14.5242957,35.8125512]}},{"type":"Feature","properties":{"osm_id":"node/11985699244","name":null,"species":null,"height":null,"source":"OpenStreetMap contributors","kind":"tree"},"geometry":{"type":"Point","coordinates":[14.5243798,35.8125777]}},{"type":"Feature","properties":{"osm_id":"node/11985699245","name":null,"species":null,"height":null,"source":"OpenStreetMap contributors","kind":"tree"},"geometry":{"type":"Point","coordinates":[14.524437,35.8126061]}},{"type":"Feature","properties":{"osm_id":"node/11985699246","name":null,"species":null,"height":null,"source":"OpenStreetMap contributors","kind":"tree"},"geometry":{"type":"Point","coordinates":[14.5245024,35.8126289]}},{"type":"Feature","properties":{"osm_id":"node/11985699247","name":null,"species":null,"height":null,"source":"OpenStreetMap contributors","kind":"tree"},"geometry":{"type":"Point","coordinates":[14.5245666,35.8126573]}},{"type":"Feature","properties":{"osm_id":"node/11985699248","name":null,"species":null,"height":null,"source":"OpenStreetMap contributors","kind":"tree"},"geometry":{"type":"Point","coordinates":[14.5246308,35.8126866]}},{"type":"Feature","properties":{"osm_id":"node/11985699249","name":null,"species":null,"height":null,"source":"OpenStreetMap contributors","kind":"tree"},"geometry":{"type":"Point","coordinates":[14.5247009,35.812716]}},{"type":"Feature","properties":{"osm_id":"node/12035088752","name":null,"species":null,"height":null,"source":"OpenStreetMap contributors","kind":"tree"},"geometry":{"type":"Point","coordinates":[14.3526222,35.9418738]}},{"type":"Feature","properties":{"osm_id":"node/12035088753","name":null,"species":null,"height":null,"source":"OpenStreetMap contributors","kind":"tree"},"geometry":{"type":"Point","coordinates":[14.3526599,35.9418756]}},{"type":"Feature","properties":{"osm_id":"node/12035088754","name":null,"species":null,"height":null,"source":"OpenStreetMap contributors","kind":"tree"},"geometry":{"type":"Point","coordinates":[14.352703,35.9418769]}},{"type":"Feature","properties":{"osm_id":"node/12035088755","name":null,"species":null,"height":null,"source":"OpenStreetMap contributors","kind":"tree"},"geometry":{"type":"Point","coordinates":[14.3527546,35.9418844]}},{"type":"Feature","properties":{"osm_id":"node/12035088756","name":null,"species":null,"height":null,"source":"OpenStreetMap contributors","kind":"tree"},"geometry":{"type":"Point","coordinates":[14.3527315,35.9419174]}},{"type":"Feature","properties":{"osm_id":"node/12035088757","name":null,"species":null,"height":null,"source":"OpenStreetMap contributors","kind":"tree"},"geometry":{"type":"Point","coordinates":[14.3526899,35.9419156]}},{"type":"Feature","properties":{"osm_id":"node/12035088758","name":null,"species":null,"height":null,"source":"OpenStreetMap contributors","kind":"tree"},"geometry":{"type":"Point","coordinates":[14.3526437,35.9419131]}},{"type":"Feature","properties":{"osm_id":"node/12035088759","name":null,"species":null,"height":null,"source":"OpenStreetMap contributors","kind":"tree"},"geometry":{"type":"Point","coordinates":[14.3527223,35.9419973]}},{"type":"Feature","properties":{"osm_id":"node/12035088760","name":null,"species":null,"height":null,"source":"OpenStreetMap contributors","kind":"tree"},"geometry":{"type":"Point","coordinates":[14.3527708,35.941827]}},{"type":"Feature","properties":{"osm_id":"node/12035088761","name":null,"species":null,"height":null,"source":"OpenStreetMap contributors","kind":"tree"},"geometry":{"type":"Point","coordinates":[14.3527924,35.9417291]}},{"type":"Feature","properties":{"osm_id":"node/12035088762","name":null,"species":null,"height":null,"source":"OpenStreetMap contributors","kind":"tree"},"geometry":{"type":"Point","coordinates":[14.3528078,35.9416549]}},{"type":"Feature","properties":{"osm_id":"node/12035088763","name":null,"species":null,"height":null,"source":"OpenStreetMap contributors","kind":"tree"},"geometry":{"type":"Point","coordinates":[14.3528124,35.9415557]}},{"type":"Feature","properties":{"osm_id":"node/12035088764","name":null,"species":null,"height":null,"source":"OpenStreetMap contributors","kind":"tree"},"geometry":{"type":"Point","coordinates":[14.3526584,35.941542]}},{"type":"Feature","properties":{"osm_id":"node/12035088765","name":null,"species":null,"height":null,"source":"OpenStreetMap contributors","kind":"tree"},"geometry":{"type":"Point","coordinates":[14.3526507,35.9415863]}},{"type":"Feature","properties":{"osm_id":"node/12035088766","name":null,"species":null,"height":null,"source":"OpenStreetMap contributors","kind":"tree"},"geometry":{"type":"Point","coordinates":[14.3526429,35.9416331]}},{"type":"Feature","properties":{"osm_id":"node/12035088767","name":null,"species":null,"height":null,"source":"OpenStreetMap contributors","kind":"tree"},"geometry":{"type":"Point","coordinates":[14.3526391,35.9416805]}},{"type":"Feature","properties":{"osm_id":"node/12035088768","name":null,"species":null,"height":null,"source":"OpenStreetMap contributors","kind":"tree"},"geometry":{"type":"Point","coordinates":[14.3526029,35.9419093]}},{"type":"Feature","properties":{"osm_id":"node/12035150569","name":null,"species":null,"height":null,"source":"OpenStreetMap contributors","kind":"tree"},"geometry":{"type":"Point","coordinates":[14.3527616,35.9416904]}},{"type":"Feature","properties":{"osm_id":"node/12174280216","name":null,"species":null,"height":null,"source":"OpenStreetMap contributors","kind":"tree"},"geometry":{"type":"Point","coordinates":[14.4356207,35.8715801]}},{"type":"Feature","properties":{"osm_id":"node/12179638812","name":null,"species":null,"height":null,"source":"OpenStreetMap contributors","kind":"tree"},"geometry":{"type":"Point","coordinates":[14.4726035,35.9004925]}},{"type":"Feature","properties":{"osm_id":"node/12179638813","name":null,"species":null,"height":null,"source":"OpenStreetMap contributors","kind":"tree"},"geometry":{"type":"Point","coordinates":[14.4725852,35.9005353]}},{"type":"Feature","properties":{"osm_id":"node/12179638814","name":null,"species":null,"height":null,"source":"OpenStreetMap contributors","kind":"tree"},"geometry":{"type":"Point","coordinates":[14.4726157,35.9004382]}},{"type":"Feature","properties":{"osm_id":"node/12181722368","name":null,"species":null,"height":null,"source":"OpenStreetMap contributors","kind":"tree"},"geometry":{"type":"Point","coordinates":[14.4764866,35.875254]}},{"type":"Feature","properties":{"osm_id":"node/12181722369","name":null,"species":null,"height":null,"source":"OpenStreetMap contributors","kind":"tree"},"geometry":{"type":"Point","coordinates":[14.4765566,35.8753392]}},{"type":"Feature","properties":{"osm_id":"node/12181722370","name":null,"species":null,"height":null,"source":"OpenStreetMap contributors","kind":"tree"},"geometry":{"type":"Point","coordinates":[14.476545,35.8754442]}},{"type":"Feature","properties":{"osm_id":"node/12181722371","name":null,"species":null,"height":null,"source":"OpenStreetMap contributors","kind":"tree"},"geometry":{"type":"Point","coordinates":[14.4764469,35.8755227]}},{"type":"Feature","properties":{"osm_id":"node/12181722372","name":null,"species":null,"height":null,"source":"OpenStreetMap contributors","kind":"tree"},"geometry":{"type":"Point","coordinates":[14.4762869,35.8755095]}},{"type":"Feature","properties":{"osm_id":"node/12181722373","name":null,"species":null,"height":null,"source":"OpenStreetMap contributors","kind":"tree"},"geometry":{"type":"Point","coordinates":[14.4762169,35.8754357]}},{"type":"Feature","properties":{"osm_id":"node/12181722374","name":null,"species":null,"height":null,"source":"OpenStreetMap contributors","kind":"tree"},"geometry":{"type":"Point","coordinates":[14.4762262,35.8753108]}},{"type":"Feature","properties":{"osm_id":"node/12181722375","name":null,"species":null,"height":null,"source":"OpenStreetMap contributors","kind":"tree"},"geometry":{"type":"Point","coordinates":[14.4763488,35.8752342]}},{"type":"Feature","properties":{"osm_id":"node/12193935648","name":null,"species":null,"height":null,"source":"OpenStreetMap contributors","kind":"tree"},"geometry":{"type":"Point","coordinates":[14.4389498,35.9111227]}},{"type":"Feature","properties":{"osm_id":"node/12211116413","name":null,"species":null,"height":null,"source":"OpenStreetMap contributors","kind":"tree"},"geometry":{"type":"Point","coordinates":[14.4802332,35.918935]}},{"type":"Feature","properties":{"osm_id":"node/12213497170","name":null,"species":null,"height":null,"source":"OpenStreetMap contributors","kind":"tree"},"geometry":{"type":"Point","coordinates":[14.4681741,35.9089422]}},{"type":"Feature","properties":{"osm_id":"node/12234417811","name":null,"species":null,"height":null,"source":"OpenStreetMap contributors","kind":"tree"},"geometry":{"type":"Point","coordinates":[14.5450614,35.8429237]}},{"type":"Feature","properties":{"osm_id":"node/12257887928","name":null,"species":null,"height":null,"source":"OpenStreetMap contributors","kind":"tree"},"geometry":{"type":"Point","coordinates":[14.3858318,35.8661025]}},{"type":"Feature","properties":{"osm_id":"node/12273246959","name":null,"species":null,"height":null,"source":"OpenStreetMap contributors","kind":"tree"},"geometry":{"type":"Point","coordinates":[14.434221,35.9038938]}},{"type":"Feature","properties":{"osm_id":"node/12273246960","name":null,"species":null,"height":null,"source":"OpenStreetMap contributors","kind":"tree"},"geometry":{"type":"Point","coordinates":[14.4342864,35.9038682]}},{"type":"Feature","properties":{"osm_id":"node/12285220210","name":null,"species":null,"height":null,"source":"OpenStreetMap contributors","kind":"tree"},"geometry":{"type":"Point","coordinates":[14.4943301,35.9094846]}},{"type":"Feature","properties":{"osm_id":"node/12285220211","name":null,"species":null,"height":null,"source":"OpenStreetMap contributors","kind":"tree"},"geometry":{"type":"Point","coordinates":[14.4943837,35.9095541]}},{"type":"Feature","properties":{"osm_id":"node/12285220212","name":null,"species":null,"height":null,"source":"OpenStreetMap contributors","kind":"tree"},"geometry":{"type":"Point","coordinates":[14.49442,35.9096138]}},{"type":"Feature","properties":{"osm_id":"node/12285220214","name":null,"species":null,"height":null,"source":"OpenStreetMap contributors","kind":"tree"},"geometry":{"type":"Point","coordinates":[14.4944696,35.9096671]}},{"type":"Feature","properties":{"osm_id":"node/12285220220","name":null,"species":null,"height":null,"source":"OpenStreetMap contributors","kind":"tree"},"geometry":{"type":"Point","coordinates":[14.4942563,35.9096389]}},{"type":"Feature","properties":{"osm_id":"node/12285220222","name":null,"species":null,"height":null,"source":"OpenStreetMap contributors","kind":"tree"},"geometry":{"type":"Point","coordinates":[14.4942966,35.9095606]}},{"type":"Feature","properties":{"osm_id":"node/12285220224","name":null,"species":null,"height":null,"source":"OpenStreetMap contributors","kind":"tree"},"geometry":{"type":"Point","coordinates":[14.4944145,35.9096845]}},{"type":"Feature","properties":{"osm_id":"node/12293806059","name":null,"species":null,"height":null,"source":"OpenStreetMap contributors","kind":"tree"},"geometry":{"type":"Point","coordinates":[14.504998,35.8476695]}},{"type":"Feature","properties":{"osm_id":"node/12293806060","name":null,"species":null,"height":null,"source":"OpenStreetMap contributors","kind":"tree"},"geometry":{"type":"Point","coordinates":[14.5050342,35.8477282]}},{"type":"Feature","properties":{"osm_id":"node/12293806061","name":null,"species":null,"height":null,"source":"OpenStreetMap contributors","kind":"tree"},"geometry":{"type":"Point","coordinates":[14.5051831,35.8479239]}},{"type":"Feature","properties":{"osm_id":"node/12293806062","name":null,"species":null,"height":null,"source":"OpenStreetMap contributors","kind":"tree"},"geometry":{"type":"Point","coordinates":[14.5053011,35.8480957]}},{"type":"Feature","properties":{"osm_id":"node/12323271581","name":null,"species":null,"height":null,"source":"OpenStreetMap contributors","kind":"tree"},"geometry":{"type":"Point","coordinates":[14.4688129,35.8831193]}},{"type":"Feature","properties":{"osm_id":"node/12337012981","name":null,"species":null,"height":null,"source":"OpenStreetMap contributors","kind":"tree"},"geometry":{"type":"Point","coordinates":[14.4949478,35.9144889]}},{"type":"Feature","properties":{"osm_id":"node/12337012982","name":null,"species":null,"height":null,"source":"OpenStreetMap contributors","kind":"tree"},"geometry":{"type":"Point","coordinates":[14.4949003,35.9145042]}},{"type":"Feature","properties":{"osm_id":"node/12337012983","name":null,"species":null,"height":null,"source":"OpenStreetMap contributors","kind":"tree"},"geometry":{"type":"Point","coordinates":[14.4949022,35.9144152]}},{"type":"Feature","properties":{"osm_id":"node/12337012984","name":null,"species":null,"height":null,"source":"OpenStreetMap contributors","kind":"tree"},"geometry":{"type":"Point","coordinates":[14.4948814,35.9143898]}},{"type":"Feature","properties":{"osm_id":"node/12337012985","name":null,"species":null,"height":null,"source":"OpenStreetMap contributors","kind":"tree"},"geometry":{"type":"Point","coordinates":[14.4948283,35.9144136]}},{"type":"Feature","properties":{"osm_id":"node/12337012986","name":null,"species":null,"height":null,"source":"OpenStreetMap contributors","kind":"tree"},"geometry":{"type":"Point","coordinates":[14.4949696,35.9143376]}},{"type":"Feature","properties":{"osm_id":"node/12337012987","name":null,"species":null,"height":null,"source":"OpenStreetMap contributors","kind":"tree"},"geometry":{"type":"Point","coordinates":[14.4948008,35.9143]}},{"type":"Feature","properties":{"osm_id":"node/12337012988","name":null,"species":null,"height":null,"source":"OpenStreetMap contributors","kind":"tree"},"geometry":{"type":"Point","coordinates":[14.4948501,35.9142784]}},{"type":"Feature","properties":{"osm_id":"node/12337012989","name":null,"species":null,"height":null,"source":"OpenStreetMap contributors","kind":"tree"},"geometry":{"type":"Point","coordinates":[14.4948947,35.9141978]}},{"type":"Feature","properties":{"osm_id":"node/12337012990","name":null,"species":null,"height":null,"source":"OpenStreetMap contributors","kind":"tree"},"geometry":{"type":"Point","coordinates":[14.4949677,35.9141663]}},{"type":"Feature","properties":{"osm_id":"node/12337012991","name":null,"species":null,"height":null,"source":"OpenStreetMap contributors","kind":"tree"},"geometry":{"type":"Point","coordinates":[14.4950464,35.9141371]}},{"type":"Feature","properties":{"osm_id":"node/12337012992","name":null,"species":null,"height":null,"source":"OpenStreetMap contributors","kind":"tree"},"geometry":{"type":"Point","coordinates":[14.4950426,35.9141986]}},{"type":"Feature","properties":{"osm_id":"node/12337012993","name":null,"species":null,"height":null,"source":"OpenStreetMap contributors","kind":"tree"},"geometry":{"type":"Point","coordinates":[14.4952759,35.914144]}},{"type":"Feature","properties":{"osm_id":"node/12337012994","name":null,"species":null,"height":null,"source":"OpenStreetMap contributors","kind":"tree"},"geometry":{"type":"Point","coordinates":[14.4955952,35.9144128]}},{"type":"Feature","properties":{"osm_id":"node/12337012995","name":null,"species":null,"height":null,"source":"OpenStreetMap contributors","kind":"tree"},"geometry":{"type":"Point","coordinates":[14.4955697,35.9143767]}},{"type":"Feature","properties":{"osm_id":"node/12337012996","name":null,"species":null,"height":null,"source":"OpenStreetMap contributors","kind":"tree"},"geometry":{"type":"Point","coordinates":[14.4955219,35.9142953]}},{"type":"Feature","properties":{"osm_id":"node/12337012997","name":null,"species":null,"height":null,"source":"OpenStreetMap contributors","kind":"tree"},"geometry":{"type":"Point","coordinates":[14.4955394,35.9141648]}},{"type":"Feature","properties":{"osm_id":"node/12337012998","name":null,"species":null,"height":null,"source":"OpenStreetMap contributors","kind":"tree"},"geometry":{"type":"Point","coordinates":[14.4958982,35.9143754]}},{"type":"Feature","properties":{"osm_id":"node/12337012999","name":null,"species":null,"height":null,"source":"OpenStreetMap contributors","kind":"tree"},"geometry":{"type":"Point","coordinates":[14.4960131,35.9143638]}},{"type":"Feature","properties":{"osm_id":"node/12337013000","name":null,"species":null,"height":null,"source":"OpenStreetMap contributors","kind":"tree"},"geometry":{"type":"Point","coordinates":[14.4961534,35.9144167]}},{"type":"Feature","properties":{"osm_id":"node/12337020901","name":null,"species":null,"height":null,"source":"OpenStreetMap contributors","kind":"tree"},"geometry":{"type":"Point","coordinates":[14.4957292,35.9147138]}},{"type":"Feature","properties":{"osm_id":"node/12337020902","name":null,"species":null,"height":null,"source":"OpenStreetMap contributors","kind":"tree"},"geometry":{"type":"Point","coordinates":[14.4958105,35.91475]}},{"type":"Feature","properties":{"osm_id":"node/12337020903","name":null,"species":null,"height":null,"source":"OpenStreetMap contributors","kind":"tree"},"geometry":{"type":"Point","coordinates":[14.4958982,35.9146828]}},{"type":"Feature","properties":{"osm_id":"node/12337020904","name":null,"species":null,"height":null,"source":"OpenStreetMap contributors","kind":"tree"},"geometry":{"type":"Point","coordinates":[14.4960179,35.9147048]}},{"type":"Feature","properties":{"osm_id":"node/12337020905","name":null,"species":null,"height":null,"source":"OpenStreetMap contributors","kind":"tree"},"geometry":{"type":"Point","coordinates":[14.4959716,35.9146389]}},{"type":"Feature","properties":{"osm_id":"node/12337064850","name":null,"species":null,"height":null,"source":"OpenStreetMap contributors","kind":"tree"},"geometry":{"type":"Point","coordinates":[14.494241,35.9141129]}},{"type":"Feature","properties":{"osm_id":"node/12337064851","name":null,"species":null,"height":null,"source":"OpenStreetMap contributors","kind":"tree"},"geometry":{"type":"Point","coordinates":[14.4941485,35.9139768]}},{"type":"Feature","properties":{"osm_id":"node/12337064852","name":null,"species":null,"height":null,"source":"OpenStreetMap contributors","kind":"tree"},"geometry":{"type":"Point","coordinates":[14.4941124,35.9139019]}},{"type":"Feature","properties":{"osm_id":"node/12337064853","name":null,"species":null,"height":null,"source":"OpenStreetMap contributors","kind":"tree"},"geometry":{"type":"Point","coordinates":[14.4939929,35.9137631]}},{"type":"Feature","properties":{"osm_id":"node/12337064854","name":null,"species":null,"height":null,"source":"OpenStreetMap contributors","kind":"tree"},"geometry":{"type":"Point","coordinates":[14.4939455,35.913849]}},{"type":"Feature","properties":{"osm_id":"node/12337064855","name":null,"species":null,"height":null,"source":"OpenStreetMap contributors","kind":"tree"},"geometry":{"type":"Point","coordinates":[14.4938993,35.913965]}},{"type":"Feature","properties":{"osm_id":"node/12337064856","name":null,"species":null,"height":null,"source":"OpenStreetMap contributors","kind":"tree"},"geometry":{"type":"Point","coordinates":[14.4938452,35.9140663]}},{"type":"Feature","properties":{"osm_id":"node/12337064857","name":null,"species":null,"height":null,"source":"OpenStreetMap contributors","kind":"tree"},"geometry":{"type":"Point","coordinates":[14.4938542,35.9141394]}},{"type":"Feature","properties":{"osm_id":"node/12337064858","name":null,"species":null,"height":null,"source":"OpenStreetMap contributors","kind":"tree"},"geometry":{"type":"Point","coordinates":[14.4940301,35.9141138]}},{"type":"Feature","properties":{"osm_id":"node/12337064859","name":null,"species":null,"height":null,"source":"OpenStreetMap contributors","kind":"tree"},"geometry":{"type":"Point","coordinates":[14.4941981,35.9140563]}},{"type":"Feature","properties":{"osm_id":"node/12338940991","name":null,"species":null,"height":null,"source":"OpenStreetMap contributors","kind":"tree"},"geometry":{"type":"Point","coordinates":[14.4935698,35.9140633]}},{"type":"Feature","properties":{"osm_id":"node/12338940992","name":null,"species":null,"height":null,"source":"OpenStreetMap contributors","kind":"tree"},"geometry":{"type":"Point","coordinates":[14.4936191,35.9140748]}},{"type":"Feature","properties":{"osm_id":"node/12339089448","name":null,"species":null,"height":null,"source":"OpenStreetMap contributors","kind":"tree"},"geometry":{"type":"Point","coordinates":[14.4934348,35.9144862]}},{"type":"Feature","properties":{"osm_id":"node/12339089449","name":null,"species":null,"height":null,"source":"OpenStreetMap contributors","kind":"tree"},"geometry":{"type":"Point","coordinates":[14.4933694,35.9143672]}},{"type":"Feature","properties":{"osm_id":"node/12339089450","name":null,"species":null,"height":null,"source":"OpenStreetMap contributors","kind":"tree"},"geometry":{"type":"Point","coordinates":[14.4934139,35.9143288]}},{"type":"Feature","properties":{"osm_id":"node/12339089451","name":null,"species":null,"height":null,"source":"OpenStreetMap contributors","kind":"tree"},"geometry":{"type":"Point","coordinates":[14.4934614,35.9142689]}},{"type":"Feature","properties":{"osm_id":"node/12339089452","name":null,"species":null,"height":null,"source":"OpenStreetMap contributors","kind":"tree"},"geometry":{"type":"Point","coordinates":[14.4931437,35.9143587]}},{"type":"Feature","properties":{"osm_id":"node/12339089458","name":null,"species":null,"height":null,"source":"OpenStreetMap contributors","kind":"tree"},"geometry":{"type":"Point","coordinates":[14.4933874,35.9145727]}},{"type":"Feature","properties":{"osm_id":"node/12343749868","name":null,"species":null,"height":null,"source":"OpenStreetMap contributors","kind":"tree"},"geometry":{"type":"Point","coordinates":[14.5035588,35.9089115]}},{"type":"Feature","properties":{"osm_id":"node/12343749869","name":null,"species":null,"height":null,"source":"OpenStreetMap contributors","kind":"tree"},"geometry":{"type":"Point","coordinates":[14.503702,35.9089538]}},{"type":"Feature","properties":{"osm_id":"node/12343749870","name":null,"species":null,"height":null,"source":"OpenStreetMap contributors","kind":"tree"},"geometry":{"type":"Point","coordinates":[14.5037267,35.9089046]}},{"type":"Feature","properties":{"osm_id":"node/12343749871","name":null,"species":null,"height":null,"source":"OpenStreetMap contributors","kind":"tree"},"geometry":{"type":"Point","coordinates":[14.5038471,35.9089169]}},{"type":"Feature","properties":{"osm_id":"node/12343749872","name":null,"species":null,"height":null,"source":"OpenStreetMap contributors","kind":"tree"},"geometry":{"type":"Point","coordinates":[14.5038073,35.9089906]}},{"type":"Feature","properties":{"osm_id":"node/12343749873","name":null,"species":null,"height":null,"source":"OpenStreetMap contributors","kind":"tree"},"geometry":{"type":"Point","coordinates":[14.5040008,35.9090367]}},{"type":"Feature","properties":{"osm_id":"node/12343749874","name":null,"species":null,"height":null,"source":"OpenStreetMap contributors","kind":"tree"},"geometry":{"type":"Point","coordinates":[14.5039685,35.9089338]}},{"type":"Feature","properties":{"osm_id":"node/12343749875","name":null,"species":null,"height":null,"source":"OpenStreetMap contributors","kind":"tree"},"geometry":{"type":"Point","coordinates":[14.5040586,35.9089445]}},{"type":"Feature","properties":{"osm_id":"node/12343749876","name":null,"species":null,"height":null,"source":"OpenStreetMap contributors","kind":"tree"},"geometry":{"type":"Point","coordinates":[14.504162,35.908963]}},{"type":"Feature","properties":{"osm_id":"node/12343749877","name":null,"species":null,"height":null,"source":"OpenStreetMap contributors","kind":"tree"},"geometry":{"type":"Point","coordinates":[14.5041743,35.9090628]}},{"type":"Feature","properties":{"osm_id":"node/12343749878","name":null,"species":null,"height":null,"source":"OpenStreetMap contributors","kind":"tree"},"geometry":{"type":"Point","coordinates":[14.5043763,35.9090713]}},{"type":"Feature","properties":{"osm_id":"node/12343749879","name":null,"species":null,"height":null,"source":"OpenStreetMap contributors","kind":"tree"},"geometry":{"type":"Point","coordinates":[14.5043763,35.9089822]}},{"type":"Feature","properties":{"osm_id":"node/12343749880","name":null,"species":null,"height":null,"source":"OpenStreetMap contributors","kind":"tree"},"geometry":{"type":"Point","coordinates":[14.5044531,35.9090774]}},{"type":"Feature","properties":{"osm_id":"node/12343749881","name":null,"species":null,"height":null,"source":"OpenStreetMap contributors","kind":"tree"},"geometry":{"type":"Point","coordinates":[14.5045953,35.9090874]}},{"type":"Feature","properties":{"osm_id":"node/12343749882","name":null,"species":null,"height":null,"source":"OpenStreetMap contributors","kind":"tree"},"geometry":{"type":"Point","coordinates":[14.504547,35.9089806]}},{"type":"Feature","properties":{"osm_id":"node/12343916154","name":null,"species":null,"height":null,"source":"OpenStreetMap contributors","kind":"tree"},"geometry":{"type":"Point","coordinates":[14.5080933,35.8953874]}},{"type":"Feature","properties":{"osm_id":"node/12343916155","name":null,"species":null,"height":null,"source":"OpenStreetMap contributors","kind":"tree"},"geometry":{"type":"Point","coordinates":[14.5081705,35.8953888]}},{"type":"Feature","properties":{"osm_id":"node/12343916156","name":null,"species":null,"height":null,"source":"OpenStreetMap contributors","kind":"tree"},"geometry":{"type":"Point","coordinates":[14.5082426,35.8953826]}},{"type":"Feature","properties":{"osm_id":"node/12343916157","name":null,"species":null,"height":null,"source":"OpenStreetMap contributors","kind":"tree"},"geometry":{"type":"Point","coordinates":[14.508326,35.895378]}},{"type":"Feature","properties":{"osm_id":"node/12343916158","name":null,"species":null,"height":null,"source":"OpenStreetMap contributors","kind":"tree"},"geometry":{"type":"Point","coordinates":[14.5084,35.8953719]}},{"type":"Feature","properties":{"osm_id":"node/12343916159","name":null,"species":null,"height":null,"source":"OpenStreetMap contributors","kind":"tree"},"geometry":{"type":"Point","coordinates":[14.5084759,35.8953657]}},{"type":"Feature","properties":{"osm_id":"node/12343916160","name":null,"species":null,"height":null,"source":"OpenStreetMap contributors","kind":"tree"},"geometry":{"type":"Point","coordinates":[14.5086428,35.8953504]}},{"type":"Feature","properties":{"osm_id":"node/12343916161","name":null,"species":null,"height":null,"source":"OpenStreetMap contributors","kind":"tree"},"geometry":{"type":"Point","coordinates":[14.5086314,35.8952935]}},{"type":"Feature","properties":{"osm_id":"node/12343916162","name":null,"species":null,"height":null,"source":"OpenStreetMap contributors","kind":"tree"},"geometry":{"type":"Point","coordinates":[14.5082331,35.8953242]}},{"type":"Feature","properties":{"osm_id":"node/12343916163","name":null,"species":null,"height":null,"source":"OpenStreetMap contributors","kind":"tree"},"geometry":{"type":"Point","coordinates":[14.508161,35.8953242]}},{"type":"Feature","properties":{"osm_id":"node/12343916164","name":null,"species":null,"height":null,"source":"OpenStreetMap contributors","kind":"tree"},"geometry":{"type":"Point","coordinates":[14.508089,35.8953273]}},{"type":"Feature","properties":{"osm_id":"node/12343916165","name":null,"species":null,"height":null,"source":"OpenStreetMap contributors","kind":"tree"},"geometry":{"type":"Point","coordinates":[14.5080055,35.895335]}},{"type":"Feature","properties":{"osm_id":"node/12343916166","name":null,"species":null,"height":null,"source":"OpenStreetMap contributors","kind":"tree"},"geometry":{"type":"Point","coordinates":[14.5086485,35.8954856]}},{"type":"Feature","properties":{"osm_id":"node/12343916167","name":null,"species":null,"height":null,"source":"OpenStreetMap contributors","kind":"tree"},"geometry":{"type":"Point","coordinates":[14.5087262,35.8954856]}},{"type":"Feature","properties":{"osm_id":"node/12343916168","name":null,"species":null,"height":null,"source":"OpenStreetMap contributors","kind":"tree"},"geometry":{"type":"Point","coordinates":[14.5085707,35.8954456]}},{"type":"Feature","properties":{"osm_id":"node/12343916169","name":null,"species":null,"height":null,"source":"OpenStreetMap contributors","kind":"tree"},"geometry":{"type":"Point","coordinates":[14.5087243,35.8954272]}},{"type":"Feature","properties":{"osm_id":"node/12343916170","name":null,"species":null,"height":null,"source":"OpenStreetMap contributors","kind":"tree"},"geometry":{"type":"Point","coordinates":[14.5087319,35.8953534]}},{"type":"Feature","properties":{"osm_id":"node/12343916171","name":null,"species":null,"height":null,"source":"OpenStreetMap contributors","kind":"tree"},"geometry":{"type":"Point","coordinates":[14.5079619,35.8955132]}},{"type":"Feature","properties":{"osm_id":"node/12343916172","name":null,"species":null,"height":null,"source":"OpenStreetMap contributors","kind":"tree"},"geometry":{"type":"Point","coordinates":[14.5078822,35.8955854]}},{"type":"Feature","properties":{"osm_id":"node/12343916173","name":null,"species":null,"height":null,"source":"OpenStreetMap contributors","kind":"tree"},"geometry":{"type":"Point","coordinates":[14.507886,35.8956423]}},{"type":"Feature","properties":{"osm_id":"node/12343916174","name":null,"species":null,"height":null,"source":"OpenStreetMap contributors","kind":"tree"},"geometry":{"type":"Point","coordinates":[14.5078898,35.8957037]}},{"type":"Feature","properties":{"osm_id":"node/12343916175","name":null,"species":null,"height":null,"source":"OpenStreetMap contributors","kind":"tree"},"geometry":{"type":"Point","coordinates":[14.5079012,35.8957667]}},{"type":"Feature","properties":{"osm_id":"node/12343916176","name":null,"species":null,"height":null,"source":"OpenStreetMap contributors","kind":"tree"},"geometry":{"type":"Point","coordinates":[14.5079012,35.8958313]}},{"type":"Feature","properties":{"osm_id":"node/12358319540","name":null,"species":null,"height":null,"source":"OpenStreetMap contributors","kind":"tree"},"geometry":{"type":"Point","coordinates":[14.5127862,35.9019889]}},{"type":"Feature","properties":{"osm_id":"node/12361127825","name":null,"species":null,"height":null,"source":"OpenStreetMap contributors","kind":"tree"},"geometry":{"type":"Point","coordinates":[14.5083861,35.9003859]}},{"type":"Feature","properties":{"osm_id":"node/12361127826","name":null,"species":null,"height":null,"source":"OpenStreetMap contributors","kind":"tree"},"geometry":{"type":"Point","coordinates":[14.508544,35.9003484]}},{"type":"Feature","properties":{"osm_id":"node/12361202035","name":null,"species":null,"height":null,"source":"OpenStreetMap contributors","kind":"tree"},"geometry":{"type":"Point","coordinates":[14.5078286,35.8991397]}},{"type":"Feature","properties":{"osm_id":"node/12361202036","name":null,"species":null,"height":null,"source":"OpenStreetMap contributors","kind":"tree"},"geometry":{"type":"Point","coordinates":[14.5078972,35.8991668]}},{"type":"Feature","properties":{"osm_id":"node/12361202037","name":null,"species":null,"height":null,"source":"OpenStreetMap contributors","kind":"tree"},"geometry":{"type":"Point","coordinates":[14.5081093,35.8992108]}},{"type":"Feature","properties":{"osm_id":"node/12361202038","name":null,"species":null,"height":null,"source":"OpenStreetMap contributors","kind":"tree"},"geometry":{"type":"Point","coordinates":[14.5076708,35.8989769]}},{"type":"Feature","properties":{"osm_id":"node/12384387899","name":null,"species":null,"height":null,"source":"OpenStreetMap contributors","kind":"tree"},"geometry":{"type":"Point","coordinates":[14.4891463,35.8602733]}},{"type":"Feature","properties":{"osm_id":"node/12384387900","name":null,"species":null,"height":null,"source":"OpenStreetMap contributors","kind":"tree"},"geometry":{"type":"Point","coordinates":[14.4891384,35.8601705]}},{"type":"Feature","properties":{"osm_id":"node/12395678154","name":null,"species":null,"height":null,"source":"OpenStreetMap contributors","kind":"tree"},"geometry":{"type":"Point","coordinates":[14.4736538,35.9078621]}},{"type":"Feature","properties":{"osm_id":"node/12395678155","name":null,"species":null,"height":null,"source":"OpenStreetMap contributors","kind":"tree"},"geometry":{"type":"Point","coordinates":[14.4736511,35.9078154]}},{"type":"Feature","properties":{"osm_id":"node/12395678156","name":null,"species":null,"height":null,"source":"OpenStreetMap contributors","kind":"tree"},"geometry":{"type":"Point","coordinates":[14.4736544,35.9077659]}},{"type":"Feature","properties":{"osm_id":"node/12395678157","name":null,"species":null,"height":null,"source":"OpenStreetMap contributors","kind":"tree"},"geometry":{"type":"Point","coordinates":[14.4736511,35.9077176]}},{"type":"Feature","properties":{"osm_id":"node/12395678158","name":null,"species":null,"height":null,"source":"OpenStreetMap contributors","kind":"tree"},"geometry":{"type":"Point","coordinates":[14.473702,35.9076752]}},{"type":"Feature","properties":{"osm_id":"node/12395678159","name":null,"species":null,"height":null,"source":"OpenStreetMap contributors","kind":"tree"},"geometry":{"type":"Point","coordinates":[14.4737691,35.9076812]}},{"type":"Feature","properties":{"osm_id":"node/12395678160","name":null,"species":null,"height":null,"source":"OpenStreetMap contributors","kind":"tree"},"geometry":{"type":"Point","coordinates":[14.4738502,35.9076845]}},{"type":"Feature","properties":{"osm_id":"node/12395678161","name":null,"species":null,"height":null,"source":"OpenStreetMap contributors","kind":"tree"},"geometry":{"type":"Point","coordinates":[14.4739843,35.9076899]}},{"type":"Feature","properties":{"osm_id":"node/12395678162","name":null,"species":null,"height":null,"source":"OpenStreetMap contributors","kind":"tree"},"geometry":{"type":"Point","coordinates":[14.4740568,35.9076883]}},{"type":"Feature","properties":{"osm_id":"node/12395678163","name":null,"species":null,"height":null,"source":"OpenStreetMap contributors","kind":"tree"},"geometry":{"type":"Point","coordinates":[14.4741285,35.9076894]}},{"type":"Feature","properties":{"osm_id":"node/12395678164","name":null,"species":null,"height":null,"source":"OpenStreetMap contributors","kind":"tree"},"geometry":{"type":"Point","coordinates":[14.4741982,35.9076899]}},{"type":"Feature","properties":{"osm_id":"node/12395678165","name":null,"species":null,"height":null,"source":"OpenStreetMap contributors","kind":"tree"},"geometry":{"type":"Point","coordinates":[14.474264,35.9076905]}},{"type":"Feature","properties":{"osm_id":"node/12401728968","name":null,"species":null,"height":null,"source":"OpenStreetMap contributors","kind":"tree"},"geometry":{"type":"Point","coordinates":[14.3951787,35.8586084]}},{"type":"Feature","properties":{"osm_id":"node/12430906127","name":null,"species":null,"height":null,"source":"OpenStreetMap contributors","kind":"tree"},"geometry":{"type":"Point","coordinates":[14.5178035,35.8976012]}},{"type":"Feature","properties":{"osm_id":"node/12441437406","name":null,"species":null,"height":null,"source":"OpenStreetMap contributors","kind":"tree"},"geometry":{"type":"Point","coordinates":[14.4032062,35.8845942]}},{"type":"Feature","properties":{"osm_id":"node/12497974375","name":null,"species":null,"height":null,"source":"OpenStreetMap contributors","kind":"tree"},"geometry":{"type":"Point","coordinates":[14.5199205,35.8807666]}},{"type":"Feature","properties":{"osm_id":"node/12497974376","name":null,"species":null,"height":null,"source":"OpenStreetMap contributors","kind":"tree"},"geometry":{"type":"Point","coordinates":[14.519846,35.8807203]}},{"type":"Feature","properties":{"osm_id":"node/12541522922","name":null,"species":null,"height":null,"source":"OpenStreetMap contributors","kind":"tree"},"geometry":{"type":"Point","coordinates":[14.3998012,35.892811]}},{"type":"Feature","properties":{"osm_id":"node/12541522923","name":null,"species":null,"height":null,"source":"OpenStreetMap contributors","kind":"tree"},"geometry":{"type":"Point","coordinates":[14.3998879,35.8928231]}},{"type":"Feature","properties":{"osm_id":"node/12541522924","name":null,"species":null,"height":null,"source":"OpenStreetMap contributors","kind":"tree"},"geometry":{"type":"Point","coordinates":[14.3999552,35.8928332]}},{"type":"Feature","properties":{"osm_id":"node/12541522925","name":null,"species":null,"height":null,"source":"OpenStreetMap contributors","kind":"tree"},"geometry":{"type":"Point","coordinates":[14.4000428,35.8928454]}},{"type":"Feature","properties":{"osm_id":"node/12541522926","name":null,"species":null,"height":null,"source":"OpenStreetMap contributors","kind":"tree"},"geometry":{"type":"Point","coordinates":[14.400118,35.8928525]}},{"type":"Feature","properties":{"osm_id":"node/12541522927","name":null,"species":null,"height":null,"source":"OpenStreetMap contributors","kind":"tree"},"geometry":{"type":"Point","coordinates":[14.4001994,35.8928669]}},{"type":"Feature","properties":{"osm_id":"node/12541522928","name":null,"species":null,"height":null,"source":"OpenStreetMap contributors","kind":"tree"},"geometry":{"type":"Point","coordinates":[14.4002118,35.8928088]}},{"type":"Feature","properties":{"osm_id":"node/12541522929","name":null,"species":null,"height":null,"source":"OpenStreetMap contributors","kind":"tree"},"geometry":{"type":"Point","coordinates":[14.4001268,35.8927952]}},{"type":"Feature","properties":{"osm_id":"node/12541522930","name":null,"species":null,"height":null,"source":"OpenStreetMap contributors","kind":"tree"},"geometry":{"type":"Point","coordinates":[14.4000569,35.8927852]}},{"type":"Feature","properties":{"osm_id":"node/12541522931","name":null,"species":null,"height":null,"source":"OpenStreetMap contributors","kind":"tree"},"geometry":{"type":"Point","coordinates":[14.3999693,35.8927715]}},{"type":"Feature","properties":{"osm_id":"node/12541522932","name":null,"species":null,"height":null,"source":"OpenStreetMap contributors","kind":"tree"},"geometry":{"type":"Point","coordinates":[14.3999021,35.8927651]}},{"type":"Feature","properties":{"osm_id":"node/12541522933","name":null,"species":null,"height":null,"source":"OpenStreetMap contributors","kind":"tree"},"geometry":{"type":"Point","coordinates":[14.3998172,35.8927522]}},{"type":"Feature","properties":{"osm_id":"node/12558459133","name":null,"species":null,"height":null,"source":"OpenStreetMap contributors","kind":"tree"},"geometry":{"type":"Point","coordinates":[14.5110534,35.9071038]}},{"type":"Feature","properties":{"osm_id":"node/12558464518","name":null,"species":null,"height":null,"source":"OpenStreetMap contributors","kind":"tree"},"geometry":{"type":"Point","coordinates":[14.5177524,35.8976153]}},{"type":"Feature","properties":{"osm_id":"node/12558492662","name":null,"species":null,"height":null,"source":"OpenStreetMap contributors","kind":"tree"},"geometry":{"type":"Point","coordinates":[14.4765827,35.8642342]}},{"type":"Feature","properties":{"osm_id":"node/12635092945","name":null,"species":null,"height":null,"source":"OpenStreetMap contributors","kind":"tree"},"geometry":{"type":"Point","coordinates":[14.5232599,35.8842296]}},{"type":"Feature","properties":{"osm_id":"node/12635092946","name":null,"species":null,"height":null,"source":"OpenStreetMap contributors","kind":"tree"},"geometry":{"type":"Point","coordinates":[14.5232949,35.8842299]}},{"type":"Feature","properties":{"osm_id":"node/12635092947","name":null,"species":null,"height":null,"source":"OpenStreetMap contributors","kind":"tree"},"geometry":{"type":"Point","coordinates":[14.523328,35.8842289]}},{"type":"Feature","properties":{"osm_id":"node/12635092948","name":null,"species":null,"height":null,"source":"OpenStreetMap contributors","kind":"tree"},"geometry":{"type":"Point","coordinates":[14.5233683,35.8842284]}},{"type":"Feature","properties":{"osm_id":"node/12635092949","name":null,"species":null,"height":null,"source":"OpenStreetMap contributors","kind":"tree"},"geometry":{"type":"Point","coordinates":[14.5234057,35.8842406]}},{"type":"Feature","properties":{"osm_id":"node/12635092950","name":null,"species":null,"height":null,"source":"OpenStreetMap contributors","kind":"tree"},"geometry":{"type":"Point","coordinates":[14.5234183,35.8842643]}},{"type":"Feature","properties":{"osm_id":"node/12635092951","name":null,"species":null,"height":null,"source":"OpenStreetMap contributors","kind":"tree"},"geometry":{"type":"Point","coordinates":[14.5234157,35.8842842]}},{"type":"Feature","properties":{"osm_id":"node/12635092952","name":null,"species":null,"height":null,"source":"OpenStreetMap contributors","kind":"tree"},"geometry":{"type":"Point","coordinates":[14.5234044,35.88431]}},{"type":"Feature","properties":{"osm_id":"node/12637827640","name":null,"species":null,"height":null,"source":"OpenStreetMap contributors","kind":"tree"},"geometry":{"type":"Point","coordinates":[14.5276682,35.8805251]}},{"type":"Feature","properties":{"osm_id":"node/12637827641","name":null,"species":null,"height":null,"source":"OpenStreetMap contributors","kind":"tree"},"geometry":{"type":"Point","coordinates":[14.5276668,35.8805593]}},{"type":"Feature","properties":{"osm_id":"node/12637827642","name":null,"species":null,"height":null,"source":"OpenStreetMap contributors","kind":"tree"},"geometry":{"type":"Point","coordinates":[14.5276647,35.8805948]}},{"type":"Feature","properties":{"osm_id":"node/12637827643","name":null,"species":null,"height":null,"source":"OpenStreetMap contributors","kind":"tree"},"geometry":{"type":"Point","coordinates":[14.5276631,35.8806297]}},{"type":"Feature","properties":{"osm_id":"node/12637827644","name":null,"species":null,"height":null,"source":"OpenStreetMap contributors","kind":"tree"},"geometry":{"type":"Point","coordinates":[14.5276615,35.8806649]}},{"type":"Feature","properties":{"osm_id":"node/12637827645","name":null,"species":null,"height":null,"source":"OpenStreetMap contributors","kind":"tree"},"geometry":{"type":"Point","coordinates":[14.5274431,35.8806851]}},{"type":"Feature","properties":{"osm_id":"node/12637827646","name":null,"species":null,"height":null,"source":"OpenStreetMap contributors","kind":"tree"},"geometry":{"type":"Point","coordinates":[14.5275295,35.88069]}},{"type":"Feature","properties":{"osm_id":"node/12637827647","name":null,"species":null,"height":null,"source":"OpenStreetMap contributors","kind":"tree"},"geometry":{"type":"Point","coordinates":[14.5274865,35.8806876]}},{"type":"Feature","properties":{"osm_id":"node/12637827648","name":null,"species":null,"height":null,"source":"OpenStreetMap contributors","kind":"tree"},"geometry":{"type":"Point","coordinates":[14.5275732,35.8806929]}},{"type":"Feature","properties":{"osm_id":"node/12637827649","name":null,"species":null,"height":null,"source":"OpenStreetMap contributors","kind":"tree"},"geometry":{"type":"Point","coordinates":[14.5276153,35.8806951]}},{"type":"Feature","properties":{"osm_id":"node/12637827650","name":null,"species":null,"height":null,"source":"OpenStreetMap contributors","kind":"tree"},"geometry":{"type":"Point","coordinates":[14.5276379,35.8801921]}},{"type":"Feature","properties":{"osm_id":"node/12637827651","name":null,"species":null,"height":null,"source":"OpenStreetMap contributors","kind":"tree"},"geometry":{"type":"Point","coordinates":[14.5276663,35.8802242]}},{"type":"Feature","properties":{"osm_id":"node/12637827652","name":null,"species":null,"height":null,"source":"OpenStreetMap contributors","kind":"tree"},"geometry":{"type":"Point","coordinates":[14.5276945,35.8802475]}},{"type":"Feature","properties":{"osm_id":"node/12637827653","name":null,"species":null,"height":null,"source":"OpenStreetMap contributors","kind":"tree"},"geometry":{"type":"Point","coordinates":[14.5274321,35.8800041]}},{"type":"Feature","properties":{"osm_id":"node/12637827654","name":null,"species":null,"height":null,"source":"OpenStreetMap contributors","kind":"tree"},"geometry":{"type":"Point","coordinates":[14.5274037,35.879972]}},{"type":"Feature","properties":{"osm_id":"node/12637827655","name":null,"species":null,"height":null,"source":"OpenStreetMap contributors","kind":"tree"},"geometry":{"type":"Point","coordinates":[14.5274602,35.8800274]}},{"type":"Feature","properties":{"osm_id":"node/12637827656","name":null,"species":null,"height":null,"source":"OpenStreetMap contributors","kind":"tree"},"geometry":{"type":"Point","coordinates":[14.5268042,35.8804048]}},{"type":"Feature","properties":{"osm_id":"node/12637827657","name":null,"species":null,"height":null,"source":"OpenStreetMap contributors","kind":"tree"},"geometry":{"type":"Point","coordinates":[14.5268501,35.8804466]}},{"type":"Feature","properties":{"osm_id":"node/12637827658","name":null,"species":null,"height":null,"source":"OpenStreetMap contributors","kind":"tree"},"geometry":{"type":"Point","coordinates":[14.5270433,35.8806172]}},{"type":"Feature","properties":{"osm_id":"node/12637827659","name":null,"species":null,"height":null,"source":"OpenStreetMap contributors","kind":"tree"},"geometry":{"type":"Point","coordinates":[14.5270971,35.8806691]}},{"type":"Feature","properties":{"osm_id":"node/12647024779","name":null,"species":null,"height":null,"source":"OpenStreetMap contributors","kind":"tree"},"geometry":{"type":"Point","coordinates":[14.5211128,35.886874]}},{"type":"Feature","properties":{"osm_id":"node/12647024780","name":null,"species":null,"height":null,"source":"OpenStreetMap contributors","kind":"tree"},"geometry":{"type":"Point","coordinates":[14.521069,35.886867]}},{"type":"Feature","properties":{"osm_id":"node/12651726197","name":null,"species":null,"height":null,"source":"OpenStreetMap contributors","kind":"tree"},"geometry":{"type":"Point","coordinates":[14.5231736,35.8864362]}},{"type":"Feature","properties":{"osm_id":"node/12651726198","name":null,"species":null,"height":null,"source":"OpenStreetMap contributors","kind":"tree"},"geometry":{"type":"Point","coordinates":[14.5239126,35.8870412]}},{"type":"Feature","properties":{"osm_id":"node/12651726199","name":null,"species":null,"height":null,"source":"OpenStreetMap contributors","kind":"tree"},"geometry":{"type":"Point","coordinates":[14.5238341,35.8869769]}},{"type":"Feature","properties":{"osm_id":"node/12651726200","name":null,"species":null,"height":null,"source":"OpenStreetMap contributors","kind":"tree"},"geometry":{"type":"Point","coordinates":[14.5237641,35.8869196]}},{"type":"Feature","properties":{"osm_id":"node/12651728301","name":null,"species":null,"height":null,"source":"OpenStreetMap contributors","kind":"tree"},"geometry":{"type":"Point","coordinates":[14.5236926,35.8868611]}},{"type":"Feature","properties":{"osm_id":"node/12651728302","name":null,"species":null,"height":null,"source":"OpenStreetMap contributors","kind":"tree"},"geometry":{"type":"Point","coordinates":[14.5236169,35.8867991]}},{"type":"Feature","properties":{"osm_id":"node/12651728303","name":null,"species":null,"height":null,"source":"OpenStreetMap contributors","kind":"tree"},"geometry":{"type":"Point","coordinates":[14.523556,35.8867492]}},{"type":"Feature","properties":{"osm_id":"node/12651728304","name":null,"species":null,"height":null,"source":"OpenStreetMap contributors","kind":"tree"},"geometry":{"type":"Point","coordinates":[14.5234696,35.8866785]}},{"type":"Feature","properties":{"osm_id":"node/12651728305","name":null,"species":null,"height":null,"source":"OpenStreetMap contributors","kind":"tree"},"geometry":{"type":"Point","coordinates":[14.5233923,35.8866152]}},{"type":"Feature","properties":{"osm_id":"node/12651728306","name":null,"species":null,"height":null,"source":"OpenStreetMap contributors","kind":"tree"},"geometry":{"type":"Point","coordinates":[14.5233252,35.8865603]}},{"type":"Feature","properties":{"osm_id":"node/12651728307","name":null,"species":null,"height":null,"source":"OpenStreetMap contributors","kind":"tree"},"geometry":{"type":"Point","coordinates":[14.5232494,35.8864983]}},{"type":"Feature","properties":{"osm_id":"node/12655169958","name":null,"species":null,"height":null,"source":"OpenStreetMap contributors","kind":"tree"},"geometry":{"type":"Point","coordinates":[14.5209201,35.8881993]}},{"type":"Feature","properties":{"osm_id":"node/12655169959","name":null,"species":null,"height":null,"source":"OpenStreetMap contributors","kind":"tree"},"geometry":{"type":"Point","coordinates":[14.5209266,35.8881788]}},{"type":"Feature","properties":{"osm_id":"node/12657423244","name":null,"species":null,"height":null,"source":"OpenStreetMap contributors","kind":"tree"},"geometry":{"type":"Point","coordinates":[14.5205495,35.8895448]}},{"type":"Feature","properties":{"osm_id":"node/12657423245","name":null,"species":null,"height":null,"source":"OpenStreetMap contributors","kind":"tree"},"geometry":{"type":"Point","coordinates":[14.5205476,35.8895761]}},{"type":"Feature","properties":{"osm_id":"node/12657423246","name":null,"species":null,"height":null,"source":"OpenStreetMap contributors","kind":"tree"},"geometry":{"type":"Point","coordinates":[14.5205246,35.8896541]}},{"type":"Feature","properties":{"osm_id":"node/12657423247","name":null,"species":null,"height":null,"source":"OpenStreetMap contributors","kind":"tree"},"geometry":{"type":"Point","coordinates":[14.5205158,35.8896883]}},{"type":"Feature","properties":{"osm_id":"node/12657423325","name":null,"species":null,"height":null,"source":"OpenStreetMap contributors","kind":"tree"},"geometry":{"type":"Point","coordinates":[14.5206641,35.8896142]}},{"type":"Feature","properties":{"osm_id":"node/12700536145","name":null,"species":null,"height":null,"source":"OpenStreetMap contributors","kind":"tree"},"geometry":{"type":"Point","coordinates":[14.5196175,35.8829094]}},{"type":"Feature","properties":{"osm_id":"node/12700536146","name":null,"species":null,"height":null,"source":"OpenStreetMap contributors","kind":"tree"},"geometry":{"type":"Point","coordinates":[14.5196461,35.8829904]}},{"type":"Feature","properties":{"osm_id":"node/12702140026","name":null,"species":null,"height":null,"source":"OpenStreetMap contributors","kind":"tree"},"geometry":{"type":"Point","coordinates":[14.5195489,35.8797816]}},{"type":"Feature","properties":{"osm_id":"node/12730271577","name":null,"species":null,"height":null,"source":"OpenStreetMap contributors","kind":"tree"},"geometry":{"type":"Point","coordinates":[14.5181557,35.8859216]}},{"type":"Feature","properties":{"osm_id":"node/12730271578","name":null,"species":null,"height":null,"source":"OpenStreetMap contributors","kind":"tree"},"geometry":{"type":"Point","coordinates":[14.5181722,35.885886]}},{"type":"Feature","properties":{"osm_id":"node/13014900997","name":null,"species":null,"height":null,"source":"OpenStreetMap contributors","kind":"tree"},"geometry":{"type":"Point","coordinates":[14.4951344,35.8502384]}},{"type":"Feature","properties":{"osm_id":"node/13014900998","name":null,"species":null,"height":null,"source":"OpenStreetMap contributors","kind":"tree"},"geometry":{"type":"Point","coordinates":[14.4950748,35.8502866]}},{"type":"Feature","properties":{"osm_id":"node/13014900999","name":null,"species":null,"height":null,"source":"OpenStreetMap contributors","kind":"tree"},"geometry":{"type":"Point","coordinates":[14.4950106,35.8503349]}},{"type":"Feature","properties":{"osm_id":"node/13014901000","name":null,"species":null,"height":null,"source":"OpenStreetMap contributors","kind":"tree"},"geometry":{"type":"Point","coordinates":[14.4949779,35.8503642]}},{"type":"Feature","properties":{"osm_id":"node/13022274790","name":null,"species":null,"height":null,"source":"OpenStreetMap contributors","kind":"tree"},"geometry":{"type":"Point","coordinates":[14.5196054,35.885393]}},{"type":"Feature","properties":{"osm_id":"node/13033492238","name":null,"species":null,"height":null,"source":"OpenStreetMap contributors","kind":"tree"},"geometry":{"type":"Point","coordinates":[14.4715939,35.85956]}},{"type":"Feature","properties":{"osm_id":"node/13059818872","name":null,"species":null,"height":null,"source":"OpenStreetMap contributors","kind":"tree"},"geometry":{"type":"Point","coordinates":[14.3648953,35.9647259]}},{"type":"Feature","properties":{"osm_id":"node/13069893511","name":null,"species":null,"height":null,"source":"OpenStreetMap contributors","kind":"tree"},"geometry":{"type":"Point","coordinates":[14.3460636,35.894872]}},{"type":"Feature","properties":{"osm_id":"node/13084305748","name":null,"species":null,"height":null,"source":"OpenStreetMap contributors","kind":"tree"},"geometry":{"type":"Point","coordinates":[14.4248065,35.9018574]}},{"type":"Feature","properties":{"osm_id":"node/13084305749","name":null,"species":null,"height":null,"source":"OpenStreetMap contributors","kind":"tree"},"geometry":{"type":"Point","coordinates":[14.424834,35.9018583]}},{"type":"Feature","properties":{"osm_id":"node/13084305750","name":null,"species":null,"height":null,"source":"OpenStreetMap contributors","kind":"tree"},"geometry":{"type":"Point","coordinates":[14.4248588,35.9018591]}},{"type":"Feature","properties":{"osm_id":"node/13084305751","name":null,"species":null,"height":null,"source":"OpenStreetMap contributors","kind":"tree"},"geometry":{"type":"Point","coordinates":[14.4248863,35.9018591]}},{"type":"Feature","properties":{"osm_id":"node/13084305752","name":null,"species":null,"height":null,"source":"OpenStreetMap contributors","kind":"tree"},"geometry":{"type":"Point","coordinates":[14.4249155,35.9018622]}},{"type":"Feature","properties":{"osm_id":"node/13173205464","name":null,"species":null,"height":null,"source":"OpenStreetMap contributors","kind":"tree"},"geometry":{"type":"Point","coordinates":[14.4097656,35.8619098]}},{"type":"Feature","properties":{"osm_id":"node/13173205465","name":null,"species":null,"height":null,"source":"OpenStreetMap contributors","kind":"tree"},"geometry":{"type":"Point","coordinates":[14.4098005,35.8618164]}},{"type":"Feature","properties":{"osm_id":"node/13235981253","name":null,"species":null,"height":null,"source":"OpenStreetMap contributors","kind":"tree"},"geometry":{"type":"Point","coordinates":[14.4724152,35.8902202]}},{"type":"Feature","properties":{"osm_id":"node/13235981254","name":null,"species":null,"height":null,"source":"OpenStreetMap contributors","kind":"tree"},"geometry":{"type":"Point","coordinates":[14.4725148,35.8901494]}},{"type":"Feature","properties":{"osm_id":"node/13235981255","name":null,"species":null,"height":null,"source":"OpenStreetMap contributors","kind":"tree"},"geometry":{"type":"Point","coordinates":[14.4725448,35.8902301]}},{"type":"Feature","properties":{"osm_id":"node/13246355739","name":null,"species":null,"height":null,"source":"OpenStreetMap contributors","kind":"tree"},"geometry":{"type":"Point","coordinates":[14.4205844,35.9049335]}},{"type":"Feature","properties":{"osm_id":"node/13301802088","name":null,"species":null,"height":null,"source":"OpenStreetMap contributors","kind":"tree"},"geometry":{"type":"Point","coordinates":[14.5051023,35.8775409]}},{"type":"Feature","properties":{"osm_id":"node/13301802091","name":null,"species":null,"height":null,"source":"OpenStreetMap contributors","kind":"tree"},"geometry":{"type":"Point","coordinates":[14.5103672,35.8772393]}},{"type":"Feature","properties":{"osm_id":"node/13301802092","name":null,"species":null,"height":null,"source":"OpenStreetMap contributors","kind":"tree"},"geometry":{"type":"Point","coordinates":[14.5105373,35.8776147]}},{"type":"Feature","properties":{"osm_id":"node/13452032813","name":null,"species":null,"height":null,"source":"OpenStreetMap contributors","kind":"tree"},"geometry":{"type":"Point","coordinates":[14.5205708,35.8825718]}},{"type":"Feature","properties":{"osm_id":"node/13471232641","name":null,"species":"Olea europaea","height":null,"source":"OpenStreetMap contributors","kind":"tree"},"geometry":{"type":"Point","coordinates":[14.4305882,35.9306443]}},{"type":"Feature","properties":{"osm_id":"node/13471232642","name":null,"species":"Olea europaea","height":null,"source":"OpenStreetMap contributors","kind":"tree"},"geometry":{"type":"Point","coordinates":[14.4305083,35.9306978]}},{"type":"Feature","properties":{"osm_id":"node/13471232643","name":null,"species":"Olea europaea","height":null,"source":"OpenStreetMap contributors","kind":"tree"},"geometry":{"type":"Point","coordinates":[14.430435,35.9307462]}},{"type":"Feature","properties":{"osm_id":"node/13471232644","name":null,"species":"Olea europaea","height":null,"source":"OpenStreetMap contributors","kind":"tree"},"geometry":{"type":"Point","coordinates":[14.4303562,35.9308013]}},{"type":"Feature","properties":{"osm_id":"node/13471232645","name":null,"species":"Olea europaea","height":null,"source":"OpenStreetMap contributors","kind":"tree"},"geometry":{"type":"Point","coordinates":[14.4302854,35.9308515]}},{"type":"Feature","properties":{"osm_id":"node/13495614393","name":null,"species":null,"height":null,"source":"OpenStreetMap contributors","kind":"tree"},"geometry":{"type":"Point","coordinates":[14.4185424,35.9528481]}},{"type":"Feature","properties":{"osm_id":"node/13495614394","name":null,"species":null,"height":null,"source":"OpenStreetMap contributors","kind":"tree"},"geometry":{"type":"Point","coordinates":[14.4185686,35.9528743]}},{"type":"Feature","properties":{"osm_id":"node/13495614395","name":null,"species":null,"height":null,"source":"OpenStreetMap contributors","kind":"tree"},"geometry":{"type":"Point","coordinates":[14.4185958,35.9529004]}},{"type":"Feature","properties":{"osm_id":"node/13495614396","name":null,"species":null,"height":null,"source":"OpenStreetMap contributors","kind":"tree"},"geometry":{"type":"Point","coordinates":[14.4187253,35.9530177]}},{"type":"Feature","properties":{"osm_id":"node/13495614397","name":null,"species":null,"height":null,"source":"OpenStreetMap contributors","kind":"tree"},"geometry":{"type":"Point","coordinates":[14.41877,35.9530714]}},{"type":"Feature","properties":{"osm_id":"node/13495614398","name":null,"species":null,"height":null,"source":"OpenStreetMap contributors","kind":"tree"},"geometry":{"type":"Point","coordinates":[14.418813,35.9531203]}},{"type":"Feature","properties":{"osm_id":"node/13495614399","name":null,"species":null,"height":null,"source":"OpenStreetMap contributors","kind":"tree"},"geometry":{"type":"Point","coordinates":[14.4188502,35.9531612]}},{"type":"Feature","properties":{"osm_id":"node/13495614400","name":null,"species":null,"height":null,"source":"OpenStreetMap contributors","kind":"tree"},"geometry":{"type":"Point","coordinates":[14.418921,35.9532397]}},{"type":"Feature","properties":{"osm_id":"node/13495650901","name":null,"species":null,"height":null,"source":"OpenStreetMap contributors","kind":"tree"},"geometry":{"type":"Point","coordinates":[14.4188885,35.9532011]}},{"type":"Feature","properties":{"osm_id":"node/13618275855","name":null,"species":null,"height":null,"source":"OpenStreetMap contributors","kind":"tree"},"geometry":{"type":"Point","coordinates":[14.3733037,35.9621498]}},{"type":"Feature","properties":{"osm_id":"node/13618275856","name":null,"species":null,"height":null,"source":"OpenStreetMap contributors","kind":"tree"},"geometry":{"type":"Point","coordinates":[14.3732829,35.9621205]}},{"type":"Feature","properties":{"osm_id":"node/13618275857","name":null,"species":null,"height":null,"source":"OpenStreetMap contributors","kind":"tree"},"geometry":{"type":"Point","coordinates":[14.3732754,35.9621123]}},{"type":"Feature","properties":{"osm_id":"node/13618275858","name":null,"species":null,"height":null,"source":"OpenStreetMap contributors","kind":"tree"},"geometry":{"type":"Point","coordinates":[14.3734111,35.9623906]}},{"type":"Feature","properties":{"osm_id":"node/13618275859","name":null,"species":null,"height":null,"source":"OpenStreetMap contributors","kind":"tree"},"geometry":{"type":"Point","coordinates":[14.3734326,35.9623679]}},{"type":"Feature","properties":{"osm_id":"node/13618275860","name":null,"species":null,"height":null,"source":"OpenStreetMap contributors","kind":"tree"},"geometry":{"type":"Point","coordinates":[14.3734522,35.96234]}},{"type":"Feature","properties":{"osm_id":"node/13618275861","name":null,"species":null,"height":null,"source":"OpenStreetMap contributors","kind":"tree"},"geometry":{"type":"Point","coordinates":[14.3734669,35.9623097]}},{"type":"Feature","properties":{"osm_id":"node/13647419800","name":null,"species":null,"height":null,"source":"OpenStreetMap contributors","kind":"tree"},"geometry":{"type":"Point","coordinates":[14.4884292,35.8947979]}},{"type":"Feature","properties":{"osm_id":"node/13647468304","name":null,"species":null,"height":null,"source":"OpenStreetMap contributors","kind":"tree"},"geometry":{"type":"Point","coordinates":[14.4884345,35.8948092]}},{"type":"Feature","properties":{"osm_id":"node/13647468966","name":null,"species":null,"height":null,"source":"OpenStreetMap contributors","kind":"tree"},"geometry":{"type":"Point","coordinates":[14.4884327,35.8948333]}},{"type":"Feature","properties":{"osm_id":"node/13647477817","name":null,"species":null,"height":null,"source":"OpenStreetMap contributors","kind":"tree"},"geometry":{"type":"Point","coordinates":[14.4884365,35.8948201]}},{"type":"Feature","properties":{"osm_id":"node/13655005583","name":null,"species":null,"height":null,"source":"OpenStreetMap contributors","kind":"tree"},"geometry":{"type":"Point","coordinates":[14.4178063,35.890392]}},{"type":"Feature","properties":{"osm_id":"node/13655045512","name":null,"species":null,"height":null,"source":"OpenStreetMap contributors","kind":"tree"},"geometry":{"type":"Point","coordinates":[14.4177745,35.8903739]}},{"type":"Feature","properties":{"osm_id":"node/13655051718","name":null,"species":null,"height":null,"source":"OpenStreetMap contributors","kind":"tree"},"geometry":{"type":"Point","coordinates":[14.4177312,35.8903341]}},{"type":"Feature","properties":{"osm_id":"node/13655063778","name":null,"species":null,"height":null,"source":"OpenStreetMap contributors","kind":"tree"},"geometry":{"type":"Point","coordinates":[14.4178237,35.8904404]}},{"type":"Feature","properties":{"osm_id":"node/13655065246","name":null,"species":null,"height":null,"source":"OpenStreetMap contributors","kind":"tree"},"geometry":{"type":"Point","coordinates":[14.417928,35.8905338]}},{"type":"Feature","properties":{"osm_id":"node/13655067007","name":null,"species":null,"height":null,"source":"OpenStreetMap contributors","kind":"tree"},"geometry":{"type":"Point","coordinates":[14.4176823,35.890268]}},{"type":"Feature","properties":{"osm_id":"node/13655069274","name":null,"species":null,"height":null,"source":"OpenStreetMap contributors","kind":"tree"},"geometry":{"type":"Point","coordinates":[14.4177272,35.8902937]}},{"type":"Feature","properties":{"osm_id":"node/13746384801","name":null,"species":null,"height":null,"source":"OpenStreetMap contributors","kind":"tree"},"geometry":{"type":"Point","coordinates":[14.4795268,35.8636998]}},{"type":"Feature","properties":{"osm_id":"node/13746384802","name":null,"species":null,"height":null,"source":"OpenStreetMap contributors","kind":"tree"},"geometry":{"type":"Point","coordinates":[14.4793982,35.8636038]}},{"type":"Feature","properties":{"osm_id":"node/13746385196","name":null,"species":null,"height":null,"source":"OpenStreetMap contributors","kind":"tree"},"geometry":{"type":"Point","coordinates":[14.4816968,35.8636377]}},{"type":"Feature","properties":{"osm_id":"node/13746385201","name":null,"species":null,"height":null,"source":"OpenStreetMap contributors","kind":"tree"},"geometry":{"type":"Point","coordinates":[14.4812668,35.8640565]}},{"type":"Feature","properties":{"osm_id":"node/13746385300","name":null,"species":null,"height":null,"source":"OpenStreetMap contributors","kind":"tree"},"geometry":{"type":"Point","coordinates":[14.4808229,35.8635541]}},{"type":"Feature","properties":{"osm_id":"node/13755753993","name":null,"species":null,"height":null,"source":"OpenStreetMap contributors","kind":"tree"},"geometry":{"type":"Point","coordinates":[14.4794267,35.8626629]}},{"type":"Feature","properties":{"osm_id":"node/13793407260","name":null,"species":null,"height":null,"source":"OpenStreetMap contributors","kind":"tree"},"geometry":{"type":"Point","coordinates":[14.4944008,35.8985803]}},{"type":"Feature","properties":{"osm_id":"node/13798758770","name":null,"species":null,"height":null,"source":"OpenStreetMap contributors","kind":"tree"},"geometry":{"type":"Point","coordinates":[14.4792071,35.9026013]}},{"type":"Feature","properties":{"osm_id":"node/13798834883","name":null,"species":null,"height":null,"source":"OpenStreetMap contributors","kind":"tree"},"geometry":{"type":"Point","coordinates":[14.483842,35.9032063]}},{"type":"Feature","properties":{"osm_id":"node/13798834884","name":null,"species":null,"height":null,"source":"OpenStreetMap contributors","kind":"tree"},"geometry":{"type":"Point","coordinates":[14.4838532,35.9032631]}},{"type":"Feature","properties":{"osm_id":"node/13798840467","name":null,"species":null,"height":null,"source":"OpenStreetMap contributors","kind":"tree"},"geometry":{"type":"Point","coordinates":[14.4838977,35.9035194]}},{"type":"Feature","properties":{"osm_id":"node/13798849948","name":null,"species":null,"height":null,"source":"OpenStreetMap contributors","kind":"tree"},"geometry":{"type":"Point","coordinates":[14.4838731,35.9034625]}},{"type":"Feature","properties":{"osm_id":"node/13798851842","name":null,"species":null,"height":null,"source":"OpenStreetMap contributors","kind":"tree"},"geometry":{"type":"Point","coordinates":[14.4838569,35.9035326]}},{"type":"Feature","properties":{"osm_id":"node/13798857534","name":null,"species":null,"height":null,"source":"OpenStreetMap contributors","kind":"tree"},"geometry":{"type":"Point","coordinates":[14.4790856,35.9026645]}},{"type":"Feature","properties":{"osm_id":"node/13798863050","name":null,"species":null,"height":null,"source":"OpenStreetMap contributors","kind":"tree"},"geometry":{"type":"Point","coordinates":[14.4838843,35.9033261]}},{"type":"Feature","properties":{"osm_id":"node/13798874651","name":null,"species":null,"height":null,"source":"OpenStreetMap contributors","kind":"tree"},"geometry":{"type":"Point","coordinates":[14.4792244,35.9025727]}},{"type":"Feature","properties":{"osm_id":"node/13805790128","name":null,"species":null,"height":null,"source":"OpenStreetMap contributors","kind":"tree"},"geometry":{"type":"Point","coordinates":[14.4631234,35.895544]}},{"type":"Feature","properties":{"osm_id":"node/13805790129","name":null,"species":null,"height":null,"source":"OpenStreetMap contributors","kind":"tree"},"geometry":{"type":"Point","coordinates":[14.463413,35.8954941]}},{"type":"Feature","properties":{"osm_id":"node/13805790130","name":null,"species":null,"height":null,"source":"OpenStreetMap contributors","kind":"tree"},"geometry":{"type":"Point","coordinates":[14.4636441,35.8954479]}},{"type":"Feature","properties":{"osm_id":"node/13806229514","name":null,"species":null,"height":null,"source":"OpenStreetMap contributors","kind":"tree"},"geometry":{"type":"Point","coordinates":[14.4697991,35.9014221]}},{"type":"Feature","properties":{"osm_id":"node/13872323204","name":null,"species":"Acacia neriifolia","height":null,"source":"OpenStreetMap contributors","kind":"tree"},"geometry":{"type":"Point","coordinates":[14.4788376,35.9342548]}},{"type":"Feature","properties":{"osm_id":"node/13872323206","name":null,"species":null,"height":null,"source":"OpenStreetMap contributors","kind":"tree"},"geometry":{"type":"Point","coordinates":[14.4786371,35.9325553]}},{"type":"Feature","properties":{"osm_id":"node/13872323212","name":null,"species":"Acacia neriifolia","height":null,"source":"OpenStreetMap contributors","kind":"tree"},"geometry":{"type":"Point","coordinates":[14.4806378,35.9298134]}},{"type":"Feature","properties":{"osm_id":"node/13872323213","name":null,"species":"Acacia neriifolia","height":null,"source":"OpenStreetMap contributors","kind":"tree"},"geometry":{"type":"Point","coordinates":[14.4805508,35.9294924]}},{"type":"Feature","properties":{"osm_id":"node/13872323214","name":null,"species":"Acacia neriifolia","height":null,"source":"OpenStreetMap contributors","kind":"tree"},"geometry":{"type":"Point","coordinates":[14.4816946,35.9312091]}},{"type":"Feature","properties":{"osm_id":"node/13872323216","name":null,"species":"Acacia neriifolia","height":null,"source":"OpenStreetMap contributors","kind":"tree"},"geometry":{"type":"Point","coordinates":[14.4834398,35.929322]}},{"type":"Feature","properties":{"osm_id":"node/13872323219","name":null,"species":"Acacia neriifolia","height":null,"source":"OpenStreetMap contributors","kind":"tree"},"geometry":{"type":"Point","coordinates":[14.4839488,35.9302895]}},{"type":"Feature","properties":{"osm_id":"node/13872323220","name":null,"species":"Acacia neriifolia","height":null,"source":"OpenStreetMap contributors","kind":"tree"},"geometry":{"type":"Point","coordinates":[14.4844871,35.9306719]}},{"type":"Feature","properties":{"osm_id":"node/13928599227","name":null,"species":"Ceratonia siliqua","height":null,"source":"OpenStreetMap contributors","kind":"tree"},"geometry":{"type":"Point","coordinates":[14.5174245,35.8756997]}},{"type":"Feature","properties":{"osm_id":"way/22885948","name":null,"species":null,"height":null,"source":"OpenStreetMap contributors","kind":"woodland"},"geometry":{"type":"Polygon","coordinates":[[[14.444972,35.9008451],[14.4448679,35.9004364],[14.4447628,35.9002744],[14.444653,35.9001517],[14.4448527,35.9000157],[14.4451174,35.8999861],[14.4451501,35.8999825],[14.4451588,35.8999815],[14.445341,35.8998926],[14.4455911,35.8998283],[14.4458153,35.8998202],[14.4458548,35.8999548],[14.4458903,35.9001915],[14.4457577,35.9001781],[14.4456157,35.900202],[14.4456481,35.9003436],[14.4453582,35.9003584],[14.4453146,35.9005996],[14.4453067,35.9006435],[14.4449944,35.9008316],[14.444972,35.9008451]]]}},{"type":"Feature","properties":{"osm_id":"way/30334805","name":null,"species":null,"height":null,"source":"OpenStreetMap contributors","kind":"woodland"},"geometry":{"type":"Polygon","coordinates":[[[14.4969593,35.8917919],[14.4968846,35.8926318],[14.4969946,35.8927453],[14.4970689,35.8927742],[14.4971521,35.8927752],[14.4972658,35.892757],[14.4973861,35.8926909],[14.4974115,35.8925923],[14.4974418,35.8924789],[14.4974095,35.8924083],[14.4970306,35.8917853],[14.4969593,35.8917919]]]}},{"type":"Feature","properties":{"osm_id":"way/30605179","name":"Ġonna tal-Buskett","species":null,"height":null,"source":"OpenStreetMap contributors","kind":"woodland"},"geometry":{"type":"Polygon","coordinates":[[[14.3977603,35.8626817],[14.3977171,35.8620995],[14.3977132,35.8620464],[14.3977743,35.8620082],[14.3977858,35.8614199],[14.397827,35.8613842],[14.3977132,35.8611564],[14.3972395,35.8603581],[14.3974458,35.8602282],[14.3973247,35.8600066],[14.3972302,35.8598269],[14.3971097,35.8596132],[14.397072,35.8595524],[14.3969607,35.859365],[14.3969225,35.8592656],[14.3969182,35.8592528],[14.3968385,35.8590174],[14.3967457,35.858359],[14.3969569,35.8583489],[14.3967385,35.8574097],[14.3967432,35.8572356],[14.3966704,35.8571114],[14.3965673,35.8569968],[14.3962884,35.8568669],[14.3959376,35.8567208],[14.3957204,35.8565978],[14.3957181,35.8564634],[14.3957289,35.8564371],[14.3956457,35.8562858],[14.395368,35.8560021],[14.3951735,35.8559363],[14.3948532,35.8556762],[14.3947719,35.8556082],[14.3947269,35.85551],[14.3947444,35.8553639],[14.3947903,35.8553116],[14.3948516,35.8553076],[14.3977839,35.8558152],[14.3989507,35.8560189],[14.3991799,35.856038],[14.3992907,35.8560189],[14.3993976,35.8559616],[14.3997032,35.8556828],[14.3999668,35.8554307],[14.4003564,35.855488],[14.4002151,35.8557363],[14.4002507,35.8561539],[14.4005193,35.8562237],[14.4003092,35.8564694],[14.3999274,35.8571739],[14.3998751,35.8572432],[14.4000432,35.8574589],[14.4001921,35.8575544],[14.4003296,35.8577072],[14.4004099,35.8577492],[14.4005856,35.8577492],[14.4010514,35.8576842],[14.4012032,35.8575733],[14.4012386,35.8575461],[14.4018808,35.8570284],[14.4032181,35.8559917],[14.4036033,35.8561835],[14.4036542,35.8561668],[14.4039478,35.8560842],[14.4040003,35.8566623],[14.403831,35.8567499],[14.4039361,35.8569193],[14.404663,35.8576401],[14.4022927,35.8586105],[14.401736,35.8586174],[14.400668,35.8586307],[14.3994874,35.8582876],[14.3990056,35.8586009],[14.3995635,35.8595917],[14.3999046,35.8602044],[14.4002243,35.8607547],[14.4005974,35.860686],[14.4006346,35.8607934],[14.4007172,35.8608678],[14.4008164,35.8609009],[14.401205,35.8609133],[14.4012256,35.8611448],[14.4016265,35.8616945],[14.4016241,35.8617615],[14.4016224,35.8618102],[14.4018745,35.8619879],[14.4019288,35.8621599],[14.4014557,35.8623207],[14.4012009,35.8623784],[14.4009675,35.8624717],[14.4007423,35.8625076],[14.3977603,35.8626817]]]}},{"type":"Feature","properties":{"osm_id":"way/48167486","name":"Masġar Bormla","species":null,"height":null,"source":"OpenStreetMap contributors","kind":"woodland"},"geometry":{"type":"Polygon","coordinates":[[[14.5225981,35.878665],[14.5224338,35.8786405],[14.5210699,35.8781729],[14.521263,35.8779998],[14.5215883,35.8777071],[14.5217348,35.8775721],[14.5221379,35.877104],[14.52295,35.8770936],[14.5236462,35.8771989],[14.5237314,35.8772186],[14.5240867,35.8773244],[14.5244826,35.8774664],[14.5248543,35.8777057],[14.5250411,35.8779085],[14.5251214,35.8781763],[14.5250097,35.8785098],[14.5245266,35.8791319],[14.5241054,35.8796157],[14.5234974,35.8787934],[14.5234665,35.878777],[14.5234303,35.8787701],[14.5233581,35.8787696],[14.5225149,35.8787858],[14.5225981,35.878665]]]}},{"type":"Feature","properties":{"osm_id":"way/126975883","name":null,"species":null,"height":null,"source":"OpenStreetMap contributors","kind":"woodland"},"geometry":{"type":"Polygon","coordinates":[[[14.4946569,35.8762062],[14.4947796,35.8756156],[14.4946442,35.8751009],[14.494363,35.8745205],[14.4936681,35.8739612],[14.4937493,35.8738291],[14.4934789,35.8737402],[14.4934961,35.873684],[14.4937749,35.873796],[14.4941837,35.8738789],[14.494305,35.8739214],[14.4944023,35.8739716],[14.4944956,35.8740408],[14.4945723,35.8741157],[14.4946328,35.8742017],[14.4946783,35.8743423],[14.494804,35.8751014],[14.4949143,35.8757752],[14.4949219,35.8760134],[14.4949089,35.8761654],[14.4946569,35.8762062]]]}},{"type":"Feature","properties":{"osm_id":"way/176620771","name":null,"species":null,"height":null,"source":"OpenStreetMap contributors","kind":"woodland"},"geometry":{"type":"Polygon","coordinates":[[[14.4776684,35.8773368],[14.4776335,35.8772738],[14.4775209,35.8772542],[14.4775128,35.8772021],[14.4775662,35.8771535],[14.4775477,35.8770521],[14.4777649,35.8770065],[14.4777995,35.8771644],[14.4779634,35.8771217],[14.4780088,35.8771839],[14.4779042,35.8772491],[14.4777998,35.8772673],[14.4777918,35.8773173],[14.4776684,35.8773368]]]}},{"type":"Feature","properties":{"osm_id":"way/176620777","name":null,"species":null,"height":null,"source":"OpenStreetMap contributors","kind":"woodland"},"geometry":{"type":"Polygon","coordinates":[[[14.4783631,35.8778302],[14.4782129,35.8777085],[14.4784462,35.8774868],[14.4786286,35.8776215],[14.4783631,35.8778302]]]}},{"type":"Feature","properties":{"osm_id":"way/176620778","name":null,"species":null,"height":null,"source":"OpenStreetMap contributors","kind":"woodland"},"geometry":{"type":"Polygon","coordinates":[[[14.4785696,35.8779062],[14.47876,35.8777584],[14.478642,35.8776693],[14.4787654,35.8775759],[14.4787625,35.8777077],[14.4789585,35.8778562],[14.4790658,35.8777889],[14.4791567,35.8778381],[14.4790524,35.8779323],[14.4792294,35.8780714],[14.47898,35.8782931],[14.4788244,35.8781779],[14.4787976,35.878154],[14.4786715,35.8782431],[14.4785991,35.8782083],[14.4787413,35.878104],[14.478851,35.8781258],[14.4789305,35.8780559],[14.4790288,35.8779695],[14.4788861,35.8778693],[14.4787195,35.8779946],[14.4785696,35.8779062]]]}},{"type":"Feature","properties":{"osm_id":"way/176620786","name":null,"species":null,"height":null,"source":"OpenStreetMap contributors","kind":"woodland"},"geometry":{"type":"Polygon","coordinates":[[[14.4793256,35.8786165],[14.4791382,35.8784706],[14.4794375,35.8781919],[14.4793463,35.8781197],[14.4794398,35.8780401],[14.4797194,35.8782296],[14.4793256,35.8786165]]]}},{"type":"Feature","properties":{"osm_id":"way/176620789","name":null,"species":null,"height":null,"source":"OpenStreetMap contributors","kind":"woodland"},"geometry":{"type":"Polygon","coordinates":[[[14.47795,35.8775237],[14.4778451,35.8774425],[14.4778883,35.8773955],[14.4778438,35.8772704],[14.4781163,35.8772651],[14.4781858,35.87731],[14.47795,35.8775237]]]}},{"type":"Feature","properties":{"osm_id":"way/224009612","name":null,"species":null,"height":null,"source":"OpenStreetMap contributors","kind":"woodland"},"geometry":{"type":"Polygon","coordinates":[[[14.492297,35.9129148],[14.4923507,35.912854],[14.4925626,35.9128757],[14.4926838,35.9129195],[14.492863,35.9130582],[14.4928957,35.9130998],[14.4929789,35.9130716],[14.4928952,35.913043],[14.4929113,35.9130169],[14.4928335,35.9129583],[14.4929032,35.9128888],[14.4930212,35.9130256],[14.4930668,35.9130471],[14.493209,35.9129496],[14.4933892,35.912963],[14.4934558,35.9129257],[14.4936247,35.9129996],[14.4938259,35.9131701],[14.4937414,35.9129722],[14.4935939,35.9128894],[14.4931125,35.9126046],[14.4928233,35.912459],[14.4927932,35.912413],[14.4928245,35.9123381],[14.4925686,35.9122838],[14.4925801,35.9119421],[14.4924074,35.9119355],[14.4923366,35.9119266],[14.4922332,35.9119137],[14.4921152,35.9119376],[14.4919757,35.9119311],[14.4919644,35.9119633],[14.491906,35.9119615],[14.4919028,35.9120263],[14.4915251,35.9120571],[14.4915085,35.911972],[14.4914948,35.911935],[14.4908621,35.911946],[14.490581,35.9118768],[14.4904213,35.91181],[14.490428,35.9117027],[14.4903551,35.9116863],[14.4899202,35.9116277],[14.489889,35.9116704],[14.4897437,35.9118612],[14.4896834,35.9120703],[14.4897249,35.9120763],[14.4899077,35.9119528],[14.4899824,35.9117266],[14.4900844,35.9117722],[14.4901464,35.9119246],[14.4901514,35.9120068],[14.4899744,35.9121893],[14.4901755,35.9123348],[14.4902299,35.912291],[14.490303,35.9123741],[14.4902475,35.9124527],[14.4902158,35.9124977],[14.4903712,35.9127041],[14.4903379,35.9127603],[14.4904683,35.9128695],[14.4903846,35.9128844],[14.490449,35.9129822],[14.4905595,35.9129369],[14.4905858,35.9129865],[14.4905053,35.9130821],[14.4905134,35.9131256],[14.490618,35.9131017],[14.4906314,35.9132081],[14.4907306,35.9133515],[14.4908647,35.9133254],[14.4908996,35.9134666],[14.4909103,35.9135861],[14.4908653,35.9135886],[14.4908326,35.9136795],[14.4909452,35.9137447],[14.490964,35.9137056],[14.4910101,35.9137189],[14.491045,35.913606],[14.4911491,35.9135861],[14.4911335,35.9134725],[14.4911303,35.9134492],[14.4911759,35.9134514],[14.4912054,35.913534],[14.491251,35.9135318],[14.4912805,35.9134644],[14.4913561,35.9134887],[14.4913906,35.9134994],[14.4914495,35.9133363],[14.4911684,35.9132758],[14.4910874,35.9133124],[14.4910638,35.9132975],[14.4909372,35.9131516],[14.4909372,35.9128736],[14.4909881,35.9127997],[14.4909645,35.912724],[14.4910289,35.912724],[14.4911276,35.9127345],[14.4912006,35.912837],[14.491259,35.9129235],[14.491509,35.9131411],[14.4916278,35.913227],[14.4922388,35.9135281],[14.4924267,35.9133727],[14.4923875,35.9132081],[14.4923741,35.9130586],[14.492297,35.9129148]]]}},{"type":"Feature","properties":{"osm_id":"way/245490646","name":null,"species":null,"height":null,"source":"OpenStreetMap contributors","kind":"woodland"},"geometry":{"type":"Polygon","coordinates":[[[14.3647492,35.9250985],[14.3655468,35.9250767],[14.3657724,35.9251628],[14.3658794,35.9251049],[14.3661771,35.9252852],[14.3663541,35.9252331],[14.3666065,35.9252801],[14.3669067,35.9250484],[14.3672768,35.9250875],[14.3677062,35.9256124],[14.3675691,35.9257583],[14.3675075,35.9258238],[14.3673549,35.9257753],[14.3673278,35.925813],[14.3671296,35.9257601],[14.3670971,35.9259998],[14.3673626,35.9260606],[14.3674469,35.9262342],[14.3674565,35.9262539],[14.3674547,35.9263041],[14.3674461,35.9265442],[14.3678699,35.9266137],[14.3677784,35.9267187],[14.367658,35.9272011],[14.3676311,35.9273087],[14.3676374,35.9273423],[14.3679654,35.9277493],[14.3679415,35.9277946],[14.3674354,35.9283002],[14.3672908,35.9284117],[14.3671678,35.9284652],[14.3669846,35.9285175],[14.3663151,35.9286677],[14.3661603,35.9286971],[14.3660216,35.9286999],[14.3658176,35.9286978],[14.3655572,35.9286789],[14.3654922,35.9286328],[14.3653922,35.928211],[14.3653675,35.9278138],[14.3658955,35.9282673],[14.3661476,35.9283368],[14.3667058,35.9279125],[14.367379,35.9275824],[14.3674404,35.9274354],[14.3674257,35.9274106],[14.3673998,35.9273959],[14.3671937,35.9270184],[14.3665794,35.9272269],[14.3661986,35.9272117],[14.3658311,35.9270402],[14.3655229,35.92682],[14.3652678,35.9265602],[14.3649835,35.9260085],[14.3647743,35.9255501],[14.3647287,35.9252483],[14.3647492,35.9250985]]]}},{"type":"Feature","properties":{"osm_id":"way/304712513","name":null,"species":null,"height":null,"source":"OpenStreetMap contributors","kind":"woodland"},"geometry":{"type":"Polygon","coordinates":[[[14.4945168,35.8524631],[14.494529,35.8524053],[14.4948026,35.8521945],[14.4948294,35.8521423],[14.494816,35.8520727],[14.4947596,35.8520135],[14.4946067,35.8518765],[14.4945879,35.8518482],[14.4945906,35.8517895],[14.4946229,35.8517336],[14.4947778,35.8516048],[14.4947535,35.8515792],[14.4948609,35.8515091],[14.4949408,35.8514792],[14.494967,35.8514973],[14.4950279,35.8515333],[14.4952735,35.8517485],[14.4953122,35.8517859],[14.4953288,35.8518037],[14.4952853,35.8518678],[14.4951186,35.8520636],[14.4949339,35.8522287],[14.4947515,35.852357],[14.4946147,35.8524287],[14.4945168,35.8524631]]]}},{"type":"Feature","properties":{"osm_id":"way/310758774","name":null,"species":null,"height":null,"source":"OpenStreetMap contributors","kind":"tree_row"},"geometry":{"type":"LineString","coordinates":[[14.4726795,35.8355479],[14.4724273,35.8357371]]}},{"type":"Feature","properties":{"osm_id":"way/310759597","name":null,"species":null,"height":null,"source":"OpenStreetMap contributors","kind":"tree_row"},"geometry":{"type":"LineString","coordinates":[[14.4707402,35.8263299],[14.4706066,35.826399]]}},{"type":"Feature","properties":{"osm_id":"way/315590000","name":null,"species":null,"height":null,"source":"OpenStreetMap contributors","kind":"woodland"},"geometry":{"type":"Polygon","coordinates":[[[14.4866409,35.8998012],[14.4866932,35.8998156],[14.4867412,35.8998157],[14.4867936,35.8998014],[14.4868413,35.8997692],[14.4868681,35.89973],[14.4868767,35.8996858],[14.4868733,35.8996618],[14.4868528,35.8996202],[14.4868286,35.8995958],[14.486783,35.8995706],[14.4867392,35.8995604],[14.4866577,35.8995686],[14.4866108,35.8995924],[14.4865792,35.8996242],[14.4865605,35.8996664],[14.4865608,35.8997112],[14.4865755,35.8997465],[14.4866086,35.8997823],[14.4866409,35.8998012]]]}},{"type":"Feature","properties":{"osm_id":"way/316547885","name":null,"species":null,"height":null,"source":"OpenStreetMap contributors","kind":"woodland"},"geometry":{"type":"Polygon","coordinates":[[[14.4782855,35.9220338],[14.4781174,35.9219667],[14.4781731,35.921656],[14.478265,35.9217755],[14.4783875,35.9218401],[14.4782855,35.9220338]]]}},{"type":"Feature","properties":{"osm_id":"way/316547887","name":null,"species":null,"height":null,"source":"OpenStreetMap contributors","kind":"woodland"},"geometry":{"type":"Polygon","coordinates":[[[14.4729942,35.9228694],[14.4730082,35.9226856],[14.4727694,35.9226683],[14.4711536,35.9220622],[14.4710249,35.9223185],[14.4712466,35.9224135],[14.4714247,35.9224758],[14.4725237,35.9227359],[14.4727189,35.9227843],[14.4728783,35.9228044],[14.4728733,35.9228596],[14.4729942,35.9228694]]]}},{"type":"Feature","properties":{"osm_id":"way/316547888","name":null,"species":null,"height":null,"source":"OpenStreetMap contributors","kind":"woodland"},"geometry":{"type":"Polygon","coordinates":[[[14.4699468,35.9228036],[14.4700317,35.9224034],[14.4698061,35.9224466],[14.4696681,35.9224731],[14.468166,35.9227919],[14.4699468,35.9228036]]]}},{"type":"Feature","properties":{"osm_id":"way/316547889","name":null,"species":null,"height":null,"source":"OpenStreetMap contributors","kind":"woodland"},"geometry":{"type":"Polygon","coordinates":[[[14.4682509,35.9226782],[14.4677723,35.921903],[14.4686796,35.9217193],[14.4691622,35.9216088],[14.4694306,35.9218993],[14.4698061,35.9224466],[14.4696681,35.9224731],[14.4682509,35.9226782]]]}},{"type":"Feature","properties":{"osm_id":"way/316547890","name":null,"species":null,"height":null,"source":"OpenStreetMap contributors","kind":"woodland"},"geometry":{"type":"Polygon","coordinates":[[[14.470126,35.9224248],[14.4700286,35.9222684],[14.4709858,35.9221023],[14.4710249,35.9223185],[14.4703169,35.9224022],[14.470126,35.9224248]]]}},{"type":"Feature","properties":{"osm_id":"way/317816659","name":null,"species":null,"height":null,"source":"OpenStreetMap contributors","kind":"woodland"},"geometry":{"type":"Polygon","coordinates":[[[14.4493062,35.9009647],[14.4493599,35.9007439],[14.4495557,35.900311],[14.4500674,35.9001198],[14.4505367,35.9006918],[14.4505578,35.9007434],[14.4506392,35.9010043],[14.4502976,35.9010418],[14.4502867,35.9010691],[14.4498734,35.9010663],[14.4497399,35.9010663],[14.4497416,35.9010469],[14.4495423,35.9010197],[14.4495278,35.9010163],[14.4493062,35.9009647]]]}},{"type":"Feature","properties":{"osm_id":"way/317816661","name":null,"species":null,"height":null,"source":"OpenStreetMap contributors","kind":"woodland"},"geometry":{"type":"Polygon","coordinates":[[[14.4483009,35.9003705],[14.4483373,35.9004086],[14.4486684,35.9004357],[14.4486719,35.900289],[14.4486633,35.8999312],[14.4486323,35.8997414],[14.4483064,35.8997826],[14.4483003,35.8999931],[14.4483009,35.9003705]]]}},{"type":"Feature","properties":{"osm_id":"way/317816663","name":null,"species":null,"height":null,"source":"OpenStreetMap contributors","kind":"woodland"},"geometry":{"type":"Polygon","coordinates":[[[14.4494665,35.9019711],[14.4490016,35.9019081],[14.4488133,35.9016555],[14.4496674,35.9014125],[14.4499189,35.9014429],[14.4499632,35.9014941],[14.4499613,35.9015176],[14.4499486,35.9016181],[14.449638,35.9016114],[14.4495752,35.9017541],[14.4494665,35.9019711]]]}},{"type":"Feature","properties":{"osm_id":"way/317816664","name":null,"species":null,"height":null,"source":"OpenStreetMap contributors","kind":"woodland"},"geometry":{"type":"Polygon","coordinates":[[[14.4488291,35.9016439],[14.4489539,35.9010164],[14.4491934,35.9010591],[14.4490807,35.9012829],[14.4490907,35.9015612],[14.4488291,35.9016439]]]}},{"type":"Feature","properties":{"osm_id":"way/317816665","name":null,"species":null,"height":null,"source":"OpenStreetMap contributors","kind":"woodland"},"geometry":{"type":"Polygon","coordinates":[[[14.4492482,35.9015346],[14.4492826,35.9010505],[14.4493058,35.9010482],[14.4493062,35.9009647],[14.4495278,35.9010163],[14.4496299,35.9013279],[14.4496674,35.9014125],[14.4492482,35.9015346]]]}},{"type":"Feature","properties":{"osm_id":"way/322551662","name":null,"species":null,"height":null,"source":"OpenStreetMap contributors","kind":"woodland"},"geometry":{"type":"Polygon","coordinates":[[[14.3677138,35.9169966],[14.3673812,35.9170161],[14.36737,35.9170176],[14.3670352,35.9170639],[14.3667697,35.9170683],[14.3665633,35.9171234],[14.3664265,35.9171604],[14.3662111,35.9171442],[14.3664131,35.9172299],[14.3665996,35.9173423],[14.3666652,35.9173819],[14.3669306,35.9175548],[14.3672864,35.9178394],[14.3676468,35.9177047],[14.3680411,35.9176852],[14.3686299,35.9177032],[14.368658,35.9175418],[14.3685024,35.9175896],[14.3680384,35.9175787],[14.367687,35.9175852],[14.3676952,35.9172364],[14.3677138,35.9169966]]]}},{"type":"Feature","properties":{"osm_id":"way/322554613","name":null,"species":null,"height":null,"source":"OpenStreetMap contributors","kind":"woodland"},"geometry":{"type":"Polygon","coordinates":[[[14.3688779,35.9165252],[14.3688806,35.916914],[14.3689183,35.9169757],[14.3690174,35.9171334],[14.3692106,35.9172255],[14.368827,35.9172476],[14.3686714,35.9172399],[14.3687009,35.9169162],[14.3680116,35.9169727],[14.3680223,35.9169466],[14.3681242,35.9169444],[14.3681924,35.9167274],[14.3686318,35.9168781],[14.3687653,35.9167641],[14.3688591,35.916308],[14.3688779,35.9165252]]]}},{"type":"Feature","properties":{"osm_id":"way/322554678","name":null,"species":null,"height":null,"source":"OpenStreetMap contributors","kind":"woodland"},"geometry":{"type":"Polygon","coordinates":[[[14.3705516,35.9169444],[14.3705248,35.9168619],[14.3702485,35.9168597],[14.3694358,35.9169205],[14.3694841,35.9172073],[14.3698462,35.9171834],[14.3701601,35.917169],[14.3702137,35.9170552],[14.3702808,35.9169974],[14.3703612,35.9169531],[14.3705516,35.9169444]]]}},{"type":"Feature","properties":{"osm_id":"way/322776772","name":null,"species":null,"height":null,"source":"OpenStreetMap contributors","kind":"woodland"},"geometry":{"type":"Polygon","coordinates":[[[14.3736067,35.9045248],[14.3734243,35.9043618],[14.3733036,35.904238],[14.373258,35.9040685],[14.3735185,35.9040034],[14.3736603,35.9038512],[14.3738831,35.9036846],[14.3739717,35.9034407],[14.3740385,35.9033885],[14.3740869,35.9032175],[14.3742155,35.9030343],[14.3744222,35.9028699],[14.3744006,35.9028475],[14.3746205,35.9026715],[14.3752163,35.903269],[14.3753662,35.903332],[14.3752082,35.9034537],[14.3751385,35.9034494],[14.3747896,35.9036862],[14.3745884,35.9040316],[14.3746072,35.9040903],[14.3742397,35.9043249],[14.3736067,35.9045248]]]}},{"type":"Feature","properties":{"osm_id":"way/322861204","name":null,"species":null,"height":null,"source":"OpenStreetMap contributors","kind":"woodland"},"geometry":{"type":"Polygon","coordinates":[[[14.3693098,35.9181587],[14.3695512,35.9181522],[14.3696263,35.9181066],[14.369636,35.9181095],[14.3698277,35.9181674],[14.3695622,35.9183216],[14.369463,35.9184389],[14.3694385,35.9183781],[14.3694145,35.9182704],[14.3693098,35.9181587]]]}},{"type":"Feature","properties":{"osm_id":"way/322861473","name":null,"species":null,"height":null,"source":"OpenStreetMap contributors","kind":"woodland"},"geometry":{"type":"Polygon","coordinates":[[[14.3723085,35.9165426],[14.3723112,35.916119],[14.3723005,35.9158779],[14.3723434,35.9151523],[14.3723917,35.9146766],[14.3724078,35.9149851],[14.3723917,35.9154673],[14.3723836,35.9160364],[14.3723085,35.9165426]]]}},{"type":"Feature","properties":{"osm_id":"way/322863581","name":null,"species":null,"height":null,"source":"OpenStreetMap contributors","kind":"woodland"},"geometry":{"type":"Polygon","coordinates":[[[14.3714757,35.9183005],[14.3711712,35.9180609],[14.371116,35.9179836],[14.3712007,35.917292],[14.3712415,35.9172599],[14.3717264,35.9172637],[14.371654,35.9172311],[14.371212,35.9172273],[14.3711476,35.9172664],[14.3710248,35.9180432],[14.3714248,35.9183396],[14.3714757,35.9183005]]]}},{"type":"Feature","properties":{"osm_id":"way/322863585","name":null,"species":null,"height":null,"source":"OpenStreetMap contributors","kind":"woodland"},"geometry":{"type":"Polygon","coordinates":[[[14.3723433,35.917746],[14.3724238,35.9179371],[14.3724399,35.9181391],[14.3723702,35.9184975],[14.3723541,35.9189211],[14.3723773,35.9190042],[14.3722745,35.9190961],[14.3720778,35.9191383],[14.3721009,35.9188685],[14.3720465,35.9188557],[14.3719751,35.9188542],[14.3718924,35.9188524],[14.3718882,35.918887],[14.3714582,35.9189754],[14.3714501,35.9189735],[14.3713419,35.9189463],[14.3712728,35.9189619],[14.3711778,35.9189705],[14.3708907,35.9190099],[14.3709334,35.9187018],[14.3709663,35.9184646],[14.3710248,35.9180432],[14.3714248,35.9183396],[14.3714757,35.9183005],[14.371668,35.9181527],[14.3718686,35.918074],[14.3720891,35.917879],[14.3723433,35.917746]]]}},{"type":"Feature","properties":{"osm_id":"way/322867718","name":null,"species":null,"height":null,"source":"OpenStreetMap contributors","kind":"woodland"},"geometry":{"type":"Polygon","coordinates":[[[14.3686419,35.9126063],[14.3691204,35.9127175],[14.3692535,35.9123239],[14.3694466,35.9123239],[14.3697362,35.9123934],[14.3697094,35.9124912],[14.3696139,35.9125133],[14.3693967,35.9124937],[14.3692856,35.9127541],[14.369689,35.9128565],[14.3696156,35.9130104],[14.3691848,35.9130281],[14.3688484,35.9128627],[14.3683874,35.9127652],[14.3684244,35.9126648],[14.368441,35.9125659],[14.3686419,35.9126063]]]}},{"type":"Feature","properties":{"osm_id":"way/322868114","name":null,"species":null,"height":null,"source":"OpenStreetMap contributors","kind":"woodland"},"geometry":{"type":"Polygon","coordinates":[[[14.3697041,35.911909],[14.3697845,35.9118395],[14.3702282,35.9119202],[14.3700179,35.9119394],[14.3699036,35.9120571],[14.3696783,35.9119919],[14.3697041,35.911909]]]}},{"type":"Feature","properties":{"osm_id":"way/322868416","name":null,"species":null,"height":null,"source":"OpenStreetMap contributors","kind":"woodland"},"geometry":{"type":"Polygon","coordinates":[[[14.3700045,35.911531],[14.3701477,35.9113315],[14.3705329,35.9116961],[14.3703853,35.911783],[14.3702271,35.9117635],[14.3699213,35.9116331],[14.3700045,35.911531]]]}},{"type":"Feature","properties":{"osm_id":"way/322868731","name":null,"species":null,"height":null,"source":"OpenStreetMap contributors","kind":"woodland"},"geometry":{"type":"Polygon","coordinates":[[[14.37038,35.9109966],[14.3702496,35.9111751],[14.3708558,35.9113793],[14.3704508,35.910884],[14.37038,35.9109966]]]}},{"type":"Feature","properties":{"osm_id":"way/322875454","name":null,"species":null,"height":null,"source":"OpenStreetMap contributors","kind":"woodland"},"geometry":{"type":"Polygon","coordinates":[[[14.3726815,35.9071969],[14.3723998,35.9073403],[14.3720351,35.9076184],[14.3715893,35.907823],[14.3713237,35.907873],[14.3707637,35.9079725],[14.3703426,35.908181],[14.3701495,35.9083809],[14.3700685,35.9084204],[14.3701436,35.9083248],[14.370305,35.9081615],[14.370525,35.908042],[14.3709568,35.9078725],[14.371158,35.9078226],[14.3713672,35.90779],[14.3715013,35.9077226],[14.3718763,35.907634],[14.3721182,35.9074771],[14.3722508,35.9073634],[14.3723006,35.9073207],[14.3725822,35.9071317],[14.3726815,35.9071969]]]}},{"type":"Feature","properties":{"osm_id":"way/322875736","name":null,"species":null,"height":null,"source":"OpenStreetMap contributors","kind":"woodland"},"geometry":{"type":"Polygon","coordinates":[[[14.3722845,35.9075945],[14.3726225,35.907412],[14.3729791,35.9073598],[14.3735718,35.907412],[14.3737511,35.9074428],[14.374014,35.9074515],[14.3743064,35.907445],[14.3742746,35.9076184],[14.374149,35.9076184],[14.3739849,35.9076184],[14.3739849,35.9078421],[14.3736872,35.907853],[14.3735236,35.9078617],[14.3735236,35.9079269],[14.3732017,35.9079399],[14.3733247,35.9084096],[14.3731103,35.9084022],[14.3722979,35.9077943],[14.3721745,35.9077183],[14.3721206,35.9076797],[14.3722845,35.9075945]]]}},{"type":"Feature","properties":{"osm_id":"way/322931566","name":null,"species":null,"height":null,"source":"OpenStreetMap contributors","kind":"woodland"},"geometry":{"type":"Polygon","coordinates":[[[14.3702782,35.9015243],[14.3705527,35.9013632],[14.370652,35.9015783],[14.370837,35.9019411],[14.3709192,35.9021761],[14.37071,35.9022152],[14.3702192,35.9015612],[14.3702782,35.9015243]]]}},{"type":"Feature","properties":{"osm_id":"way/322931569","name":null,"species":null,"height":null,"source":"OpenStreetMap contributors","kind":"woodland"},"geometry":{"type":"Polygon","coordinates":[[[14.3692616,35.9020305],[14.3698651,35.9017198],[14.3705947,35.9022413],[14.3701558,35.9023844],[14.3700672,35.9023757],[14.3699107,35.9024042],[14.3698008,35.9022456],[14.3696488,35.9023691],[14.3694387,35.9022543],[14.3691231,35.9021671],[14.3690953,35.902137],[14.3692616,35.9020305]]]}},{"type":"Feature","properties":{"osm_id":"way/322956512","name":null,"species":null,"height":null,"source":"OpenStreetMap contributors","kind":"woodland"},"geometry":{"type":"Polygon","coordinates":[[[14.3578406,35.920485],[14.3584602,35.9208369],[14.3586748,35.9209477],[14.3589993,35.9210302],[14.3592219,35.9210911],[14.3593213,35.9210867],[14.3592006,35.920624],[14.3596968,35.9205154],[14.3596779,35.9203482],[14.3598221,35.9202547],[14.3600125,35.9202829],[14.3601577,35.9202727],[14.360209,35.9203286],[14.3603853,35.9202894],[14.360506,35.9203285],[14.3605925,35.9206479],[14.3605121,35.920787],[14.3610425,35.9206174],[14.3613278,35.9205127],[14.3615199,35.9204294],[14.3615249,35.9203966],[14.3613534,35.9202427],[14.3618458,35.919705],[14.3615119,35.9196465],[14.3610592,35.9196792],[14.3604846,35.9196204],[14.3604289,35.9189493],[14.3598657,35.9190731],[14.3598784,35.919577],[14.3592702,35.9196553],[14.3588491,35.9197682],[14.3586587,35.919892],[14.3588169,35.9201071],[14.3589537,35.9201136],[14.3590127,35.9202939],[14.3589074,35.9204719],[14.3584736,35.9203352],[14.3582858,35.9200159],[14.358143,35.9199354],[14.3578862,35.9199746],[14.3576126,35.9201136],[14.3575046,35.9200809],[14.3572505,35.9201766],[14.3576549,35.9203807],[14.3578406,35.920485]]]}},{"type":"Feature","properties":{"osm_id":"way/322956513","name":null,"species":null,"height":null,"source":"OpenStreetMap contributors","kind":"woodland"},"geometry":{"type":"Polygon","coordinates":[[[14.3572103,35.9197422],[14.3571164,35.9198747],[14.357213,35.9199985],[14.3571816,35.9201233],[14.3573229,35.9200028],[14.3576743,35.9198312],[14.3579345,35.9196422],[14.3578703,35.9196119],[14.3574384,35.9197791],[14.3573469,35.9196658],[14.3572103,35.9197422]]]}},{"type":"Feature","properties":{"osm_id":"way/322959589","name":null,"species":null,"height":null,"source":"OpenStreetMap contributors","kind":"woodland"},"geometry":{"type":"Polygon","coordinates":[[[14.3773724,35.9184953],[14.3773155,35.9185415],[14.375798,35.9185756],[14.375154,35.9185281],[14.3752535,35.9183042],[14.3752719,35.9182564],[14.3754895,35.9183259],[14.3757256,35.9183737],[14.3760789,35.9183844],[14.3761306,35.9181956],[14.3768628,35.9182151],[14.3768985,35.9184172],[14.3770962,35.9184215],[14.3773931,35.9184091],[14.3773724,35.9184953]]]}},{"type":"Feature","properties":{"osm_id":"way/322959595","name":null,"species":null,"height":null,"source":"OpenStreetMap contributors","kind":"woodland"},"geometry":{"type":"Polygon","coordinates":[[[14.3753045,35.9181717],[14.3750872,35.9181043],[14.3748378,35.9180935],[14.3748156,35.9181564],[14.3744301,35.9181565],[14.3740841,35.9181391],[14.3739473,35.9182173],[14.3739392,35.9183281],[14.3740405,35.9183323],[14.3740836,35.9185829],[14.3737367,35.9186462],[14.3736951,35.9183802],[14.3734859,35.9183541],[14.3734806,35.9180913],[14.3732713,35.9180196],[14.3730273,35.918087],[14.3730219,35.918302],[14.3729387,35.9183281],[14.3727644,35.9185018],[14.3726732,35.9185692],[14.3725713,35.9185953],[14.3724801,35.9186018],[14.3725311,35.9182347],[14.3728985,35.9179697],[14.3730916,35.9178241],[14.3732787,35.917748],[14.3733994,35.9177089],[14.373722,35.917772],[14.3740089,35.9178654],[14.3742745,35.9179762],[14.3745105,35.917898],[14.3746124,35.917911],[14.3746842,35.9179761],[14.3748968,35.9179697],[14.3750523,35.9179849],[14.3753045,35.9181717]]]}},{"type":"Feature","properties":{"osm_id":"way/324350679","name":null,"species":null,"height":null,"source":"OpenStreetMap contributors","kind":"woodland"},"geometry":{"type":"Polygon","coordinates":[[[14.3745428,35.9089327],[14.3744248,35.9090066],[14.3744079,35.9090894],[14.3743441,35.9093047],[14.3746439,35.9093437],[14.3746125,35.9090435],[14.3745956,35.90892],[14.3747064,35.9087937],[14.3745428,35.9089327]]]}},{"type":"Feature","properties":{"osm_id":"way/324350738","name":null,"species":null,"height":null,"source":"OpenStreetMap contributors","kind":"woodland"},"geometry":{"type":"Polygon","coordinates":[[[14.3779323,35.9096739],[14.3779725,35.9099519],[14.3783024,35.9100823],[14.3782273,35.9104038],[14.3777794,35.9102582],[14.3776185,35.9106384],[14.3772886,35.9105906],[14.3774817,35.9101344],[14.3772644,35.9100649],[14.3772,35.9099671],[14.3771759,35.9098802],[14.3774066,35.9098477],[14.3774093,35.9097303],[14.3775112,35.9097977],[14.3776185,35.9096521],[14.3776587,35.9095088],[14.3777311,35.9094436],[14.377876,35.9094783],[14.3779323,35.9096739]]]}},{"type":"Feature","properties":{"osm_id":"way/324350905","name":null,"species":null,"height":null,"source":"OpenStreetMap contributors","kind":"woodland"},"geometry":{"type":"Polygon","coordinates":[[[14.3726277,35.9064844],[14.3725794,35.906302],[14.3722058,35.906224],[14.3718571,35.9064065],[14.3714226,35.906376],[14.3708754,35.9064977],[14.370296,35.9065716],[14.3698776,35.9066628],[14.3697569,35.9068627],[14.3707547,35.9069865],[14.3707635,35.9070383],[14.3698301,35.9070036],[14.369798,35.9071622],[14.369865,35.9072121],[14.3697604,35.9073447],[14.3694627,35.907299],[14.3694519,35.9074533],[14.3703156,35.9075923],[14.3703719,35.9074989],[14.3708547,35.9076054],[14.3708065,35.9072534],[14.3707904,35.9071687],[14.3713609,35.9071994],[14.3714314,35.9071361],[14.3719303,35.9070383],[14.3723506,35.9070365],[14.3727529,35.9068496],[14.3725767,35.9070644],[14.3724775,35.9071426],[14.3725822,35.9071317],[14.3726815,35.9071969],[14.3728478,35.9072403],[14.3732339,35.9073099],[14.3734672,35.907312],[14.3734485,35.9072208],[14.3738048,35.9071169],[14.3744056,35.9070648],[14.3745106,35.9066864],[14.3746393,35.906367],[14.3748048,35.9059176],[14.3749148,35.905696],[14.3746769,35.9059955],[14.374355,35.9062236],[14.3742021,35.9061454],[14.3743684,35.9058195],[14.3747083,35.9054353],[14.3749344,35.9051026],[14.3747792,35.9048504],[14.3747612,35.9048212],[14.3745911,35.9050419],[14.3745232,35.9052202],[14.3745535,35.9053372],[14.3744114,35.905637],[14.3741056,35.9059217],[14.3737837,35.9061237],[14.3735021,35.9061693],[14.37292,35.9063627],[14.3727779,35.90648],[14.3726277,35.9064844]]]}},{"type":"Feature","properties":{"osm_id":"way/326270228","name":null,"species":null,"height":null,"source":"OpenStreetMap contributors","kind":"woodland"},"geometry":{"type":"Polygon","coordinates":[[[14.3765892,35.9054567],[14.3764819,35.9057305],[14.3764605,35.9059086],[14.3763457,35.9060891],[14.3763285,35.9062562],[14.3764079,35.9062615],[14.3765409,35.9061693],[14.3766616,35.9062019],[14.3767421,35.9060976],[14.376836,35.9061737],[14.3770398,35.9060433],[14.3769057,35.9055719],[14.3767985,35.9055068],[14.3766403,35.9053634],[14.3765892,35.9054567]]]}},{"type":"Feature","properties":{"osm_id":"way/326276701","name":null,"species":null,"height":null,"source":"OpenStreetMap contributors","kind":"woodland"},"geometry":{"type":"Polygon","coordinates":[[[14.3610487,35.903169],[14.3611104,35.9034536],[14.3612231,35.903547],[14.3612884,35.9035141],[14.3613662,35.9035467],[14.3614247,35.9036312],[14.3614584,35.9036557],[14.3614966,35.9036513],[14.3615878,35.9037556],[14.3616039,35.9038208],[14.3617568,35.9038794],[14.3618909,35.9039642],[14.361966,35.903962],[14.3619902,35.904075],[14.3621162,35.9040315],[14.3621082,35.9039968],[14.3621591,35.9039859],[14.3623779,35.9040816],[14.3625883,35.9040576],[14.3628082,35.9039859],[14.3628807,35.9038882],[14.3630959,35.9037856],[14.3631219,35.9037742],[14.3632669,35.9037013],[14.3632937,35.9036274],[14.3632562,35.9036166],[14.3634749,35.9034733],[14.3635458,35.9033102],[14.3636031,35.9032722],[14.3650152,35.9031356],[14.364286,35.9035405],[14.3639158,35.9038491],[14.3637934,35.9038974],[14.3636905,35.9039381],[14.3634572,35.9039403],[14.3631013,35.9042197],[14.3629341,35.9043509],[14.3625157,35.904553],[14.3621556,35.9045719],[14.3621429,35.9045725],[14.3618318,35.9046051],[14.3615904,35.9045595],[14.3615501,35.9043748],[14.3616628,35.9044031],[14.3617345,35.9042924],[14.3618639,35.9043292],[14.361984,35.9044445],[14.362161,35.904451],[14.3621778,35.9042488],[14.3618049,35.9041011],[14.3615099,35.9039251],[14.3613892,35.9042944],[14.3612765,35.904264],[14.3610244,35.9045638],[14.3613409,35.9046507],[14.3613785,35.9047116],[14.3611129,35.9047767],[14.3608232,35.9046725],[14.3606704,35.9044248],[14.3605282,35.9041185],[14.3603834,35.9039468],[14.3610237,35.904288],[14.3610962,35.9040751],[14.3611424,35.9039316],[14.3612068,35.9038013],[14.3608554,35.9036948],[14.3606138,35.9038068],[14.3601849,35.903597],[14.3600883,35.9031821],[14.3600642,35.9026867],[14.3605094,35.9027302],[14.3605738,35.9025172],[14.3607347,35.9025042],[14.3607508,35.9023065],[14.3608468,35.9025843],[14.3608636,35.9026332],[14.3609146,35.9027807],[14.3609657,35.9029287],[14.3610076,35.9030499],[14.3610487,35.903169]]]}},{"type":"Feature","properties":{"osm_id":"way/326278358","name":null,"species":null,"height":null,"source":"OpenStreetMap contributors","kind":"woodland"},"geometry":{"type":"Polygon","coordinates":[[[14.3632667,35.9044422],[14.3634029,35.9045987],[14.3640553,35.9041684],[14.3637934,35.9038974],[14.3636905,35.9039381],[14.3634572,35.9039403],[14.3631013,35.9042197],[14.3632667,35.9044422]]]}},{"type":"Feature","properties":{"osm_id":"way/326278680","name":null,"species":null,"height":null,"source":"OpenStreetMap contributors","kind":"woodland"},"geometry":{"type":"Polygon","coordinates":[[[14.3631997,35.9060867],[14.3628885,35.9062822],[14.3625506,35.9063713],[14.3622287,35.9063604],[14.3619149,35.9063865],[14.3618827,35.9061953],[14.3613999,35.9060736],[14.3613275,35.9060975],[14.3609831,35.9058405],[14.3608823,35.9057651],[14.3607723,35.9056109],[14.3603324,35.9053371],[14.3600427,35.9052111],[14.3598281,35.9052307],[14.3596271,35.9051678],[14.359603,35.9052698],[14.3600186,35.9053632],[14.3601091,35.9054927],[14.3600213,35.9056435],[14.3603907,35.9057404],[14.3606301,35.905902],[14.3607669,35.9058042],[14.3611257,35.9060967],[14.3614482,35.9063235],[14.3617131,35.9064486],[14.3618988,35.9064951],[14.3622126,35.906456],[14.3625157,35.9064495],[14.3627759,35.9063887],[14.3630897,35.9062779],[14.3632024,35.9062279],[14.3633231,35.9062192],[14.3632185,35.9061736],[14.363256,35.9060758],[14.3631997,35.9060867]]]}},{"type":"Feature","properties":{"osm_id":"way/326278744","name":null,"species":null,"height":null,"source":"OpenStreetMap contributors","kind":"woodland"},"geometry":{"type":"Polygon","coordinates":[[[14.361982,35.906041],[14.3617647,35.9060106],[14.3617003,35.9058846],[14.3617164,35.9056326],[14.36199,35.9057673],[14.3620034,35.905587],[14.361982,35.9054892],[14.3622555,35.9055674],[14.362505,35.9055457],[14.3625526,35.9056817],[14.3629368,35.9055957],[14.3630039,35.9057586],[14.3627303,35.9058368],[14.3627222,35.9057673],[14.3624969,35.9058325],[14.3624487,35.9057325],[14.3619739,35.9058303],[14.361982,35.906041]]]}},{"type":"Feature","properties":{"osm_id":"way/326279661","name":null,"species":null,"height":null,"source":"OpenStreetMap contributors","kind":"woodland"},"geometry":{"type":"Polygon","coordinates":[[[14.3589861,35.8996232],[14.3588976,35.899608],[14.3586159,35.8997188],[14.3584845,35.8999296],[14.3582914,35.9000447],[14.3584113,35.9002154],[14.3585642,35.9003175],[14.3586366,35.9003979],[14.3586849,35.9005087],[14.3590102,35.9008638],[14.3591972,35.9010932],[14.3593366,35.9011822],[14.3592409,35.9013592],[14.3590987,35.9012832],[14.3589619,35.9012832],[14.3591301,35.901456],[14.3593321,35.9016264],[14.3595413,35.9015613],[14.3597175,35.9017949],[14.3598221,35.9019383],[14.3599274,35.9019089],[14.3596907,35.9015342],[14.3595869,35.9014244],[14.3594286,35.9014591],[14.3593562,35.901394],[14.359493,35.9012766],[14.3597585,35.9013266],[14.3596915,35.9010485],[14.3592677,35.9006748],[14.3593616,35.9006357],[14.360837,35.9023705],[14.3608468,35.9025843],[14.3609708,35.9023561],[14.3609708,35.9023383],[14.3609708,35.9019865],[14.3609709,35.9017866],[14.3609716,35.9015685],[14.3609709,35.901546],[14.3611471,35.9015562],[14.3611329,35.9015134],[14.3610298,35.9013744],[14.3607911,35.9012223],[14.3605899,35.9012223],[14.3604291,35.9011137],[14.3602895,35.900992],[14.3599623,35.9007921],[14.35984,35.9006899],[14.3597022,35.9005749],[14.3595091,35.9004923],[14.3594208,35.9003193],[14.3592704,35.9001968],[14.3592443,35.9001503],[14.3591765,35.9000295],[14.3591303,35.8998812],[14.3591041,35.899797],[14.3590233,35.899678],[14.3589861,35.8996232]]]}},{"type":"Feature","properties":{"osm_id":"way/326284689","name":null,"species":null,"height":null,"source":"OpenStreetMap contributors","kind":"woodland"},"geometry":{"type":"Polygon","coordinates":[[[14.36556,35.9049549],[14.3650933,35.9050613],[14.3649163,35.9050722],[14.3653267,35.9047094],[14.3654554,35.9044161],[14.3659221,35.904025],[14.3661206,35.9039381],[14.3664907,35.9035948],[14.3665793,35.9037209],[14.3664827,35.9039229],[14.36648,35.9041967],[14.3665846,35.904566],[14.3668996,35.905174],[14.3667779,35.9052199],[14.3665598,35.9049474],[14.366246,35.9044325],[14.3661421,35.9043314],[14.3659912,35.9044868],[14.365839,35.9046377],[14.36556,35.9049549]]]}},{"type":"Feature","properties":{"osm_id":"way/326285541","name":null,"species":null,"height":null,"source":"OpenStreetMap contributors","kind":"woodland"},"geometry":{"type":"Polygon","coordinates":[[[14.3661823,35.902728],[14.3658417,35.9027801],[14.3654876,35.9028844],[14.3651684,35.9030799],[14.3647659,35.9027361],[14.3647957,35.9026758],[14.3648413,35.9026128],[14.365046,35.9025224],[14.3651659,35.9024694],[14.36541,35.9023174],[14.3654395,35.9023217],[14.3657292,35.9021848],[14.3661047,35.902124],[14.3662012,35.9021196],[14.3662361,35.9020936],[14.3664641,35.9020436],[14.3666545,35.9020762],[14.3666979,35.9020651],[14.3668054,35.9020311],[14.3670864,35.9020371],[14.3675209,35.9020132],[14.3676148,35.9020501],[14.3678749,35.9020219],[14.3678319,35.902111],[14.3679552,35.9021588],[14.3680279,35.9022618],[14.3681012,35.9023822],[14.3681584,35.9026167],[14.3682022,35.9027236],[14.3681995,35.9028366],[14.368108,35.9028369],[14.3678973,35.9029686],[14.3678694,35.9029126],[14.3677407,35.902741],[14.3674342,35.9024858],[14.3671828,35.9023173],[14.3668716,35.9025368],[14.3664103,35.9027388],[14.3661823,35.902728]]]}},{"type":"Feature","properties":{"osm_id":"way/326289732","name":null,"species":null,"height":null,"source":"OpenStreetMap contributors","kind":"woodland"},"geometry":{"type":"Polygon","coordinates":[[[14.3661099,35.9103883],[14.3658202,35.9103753],[14.3654504,35.9105584],[14.3657451,35.9106794],[14.3659544,35.9107663],[14.3661153,35.9108033],[14.3661341,35.9105882],[14.3661099,35.9103883]]]}},{"type":"Feature","properties":{"osm_id":"way/326292885","name":null,"species":null,"height":null,"source":"OpenStreetMap contributors","kind":"woodland"},"geometry":{"type":"Polygon","coordinates":[[[14.3579265,35.9135577],[14.3571058,35.9136902],[14.3574091,35.9134021],[14.3579265,35.9135577]]]}},{"type":"Feature","properties":{"osm_id":"way/326928870","name":null,"species":null,"height":null,"source":"OpenStreetMap contributors","kind":"woodland"},"geometry":{"type":"Polygon","coordinates":[[[14.5023714,35.8903668],[14.5025699,35.8902297],[14.5026153,35.8903831],[14.5026693,35.8904451],[14.5028061,35.8904908],[14.5030473,35.8904992],[14.5036632,35.8903245],[14.5036675,35.8903039],[14.5039909,35.8905288],[14.5041199,35.890607],[14.5041086,35.8906502],[14.504073,35.8906806],[14.5029833,35.890545],[14.5027019,35.89051],[14.5025387,35.8904684],[14.5023714,35.8903668]]]}},{"type":"Feature","properties":{"osm_id":"way/326928874","name":null,"species":null,"height":null,"source":"OpenStreetMap contributors","kind":"woodland"},"geometry":{"type":"Polygon","coordinates":[[[14.4361021,35.8880141],[14.4366385,35.8866053],[14.4365286,35.8864358],[14.4367485,35.8858339],[14.4361933,35.885486],[14.4358526,35.8849492],[14.435335,35.8853211],[14.4347529,35.8851689],[14.4346564,35.8853839],[14.4343506,35.885132],[14.4339805,35.8856579],[14.4339295,35.8859469],[14.433949,35.8860174],[14.4341548,35.8867616],[14.4339027,35.8868574],[14.4334511,35.8875603],[14.43371,35.8876005],[14.434896,35.8875599],[14.4353388,35.8876953],[14.4359206,35.8879867],[14.4361021,35.8880141]]]}},{"type":"Feature","properties":{"osm_id":"way/327340301","name":null,"species":null,"height":null,"source":"OpenStreetMap contributors","kind":"woodland"},"geometry":{"type":"Polygon","coordinates":[[[14.368819,35.9021283],[14.3684408,35.9021783],[14.3683845,35.9021478],[14.3685213,35.902087],[14.3684727,35.9018517],[14.3684542,35.9016959],[14.3687224,35.9017568],[14.3688082,35.9016764],[14.3686795,35.9015482],[14.3686098,35.9014113],[14.3684942,35.9013629],[14.3685105,35.9012853],[14.3688509,35.9013781],[14.3690657,35.9018589],[14.3691408,35.902037],[14.3690845,35.902087],[14.3690121,35.9021022],[14.368819,35.9021283]]]}},{"type":"Feature","properties":{"osm_id":"way/327340316","name":null,"species":null,"height":null,"source":"OpenStreetMap contributors","kind":"woodland"},"geometry":{"type":"Polygon","coordinates":[[[14.3682879,35.8999535],[14.368521,35.9003786],[14.3687289,35.9006729],[14.3685049,35.9004808],[14.3683389,35.9004162],[14.3681297,35.9003967],[14.3678802,35.9004771],[14.3677512,35.9005612],[14.3678373,35.9003467],[14.3676871,35.9003793],[14.3677193,35.9001729],[14.3678051,35.9001555],[14.3677869,35.9000555],[14.3678374,35.9000448],[14.3680171,35.8999622],[14.3680976,35.8999035],[14.3681673,35.8998644],[14.3682876,35.8998898],[14.3682879,35.8999535]]]}},{"type":"Feature","properties":{"osm_id":"way/327611194","name":null,"species":null,"height":null,"source":"OpenStreetMap contributors","kind":"woodland"},"geometry":{"type":"Polygon","coordinates":[[[14.3844589,35.9049527],[14.3847293,35.9048003],[14.3845555,35.904705],[14.3848532,35.9041315],[14.3846359,35.9040424],[14.3842251,35.9050896],[14.3844589,35.9049527]]]}},{"type":"Feature","properties":{"osm_id":"way/327612181","name":null,"species":null,"height":null,"source":"OpenStreetMap contributors","kind":"woodland"},"geometry":{"type":"Polygon","coordinates":[[[14.3866369,35.9054285],[14.3870472,35.9055197],[14.3878465,35.9055892],[14.3881632,35.9056196],[14.3884872,35.9056436],[14.3886508,35.9056479],[14.3887103,35.9057117],[14.3869963,35.905577],[14.3865565,35.9054836],[14.3862046,35.905359],[14.3862372,35.9052981],[14.3864573,35.9053806],[14.3866369,35.9054285]]]}},{"type":"Feature","properties":{"osm_id":"way/327613449","name":null,"species":null,"height":null,"source":"OpenStreetMap contributors","kind":"woodland"},"geometry":{"type":"Polygon","coordinates":[[[14.3804355,35.8995254],[14.3802344,35.9002098],[14.3801351,35.9004119],[14.3802102,35.9005618],[14.3803953,35.9006596],[14.3804172,35.9007494],[14.3803336,35.9009247],[14.3802639,35.9010289],[14.3802075,35.9010898],[14.3801244,35.901168],[14.3801727,35.9012723],[14.3803018,35.9012665],[14.3805214,35.9011615],[14.3804252,35.9010905],[14.380465,35.900992],[14.3805942,35.9009863],[14.380811,35.9010376],[14.3812617,35.9011398],[14.3813264,35.9010188],[14.3815916,35.9010159],[14.3819272,35.9010123],[14.3820077,35.9009406],[14.3826054,35.9009594],[14.3832331,35.9009268],[14.38374,35.9008204],[14.3839814,35.9008486],[14.3840462,35.9007972],[14.3839013,35.900719],[14.3837216,35.900756],[14.3836917,35.9004641],[14.3830239,35.9005792],[14.38263,35.9006799],[14.3819862,35.9006343],[14.3815486,35.9007986],[14.3812295,35.9007074],[14.3810658,35.9008182],[14.3808597,35.9008081],[14.3807386,35.9008204],[14.3806286,35.9007508],[14.3807095,35.9006082],[14.380752,35.9005205],[14.3809049,35.9002924],[14.38201,35.9002272],[14.3812916,35.9002128],[14.3813586,35.9001085],[14.381495,35.9000838],[14.3812621,35.8999846],[14.3808329,35.899863],[14.3810846,35.8994711],[14.3813314,35.8992951],[14.3814364,35.8990743],[14.3813636,35.8987476],[14.380967,35.8979379],[14.3807363,35.8978184],[14.380857,35.8976316],[14.3806152,35.8976286],[14.3805509,35.8972419],[14.3801245,35.8974134],[14.38022,35.8978052],[14.3802612,35.8979741],[14.3803202,35.8982609],[14.3808356,35.8987201],[14.3808758,35.8989982],[14.3805969,35.8992807],[14.3804355,35.8995254]]]}},{"type":"Feature","properties":{"osm_id":"way/327991034","name":null,"species":null,"height":null,"source":"OpenStreetMap contributors","kind":"woodland"},"geometry":{"type":"Polygon","coordinates":[[[14.5052739,35.9121891],[14.505298,35.9121382],[14.5053272,35.9121461],[14.5053444,35.9121068],[14.5053891,35.9121168],[14.5054881,35.9120071],[14.505446,35.911972],[14.5054604,35.9119456],[14.5054313,35.9119225],[14.5054744,35.9118802],[14.505513,35.911893],[14.5057259,35.9119642],[14.5056869,35.9120338],[14.5058081,35.9120726],[14.5058299,35.9120884],[14.5057873,35.9121759],[14.506068,35.9122973],[14.5060425,35.9123412],[14.5059683,35.9123614],[14.505995,35.9123056],[14.5059592,35.9122933],[14.5059297,35.9123507],[14.5058153,35.9123174],[14.5058288,35.9122817],[14.5056936,35.9122378],[14.5056647,35.9123026],[14.5052739,35.9121891]]]}},{"type":"Feature","properties":{"osm_id":"way/327991036","name":null,"species":null,"height":null,"source":"OpenStreetMap contributors","kind":"woodland"},"geometry":{"type":"Polygon","coordinates":[[[14.5051082,35.9128047],[14.505258,35.9128853],[14.5054323,35.9125878],[14.5052584,35.9125221],[14.5051705,35.9127024],[14.5051082,35.9128047]]]}},{"type":"Feature","properties":{"osm_id":"way/328272570","name":null,"species":null,"height":null,"source":"OpenStreetMap contributors","kind":"woodland"},"geometry":{"type":"Polygon","coordinates":[[[14.3779787,35.9175503],[14.3778983,35.9179305],[14.3780418,35.9179804],[14.378145,35.9179348],[14.3785004,35.9179609],[14.3788317,35.917937],[14.3788317,35.9183019],[14.3789846,35.9183454],[14.3788478,35.9183931],[14.3788692,35.9184518],[14.3789886,35.9184822],[14.3788451,35.9184779],[14.3785661,35.9184974],[14.3783542,35.9184713],[14.3782282,35.9185821],[14.3779259,35.9185558],[14.3780324,35.9184583],[14.3778071,35.918404],[14.377748,35.9184909],[14.3777186,35.9184257],[14.3777615,35.9181716],[14.3778178,35.9179218],[14.3778741,35.9177415],[14.3779787,35.9175503]]]}},{"type":"Feature","properties":{"osm_id":"way/328470229","name":null,"species":null,"height":null,"source":"OpenStreetMap contributors","kind":"woodland"},"geometry":{"type":"Polygon","coordinates":[[[14.3860682,35.9066885],[14.3889006,35.9060738],[14.3893861,35.9061802],[14.3905798,35.9064507],[14.3908559,35.9065604],[14.3914782,35.9067733],[14.3915238,35.9066604],[14.3922387,35.9068179],[14.3927859,35.9068765],[14.3930634,35.9068624],[14.3931895,35.9068754],[14.3932083,35.9068016],[14.3934094,35.9067951],[14.3948485,35.9070177],[14.3948953,35.9068754],[14.3947049,35.9068298],[14.3939083,35.9066929],[14.3936454,35.9066299],[14.3932806,35.9064779],[14.3923284,35.9057435],[14.3923124,35.9056306],[14.3920307,35.9053829],[14.3918752,35.9055219],[14.392197,35.9057414],[14.3918832,35.9060043],[14.3917571,35.9062367],[14.3913897,35.9061715],[14.3913482,35.9061074],[14.3911303,35.9060138],[14.3910992,35.9060673],[14.3910425,35.9059966],[14.3905287,35.9059347],[14.3899869,35.9058652],[14.3898099,35.9058326],[14.3895443,35.9057896],[14.38926,35.9057435],[14.3891876,35.9056979],[14.3890991,35.9057088],[14.3888523,35.905737],[14.3886888,35.9057586],[14.3881416,35.9058073],[14.3879834,35.9058303],[14.3878225,35.9058346],[14.3876857,35.9058781],[14.3871546,35.905965],[14.3871703,35.9060355],[14.3867549,35.9060888],[14.3866047,35.9061063],[14.386374,35.9061411],[14.3862935,35.9060759],[14.3862506,35.9061628],[14.386036,35.9062041],[14.3860816,35.9064061],[14.3860682,35.9066885]]]}},{"type":"Feature","properties":{"osm_id":"way/328471340","name":null,"species":null,"height":null,"source":"OpenStreetMap contributors","kind":"woodland"},"geometry":{"type":"Polygon","coordinates":[[[14.3848102,35.8948518],[14.3855156,35.8947345],[14.3857839,35.8947345],[14.3861352,35.8947671],[14.3863298,35.8946574],[14.3866115,35.8946639],[14.3869587,35.8944238],[14.3872805,35.894263],[14.3877955,35.8941956],[14.3880771,35.8941783],[14.3882646,35.8938838],[14.3882515,35.8941869],[14.3874468,35.8944216],[14.3871464,35.8946063],[14.3864709,35.8948656],[14.3864253,35.8949569],[14.3867069,35.8949764],[14.3868518,35.8950742],[14.3861594,35.8952972],[14.3861732,35.8954979],[14.3859931,35.8957948],[14.3858241,35.8951625],[14.3855827,35.895156],[14.3849765,35.8950908],[14.3843815,35.8952806],[14.3841106,35.8952524],[14.3845451,35.89472],[14.3848102,35.8948518]]]}},{"type":"Feature","properties":{"osm_id":"way/328472480","name":null,"species":null,"height":null,"source":"OpenStreetMap contributors","kind":"woodland"},"geometry":{"type":"Polygon","coordinates":[[[14.3841718,35.8918424],[14.3848478,35.8923639],[14.3850933,35.8924019],[14.3850278,35.892424],[14.3849095,35.8924638],[14.3845187,35.8924342],[14.3844803,35.8924313],[14.3844393,35.8924477],[14.3840109,35.8926196],[14.3839278,35.8926529],[14.3837225,35.892664],[14.3832438,35.8926898],[14.3828683,35.8925986],[14.3825384,35.8924269],[14.3821197,35.8918755],[14.3820797,35.8918228],[14.3820154,35.891888],[14.382238,35.892579],[14.3824686,35.892755],[14.3829702,35.8929375],[14.3834518,35.8929973],[14.3838875,35.8930136],[14.3844562,35.8929832],[14.3847044,35.8929517],[14.3849953,35.8928224],[14.3852703,35.8927387],[14.3859636,35.8929375],[14.3861877,35.8929126],[14.3862586,35.8929549],[14.3867012,35.8930875],[14.3868602,35.8931477],[14.3871573,35.8932785],[14.3878304,35.893459],[14.388276,35.8936205],[14.3886274,35.8932751],[14.3877687,35.8931896],[14.3871415,35.8928666],[14.3867468,35.8926768],[14.3866529,35.8928397],[14.3861755,35.8927528],[14.3853256,35.8923277],[14.384765,35.8920191],[14.3844937,35.8916468],[14.3845504,35.8915063],[14.384373,35.8911079],[14.3844293,35.8910362],[14.3842286,35.8908197],[14.383622,35.8908124],[14.3835549,35.8909515],[14.3838875,35.8910667],[14.3840887,35.8915751],[14.3841135,35.8916549],[14.3841718,35.8918424]]]}},{"type":"Feature","properties":{"osm_id":"way/328473171","name":null,"species":null,"height":null,"source":"OpenStreetMap contributors","kind":"woodland"},"geometry":{"type":"Polygon","coordinates":[[[14.3819751,35.8925964],[14.3814816,35.8926551],[14.3812804,35.8926768],[14.3810095,35.8926507],[14.3809371,35.8926485],[14.380913,35.8927029],[14.3809049,35.8930418],[14.380913,35.8932548],[14.3809478,35.8934373],[14.381208,35.8930331],[14.3814441,35.8929354],[14.3815165,35.892818],[14.3816977,35.8929043],[14.3820046,35.8928571],[14.381951,35.892742],[14.3819751,35.8925964]]]}},{"type":"Feature","properties":{"osm_id":"way/328475483","name":null,"species":null,"height":null,"source":"OpenStreetMap contributors","kind":"woodland"},"geometry":{"type":"Polygon","coordinates":[[[14.383107,35.8949583],[14.3831225,35.894962],[14.3834933,35.8950496],[14.3835956,35.8950199],[14.3835254,35.8951082],[14.3833162,35.8952255],[14.3830185,35.8952712],[14.38252,35.895487],[14.3824771,35.8956348],[14.3822326,35.8957579],[14.3820744,35.8956688],[14.3821119,35.8953559],[14.381723,35.8954211],[14.3817445,35.8953538],[14.3814243,35.8952585],[14.3817525,35.895269],[14.3820422,35.8951951],[14.3824606,35.8950995],[14.3829756,35.8949496],[14.383107,35.8949583]]]}},{"type":"Feature","properties":{"osm_id":"way/328476055","name":null,"species":null,"height":null,"source":"OpenStreetMap contributors","kind":"woodland"},"geometry":{"type":"Polygon","coordinates":[[[14.382592,35.8942826],[14.3822959,35.8943269],[14.381951,35.8943086],[14.3815969,35.8942369],[14.3812912,35.8941326],[14.3810229,35.8940327],[14.381031,35.8940023],[14.3813382,35.8941185],[14.381636,35.8941945],[14.3818517,35.8942087],[14.382128,35.8941956],[14.382305,35.8941717],[14.3826176,35.8941381],[14.3827506,35.8941645],[14.3828093,35.8942934],[14.382592,35.8942826]]]}},{"type":"Feature","properties":{"osm_id":"way/328480126","name":null,"species":null,"height":null,"source":"OpenStreetMap contributors","kind":"woodland"},"geometry":{"type":"Polygon","coordinates":[[[14.3978833,35.9067798],[14.3982776,35.9071253],[14.3985929,35.9073262],[14.3988396,35.907474],[14.3990126,35.9077082],[14.3987377,35.9079797],[14.3985981,35.908128],[14.3984843,35.9080528],[14.3983384,35.907957],[14.3980927,35.9078465],[14.3980422,35.9078227],[14.3982534,35.9075076],[14.3977787,35.907008],[14.3976714,35.9066082],[14.3978833,35.9067798]]]}},{"type":"Feature","properties":{"osm_id":"way/328480698","name":null,"species":null,"height":null,"source":"OpenStreetMap contributors","kind":"woodland"},"geometry":{"type":"Polygon","coordinates":[[[14.3987699,35.9048148],[14.3988248,35.904792],[14.3986799,35.9047007],[14.3986719,35.9046008],[14.3990983,35.9044769],[14.3990527,35.9043857],[14.3993505,35.9042119],[14.3993719,35.9041141],[14.3991708,35.9040859],[14.3986826,35.9040946],[14.3985539,35.904138],[14.3983527,35.9043792],[14.3981918,35.9045052],[14.3981006,35.9045704],[14.3981274,35.9046464],[14.3982964,35.9045964],[14.3984332,35.9046095],[14.3986009,35.9046909],[14.3987699,35.9048148]]]}},{"type":"Feature","properties":{"osm_id":"way/328481196","name":null,"species":null,"height":null,"source":"OpenStreetMap contributors","kind":"woodland"},"geometry":{"type":"Polygon","coordinates":[[[14.400308,35.900803],[14.3994877,35.9005213],[14.3993777,35.9005821],[14.4001636,35.9009319],[14.4002946,35.9011311],[14.4000613,35.9013722],[14.3999298,35.9015091],[14.3999996,35.9018002],[14.4005199,35.9012267],[14.4005172,35.9008682],[14.4008415,35.9003939],[14.4010456,35.9005271],[14.4012897,35.9006748],[14.4015713,35.9007357],[14.4018422,35.900677],[14.4022526,35.9004945],[14.402722,35.9002729],[14.4030224,35.9000274],[14.4026684,35.9001121],[14.4021882,35.9003337],[14.4017832,35.9004967],[14.4014855,35.900538],[14.4013031,35.9004728],[14.4011744,35.9003598],[14.4010912,35.9001795],[14.401059,35.9000165],[14.4010698,35.8998709],[14.4010269,35.8998145],[14.4009169,35.8999144],[14.4008022,35.900359],[14.400308,35.900803]]]}},{"type":"Feature","properties":{"osm_id":"way/328481899","name":null,"species":null,"height":null,"source":"OpenStreetMap contributors","kind":"woodland"},"geometry":{"type":"Polygon","coordinates":[[[14.3955927,35.9052069],[14.3953034,35.9050338],[14.3944849,35.9050635],[14.394316,35.9052742],[14.3945236,35.9053069],[14.3944012,35.9055684],[14.3948149,35.9056632],[14.3948508,35.9055624],[14.3948644,35.9055067],[14.3949558,35.9053123],[14.3950294,35.9052591],[14.39548,35.9052352],[14.3955927,35.9052069]]]}},{"type":"Feature","properties":{"osm_id":"way/329433716","name":null,"species":null,"height":null,"source":"OpenStreetMap contributors","kind":"tree_row"},"geometry":{"type":"LineString","coordinates":[[14.5206947,35.8820657],[14.5205484,35.8817642]]}},{"type":"Feature","properties":{"osm_id":"way/329509386","name":null,"species":null,"height":null,"source":"OpenStreetMap contributors","kind":"woodland"},"geometry":{"type":"Polygon","coordinates":[[[14.5254806,35.8821137],[14.525624,35.8820613],[14.5260393,35.8819094],[14.526582,35.8816116],[14.5272431,35.8812488],[14.5273775,35.8811565],[14.5270429,35.8808307],[14.5269451,35.8807355],[14.5265798,35.8803928],[14.5264514,35.8802549],[14.5262217,35.8800165],[14.5257182,35.8803759],[14.5253953,35.8806063],[14.5258386,35.8807853],[14.5258038,35.8811265],[14.5254806,35.8821137]]]}},{"type":"Feature","properties":{"osm_id":"way/329509388","name":null,"species":null,"height":null,"source":"OpenStreetMap contributors","kind":"tree_row"},"geometry":{"type":"LineString","coordinates":[[14.5207545,35.8826417],[14.5207849,35.8824816]]}},{"type":"Feature","properties":{"osm_id":"way/329733823","name":null,"species":null,"height":null,"source":"OpenStreetMap contributors","kind":"tree_row"},"geometry":{"type":"LineString","coordinates":[[14.5188322,35.8778539],[14.5194936,35.8774502]]}},{"type":"Feature","properties":{"osm_id":"way/329733827","name":null,"species":null,"height":null,"source":"OpenStreetMap contributors","kind":"tree_row"},"geometry":{"type":"LineString","coordinates":[[14.5197979,35.8804992],[14.5199482,35.8803059]]}},{"type":"Feature","properties":{"osm_id":"way/329865467","name":null,"species":null,"height":null,"source":"OpenStreetMap contributors","kind":"woodland"},"geometry":{"type":"Polygon","coordinates":[[[14.3737999,35.9087199],[14.3738535,35.9085331],[14.373655,35.9084744],[14.3736443,35.907953],[14.3737274,35.9078944],[14.3742765,35.9078875],[14.3743873,35.9082115],[14.3742934,35.9082224],[14.3742451,35.9081398],[14.3739554,35.9081464],[14.3740083,35.9085132],[14.3738937,35.9085026],[14.3738883,35.908596],[14.3743654,35.908692],[14.3743891,35.9087131],[14.3742684,35.90902],[14.3737612,35.9088435],[14.3737999,35.9087199]]]}},{"type":"Feature","properties":{"osm_id":"way/330681292","name":null,"species":null,"height":null,"source":"OpenStreetMap contributors","kind":"tree_row"},"geometry":{"type":"LineString","coordinates":[[14.5204871,35.8480523],[14.521461,35.8482307]]}},{"type":"Feature","properties":{"osm_id":"way/330681339","name":null,"species":null,"height":null,"source":"OpenStreetMap contributors","kind":"tree_row"},"geometry":{"type":"LineString","coordinates":[[14.5184246,35.8476936],[14.5169574,35.8474457]]}},{"type":"Feature","properties":{"osm_id":"way/330681361","name":null,"species":null,"height":null,"source":"OpenStreetMap contributors","kind":"tree_row"},"geometry":{"type":"LineString","coordinates":[[14.5217397,35.8482762],[14.524556,35.8487806],[14.5249908,35.8487807]]}},{"type":"Feature","properties":{"osm_id":"way/331672278","name":null,"species":null,"height":null,"source":"OpenStreetMap contributors","kind":"tree_row"},"geometry":{"type":"LineString","coordinates":[[14.5112596,35.8754259],[14.5118693,35.8748678]]}},{"type":"Feature","properties":{"osm_id":"way/332157092","name":null,"species":null,"height":null,"source":"OpenStreetMap contributors","kind":"tree_row"},"geometry":{"type":"LineString","coordinates":[[14.5106088,35.8714754],[14.5105391,35.8711472]]}},{"type":"Feature","properties":{"osm_id":"way/332157094","name":null,"species":null,"height":null,"source":"OpenStreetMap contributors","kind":"tree_row"},"geometry":{"type":"LineString","coordinates":[[14.5096674,35.8716493],[14.5105632,35.8715124]]}},{"type":"Feature","properties":{"osm_id":"way/332157097","name":null,"species":null,"height":null,"source":"OpenStreetMap contributors","kind":"tree_row"},"geometry":{"type":"LineString","coordinates":[[14.5313906,35.8594595],[14.5315782,35.8597048],[14.53164,35.8597855]]}},{"type":"Feature","properties":{"osm_id":"way/332157099","name":null,"species":null,"height":null,"source":"OpenStreetMap contributors","kind":"tree_row"},"geometry":{"type":"LineString","coordinates":[[14.5095896,35.8716254],[14.5095118,35.8712928]]}},{"type":"Feature","properties":{"osm_id":"way/332157102","name":null,"species":null,"height":null,"source":"OpenStreetMap contributors","kind":"tree_row"},"geometry":{"type":"LineString","coordinates":[[14.5095654,35.8712515],[14.5104854,35.8711146]]}},{"type":"Feature","properties":{"osm_id":"way/336031737","name":null,"species":null,"height":null,"source":"OpenStreetMap contributors","kind":"tree_row"},"geometry":{"type":"LineString","coordinates":[[14.4595757,35.833575],[14.459404,35.8333249]]}},{"type":"Feature","properties":{"osm_id":"way/336031745","name":null,"species":null,"height":null,"source":"OpenStreetMap contributors","kind":"tree_row"},"geometry":{"type":"LineString","coordinates":[[14.4592807,35.8331683],[14.4591895,35.8330378]]}},{"type":"Feature","properties":{"osm_id":"way/336031749","name":null,"species":null,"height":null,"source":"OpenStreetMap contributors","kind":"tree_row"},"geometry":{"type":"LineString","coordinates":[[14.4593611,35.833277],[14.4593155,35.8332162]]}},{"type":"Feature","properties":{"osm_id":"way/336121286","name":null,"species":null,"height":null,"source":"OpenStreetMap contributors","kind":"tree_row"},"geometry":{"type":"LineString","coordinates":[[14.46827,35.8233592],[14.4685114,35.8232461],[14.4684538,35.8231611]]}},{"type":"Feature","properties":{"osm_id":"way/336705119","name":null,"species":null,"height":null,"source":"OpenStreetMap contributors","kind":"tree_row"},"geometry":{"type":"LineString","coordinates":[[14.441651,35.8724835],[14.4417828,35.8731972],[14.4418051,35.8731971],[14.4418038,35.8722709],[14.4417958,35.8722479],[14.4417796,35.8722278],[14.4417568,35.8722126],[14.4417294,35.8722036],[14.4416999,35.8722016],[14.4416682,35.8722077],[14.4416407,35.872222],[14.4416205,35.8722428],[14.4416099,35.8722677],[14.4416099,35.8722942],[14.441651,35.8724835]]}},{"type":"Feature","properties":{"osm_id":"way/337939032","name":null,"species":null,"height":null,"source":"OpenStreetMap contributors","kind":"tree_row"},"geometry":{"type":"LineString","coordinates":[[14.5082295,35.8661673],[14.5093903,35.8659505]]}},{"type":"Feature","properties":{"osm_id":"way/339923694","name":null,"species":null,"height":null,"source":"OpenStreetMap contributors","kind":"tree_row"},"geometry":{"type":"LineString","coordinates":[[14.4182011,35.9004445],[14.4188688,35.9005562]]}},{"type":"Feature","properties":{"osm_id":"way/339923696","name":null,"species":null,"height":null,"source":"OpenStreetMap contributors","kind":"tree_row"},"geometry":{"type":"LineString","coordinates":[[14.4178363,35.9005445],[14.4193007,35.9007952]]}},{"type":"Feature","properties":{"osm_id":"way/339923700","name":null,"species":null,"height":null,"source":"OpenStreetMap contributors","kind":"tree_row"},"geometry":{"type":"LineString","coordinates":[[14.4188958,35.9012071],[14.4165435,35.9011528],[14.4160848,35.9010442],[14.4156985,35.9008712]]}},{"type":"Feature","properties":{"osm_id":"way/339923703","name":null,"species":null,"height":null,"source":"OpenStreetMap contributors","kind":"tree_row"},"geometry":{"type":"LineString","coordinates":[[14.4170022,35.900325],[14.4175761,35.9004945]]}},{"type":"Feature","properties":{"osm_id":"way/340415822","name":null,"species":null,"height":null,"source":"OpenStreetMap contributors","kind":"tree_row"},"geometry":{"type":"LineString","coordinates":[[14.4704585,35.928439],[14.47129,35.9274681]]}},{"type":"Feature","properties":{"osm_id":"way/340807260","name":null,"species":null,"height":null,"source":"OpenStreetMap contributors","kind":"tree_row"},"geometry":{"type":"LineString","coordinates":[[14.5609215,35.8629262],[14.5614579,35.8630067]]}},{"type":"Feature","properties":{"osm_id":"way/340907698","name":null,"species":null,"height":null,"source":"OpenStreetMap contributors","kind":"tree_row"},"geometry":{"type":"LineString","coordinates":[[14.4211596,35.88488],[14.4226819,35.8854288]]}},{"type":"Feature","properties":{"osm_id":"way/340907707","name":null,"species":null,"height":null,"source":"OpenStreetMap contributors","kind":"tree_row"},"geometry":{"type":"LineString","coordinates":[[14.4158408,35.8836543],[14.4173041,35.8839684]]}},{"type":"Feature","properties":{"osm_id":"way/340907737","name":null,"species":null,"height":null,"source":"OpenStreetMap contributors","kind":"tree_row"},"geometry":{"type":"LineString","coordinates":[[14.4188422,35.8843062],[14.4193238,35.8844052]]}},{"type":"Feature","properties":{"osm_id":"way/341413856","name":null,"species":null,"height":null,"source":"OpenStreetMap contributors","kind":"tree_row"},"geometry":{"type":"LineString","coordinates":[[14.484132,35.9105683],[14.4847328,35.9108334]]}},{"type":"Feature","properties":{"osm_id":"way/342887791","name":null,"species":null,"height":null,"source":"OpenStreetMap contributors","kind":"tree_row"},"geometry":{"type":"LineString","coordinates":[[14.4743826,35.8954623],[14.476397,35.8947822]]}},{"type":"Feature","properties":{"osm_id":"way/343607984","name":null,"species":null,"height":null,"source":"OpenStreetMap contributors","kind":"tree_row"},"geometry":{"type":"LineString","coordinates":[[14.4229084,35.8968834],[14.4231418,35.8964749],[14.4231874,35.8962012]]}},{"type":"Feature","properties":{"osm_id":"way/343615922","name":null,"species":null,"height":null,"source":"OpenStreetMap contributors","kind":"woodland"},"geometry":{"type":"Polygon","coordinates":[[[14.4237254,35.9022536],[14.4236745,35.9021864],[14.4236602,35.9021676],[14.4235508,35.9019915],[14.4235211,35.9019154],[14.4232117,35.9019556],[14.4229325,35.9020008],[14.4229779,35.9020525],[14.423104,35.9022549],[14.4231211,35.9022859],[14.4231686,35.9023717],[14.4233086,35.9024632],[14.4234836,35.9023762],[14.4237254,35.9022536]]]}},{"type":"Feature","properties":{"osm_id":"way/344248712","name":null,"species":null,"height":null,"source":"OpenStreetMap contributors","kind":"woodland"},"geometry":{"type":"Polygon","coordinates":[[[14.4881741,35.8334298],[14.4883952,35.8332714],[14.4883672,35.8331564],[14.4880733,35.8332808],[14.4881741,35.8334298]]]}},{"type":"Feature","properties":{"osm_id":"way/344269520","name":null,"species":null,"height":null,"source":"OpenStreetMap contributors","kind":"tree_row"},"geometry":{"type":"LineString","coordinates":[[14.4889337,35.8933377],[14.4904894,35.8927532]]}},{"type":"Feature","properties":{"osm_id":"way/344475683","name":null,"species":null,"height":null,"source":"OpenStreetMap contributors","kind":"tree_row"},"geometry":{"type":"LineString","coordinates":[[14.4850987,35.9108799],[14.4834974,35.9101022],[14.4829664,35.9097198]]}},{"type":"Feature","properties":{"osm_id":"way/344726808","name":null,"species":null,"height":null,"source":"OpenStreetMap contributors","kind":"tree_row"},"geometry":{"type":"LineString","coordinates":[[14.5157349,35.8878135],[14.5150406,35.888358]]}},{"type":"Feature","properties":{"osm_id":"way/345259641","name":null,"species":null,"height":null,"source":"OpenStreetMap contributors","kind":"tree_row"},"geometry":{"type":"LineString","coordinates":[[14.4471314,35.9050162],[14.4474935,35.9050727],[14.4487648,35.9049358]]}},{"type":"Feature","properties":{"osm_id":"way/345734264","name":null,"species":null,"height":null,"source":"OpenStreetMap contributors","kind":"tree_row"},"geometry":{"type":"LineString","coordinates":[[14.4079068,35.8831112],[14.4081965,35.8831742],[14.4083842,35.8833763],[14.4083205,35.8835728],[14.4081348,35.8836957]]}},{"type":"Feature","properties":{"osm_id":"way/346808283","name":null,"species":null,"height":null,"source":"OpenStreetMap contributors","kind":"tree_row"},"geometry":{"type":"LineString","coordinates":[[14.5276218,35.8694494],[14.5280333,35.8686597],[14.5281315,35.8684713]]}},{"type":"Feature","properties":{"osm_id":"way/346895251","name":null,"species":null,"height":null,"source":"OpenStreetMap contributors","kind":"tree_row"},"geometry":{"type":"LineString","coordinates":[[14.4964949,35.8716738],[14.495355,35.8719716],[14.4951446,35.8728665],[14.4952816,35.8729801]]}},{"type":"Feature","properties":{"osm_id":"way/346895257","name":null,"species":null,"height":null,"source":"OpenStreetMap contributors","kind":"tree_row"},"geometry":{"type":"LineString","coordinates":[[14.4949339,35.8730626],[14.4950573,35.8725953]]}},{"type":"Feature","properties":{"osm_id":"way/346895260","name":null,"species":null,"height":null,"source":"OpenStreetMap contributors","kind":"tree_row"},"geometry":{"type":"LineString","coordinates":[[14.495127,35.8723019],[14.4952504,35.8718651]]}},{"type":"Feature","properties":{"osm_id":"way/346895277","name":null,"species":null,"height":null,"source":"OpenStreetMap contributors","kind":"tree_row"},"geometry":{"type":"LineString","coordinates":[[14.497286,35.8715774],[14.4979369,35.8721058]]}},{"type":"Feature","properties":{"osm_id":"way/347091460","name":null,"species":null,"height":null,"source":"OpenStreetMap contributors","kind":"tree_row"},"geometry":{"type":"LineString","coordinates":[[14.5113807,35.8784865],[14.5128016,35.8786822]]}},{"type":"Feature","properties":{"osm_id":"way/348209016","name":null,"species":null,"height":null,"source":"OpenStreetMap contributors","kind":"tree_row"},"geometry":{"type":"LineString","coordinates":[[14.4994747,35.8976743],[14.4962587,35.8978786]]}},{"type":"Feature","properties":{"osm_id":"way/348844631","name":"Masġar John Mizzi","species":null,"height":null,"source":"OpenStreetMap contributors","kind":"woodland"},"geometry":{"type":"Polygon","coordinates":[[[14.4990429,35.8891914],[14.4990241,35.8889762],[14.5003223,35.8895716],[14.5003672,35.8896423],[14.5003716,35.8897066],[14.5003169,35.8898194],[14.4992735,35.8898042],[14.4995605,35.8894195],[14.4990429,35.8891914]]]}},{"type":"Feature","properties":{"osm_id":"way/349063379","name":null,"species":null,"height":null,"source":"OpenStreetMap contributors","kind":"tree_row"},"geometry":{"type":"LineString","coordinates":[[14.4969749,35.8885025],[14.4970357,35.888147]]}},{"type":"Feature","properties":{"osm_id":"way/349063385","name":null,"species":null,"height":null,"source":"OpenStreetMap contributors","kind":"tree_row"},"geometry":{"type":"LineString","coordinates":[[14.496763,35.8894108],[14.4968757,35.8889479]]}},{"type":"Feature","properties":{"osm_id":"way/349697381","name":null,"species":null,"height":null,"source":"OpenStreetMap contributors","kind":"tree_row"},"geometry":{"type":"LineString","coordinates":[[14.4878446,35.8437094],[14.4879737,35.8437419],[14.4889033,35.8441004]]}},{"type":"Feature","properties":{"osm_id":"way/351656633","name":null,"species":null,"height":null,"source":"OpenStreetMap contributors","kind":"woodland"},"geometry":{"type":"Polygon","coordinates":[[[14.4649441,35.8571439],[14.465011,35.8570788],[14.4650512,35.8563418],[14.4649788,35.8561418],[14.4649628,35.8562439],[14.4648845,35.8566306],[14.4649441,35.8571439]]]}},{"type":"Feature","properties":{"osm_id":"way/352102623","name":null,"species":null,"height":null,"source":"OpenStreetMap contributors","kind":"woodland"},"geometry":{"type":"Polygon","coordinates":[[[14.4173809,35.9180715],[14.4176026,35.91801],[14.4183398,35.9181274],[14.4189079,35.9182261],[14.4194799,35.918411],[14.419453,35.918461],[14.4186718,35.9182762],[14.4173809,35.9180715]]]}},{"type":"Feature","properties":{"osm_id":"way/352453871","name":null,"species":null,"height":null,"source":"OpenStreetMap contributors","kind":"tree_row"},"geometry":{"type":"LineString","coordinates":[[14.5021355,35.8749808],[14.5011494,35.8744212],[14.5002741,35.8739245]]}},{"type":"Feature","properties":{"osm_id":"way/352453872","name":null,"species":null,"height":null,"source":"OpenStreetMap contributors","kind":"tree_row"},"geometry":{"type":"LineString","coordinates":[[14.5001075,35.8740409],[14.5012233,35.8746451]]}},{"type":"Feature","properties":{"osm_id":"way/352803720","name":null,"species":null,"height":null,"source":"OpenStreetMap contributors","kind":"tree_row"},"geometry":{"type":"LineString","coordinates":[[14.4406334,35.9079928],[14.4419487,35.9103428]]}},{"type":"Feature","properties":{"osm_id":"way/353672677","name":null,"species":null,"height":null,"source":"OpenStreetMap contributors","kind":"woodland"},"geometry":{"type":"Polygon","coordinates":[[[14.3560761,35.9290806],[14.3570607,35.929113],[14.3590729,35.9290419],[14.3595904,35.9291569],[14.3598962,35.9291795],[14.3602307,35.9292663],[14.3603692,35.9289536],[14.3607032,35.9279245],[14.3606206,35.9278545],[14.3600773,35.9277576],[14.3594467,35.9276187],[14.3590402,35.9276356],[14.3588787,35.9279119],[14.3580824,35.9278793],[14.3577552,35.9280904],[14.3568343,35.9279179],[14.3562918,35.9280305],[14.3554131,35.928081],[14.3554756,35.9277428],[14.3544289,35.9276883],[14.3541072,35.9278555],[14.3545574,35.9290075],[14.3552136,35.9285174],[14.356091,35.9285174],[14.3560761,35.9290806]]]}},{"type":"Feature","properties":{"osm_id":"way/355618905","name":null,"species":null,"height":null,"source":"OpenStreetMap contributors","kind":"tree_row"},"geometry":{"type":"LineString","coordinates":[[14.4662899,35.8913675],[14.4656871,35.8916428],[14.4650654,35.891812],[14.464504,35.8919272],[14.4642617,35.8919631],[14.4636994,35.8920662],[14.4627238,35.89234],[14.4618494,35.8926594]]}},{"type":"Feature","properties":{"osm_id":"way/355924456","name":null,"species":null,"height":null,"source":"OpenStreetMap contributors","kind":"woodland"},"geometry":{"type":"Polygon","coordinates":[[[14.4397125,35.9050353],[14.440316,35.9049919],[14.4419841,35.9046121],[14.4420876,35.9044987],[14.4421163,35.9043453],[14.440405,35.9049135],[14.4402843,35.9049536],[14.4397125,35.9050353]]]}},{"type":"Feature","properties":{"osm_id":"way/358589995","name":null,"species":null,"height":null,"source":"OpenStreetMap contributors","kind":"tree_row"},"geometry":{"type":"LineString","coordinates":[[14.473713,35.8868669],[14.4746263,35.8868312],[14.4747789,35.8867995]]}},{"type":"Feature","properties":{"osm_id":"way/361558784","name":null,"species":null,"height":null,"source":"OpenStreetMap contributors","kind":"tree_row"},"geometry":{"type":"LineString","coordinates":[[14.5057289,35.8918759],[14.5077385,35.8932863]]}},{"type":"Feature","properties":{"osm_id":"way/361558785","name":null,"species":null,"height":null,"source":"OpenStreetMap contributors","kind":"tree_row"},"geometry":{"type":"LineString","coordinates":[[14.5052676,35.89155],[14.5055385,35.891738]]}},{"type":"Feature","properties":{"osm_id":"way/362948812","name":null,"species":null,"height":null,"source":"OpenStreetMap contributors","kind":"tree_row"},"geometry":{"type":"LineString","coordinates":[[14.4544404,35.897318],[14.4554087,35.8972941]]}},{"type":"Feature","properties":{"osm_id":"way/363075197","name":null,"species":null,"height":null,"source":"OpenStreetMap contributors","kind":"tree_row"},"geometry":{"type":"LineString","coordinates":[[14.4338397,35.8502342],[14.4336325,35.8498384]]}},{"type":"Feature","properties":{"osm_id":"way/363075204","name":null,"species":null,"height":null,"source":"OpenStreetMap contributors","kind":"tree_row"},"geometry":{"type":"LineString","coordinates":[[14.4339396,35.8504332],[14.4338923,35.8503375]]}},{"type":"Feature","properties":{"osm_id":"way/363075206","name":null,"species":null,"height":null,"source":"OpenStreetMap contributors","kind":"tree_row"},"geometry":{"type":"LineString","coordinates":[[14.4335615,35.8496944],[14.4334247,35.8494117],[14.4334193,35.8492878],[14.43343,35.8492248]]}},{"type":"Feature","properties":{"osm_id":"way/363482579","name":null,"species":null,"height":null,"source":"OpenStreetMap contributors","kind":"tree_row"},"geometry":{"type":"LineString","coordinates":[[14.4502418,35.8937813],[14.4506483,35.8932323]]}},{"type":"Feature","properties":{"osm_id":"way/364075008","name":null,"species":null,"height":null,"source":"OpenStreetMap contributors","kind":"tree_row"},"geometry":{"type":"LineString","coordinates":[[14.4935095,35.8931308],[14.4936225,35.8931814],[14.4937509,35.8931742],[14.4938368,35.8931047],[14.4938529,35.8929917]]}},{"type":"Feature","properties":{"osm_id":"way/364286931","name":null,"species":null,"height":null,"source":"OpenStreetMap contributors","kind":"tree_row"},"geometry":{"type":"LineString","coordinates":[[14.4954407,35.875609],[14.4953334,35.8748244]]}},{"type":"Feature","properties":{"osm_id":"way/364293438","name":null,"species":null,"height":null,"source":"OpenStreetMap contributors","kind":"tree_row"},"geometry":{"type":"LineString","coordinates":[[14.4308586,35.9098683],[14.4306193,35.9096776]]}},{"type":"Feature","properties":{"osm_id":"way/364451949","name":null,"species":null,"height":null,"source":"OpenStreetMap contributors","kind":"tree_row"},"geometry":{"type":"LineString","coordinates":[[14.4399032,35.8822099],[14.43965,35.88163]]}},{"type":"Feature","properties":{"osm_id":"way/365469943","name":null,"species":null,"height":null,"source":"OpenStreetMap contributors","kind":"tree_row"},"geometry":{"type":"LineString","coordinates":[[14.4761075,35.8760893],[14.4764079,35.8756764]]}},{"type":"Feature","properties":{"osm_id":"way/366435293","name":null,"species":null,"height":null,"source":"OpenStreetMap contributors","kind":"tree_row"},"geometry":{"type":"LineString","coordinates":[[14.4611165,35.894598],[14.4610414,35.8945676],[14.4610145,35.8944481]]}},{"type":"Feature","properties":{"osm_id":"way/366449073","name":null,"species":null,"height":null,"source":"OpenStreetMap contributors","kind":"tree_row"},"geometry":{"type":"LineString","coordinates":[[14.4503456,35.8949407],[14.4507238,35.8950907]]}},{"type":"Feature","properties":{"osm_id":"way/372665519","name":null,"species":null,"height":null,"source":"OpenStreetMap contributors","kind":"tree_row"},"geometry":{"type":"LineString","coordinates":[[14.4571406,35.8929833],[14.4573119,35.8929667],[14.4579704,35.8929351],[14.458434,35.8929461],[14.45912,35.8930386]]}},{"type":"Feature","properties":{"osm_id":"way/373868831","name":null,"species":null,"height":null,"source":"OpenStreetMap contributors","kind":"woodland"},"geometry":{"type":"Polygon","coordinates":[[[14.4600516,35.9314469],[14.4601975,35.9316892],[14.460555,35.9318821],[14.4604459,35.9320831],[14.4608886,35.9321553],[14.4617582,35.9320835],[14.4617789,35.9322723],[14.4627713,35.9320986],[14.4628358,35.9319491],[14.4634393,35.9318728],[14.4632515,35.9315947],[14.4636699,35.9310977],[14.4630718,35.9306959],[14.4634741,35.9301526],[14.4633052,35.930018],[14.4627076,35.9305296],[14.4625641,35.9309051],[14.4628621,35.9309792],[14.4626694,35.9314604],[14.4617074,35.9316347],[14.4612367,35.9312346],[14.4610662,35.9312673],[14.4606597,35.9308881],[14.4615576,35.9302358],[14.4618405,35.9303101],[14.4619506,35.9302572],[14.4617253,35.9299575],[14.4618549,35.9298456],[14.4621014,35.9297435],[14.4627322,35.9290038],[14.4627216,35.9289586],[14.4626725,35.9289616],[14.4625279,35.9291338],[14.4623508,35.9292336],[14.4611428,35.929965],[14.4604727,35.9302764],[14.4597351,35.9308433],[14.4591504,35.9312842],[14.4595501,35.9313775],[14.4598368,35.9314172],[14.4600516,35.9314469]]]}},{"type":"Feature","properties":{"osm_id":"way/375378959","name":null,"species":null,"height":null,"source":"OpenStreetMap contributors","kind":"woodland"},"geometry":{"type":"Polygon","coordinates":[[[14.3872244,35.9404053],[14.3872448,35.940408],[14.3875995,35.9404548],[14.3873022,35.9396908],[14.3869616,35.9392608],[14.3868704,35.9390133],[14.3867148,35.9388504],[14.3866585,35.9385898],[14.3861462,35.938605],[14.3858002,35.9386463],[14.3857734,35.9385138],[14.3853737,35.9384834],[14.3848802,35.9387722],[14.3847944,35.9390328],[14.3853331,35.9391887],[14.3855691,35.9392018],[14.3863014,35.939015],[14.3864382,35.9393755],[14.3869306,35.9398015],[14.3869509,35.939819],[14.3872244,35.9404053]]]}},{"type":"Feature","properties":{"osm_id":"way/376042822","name":null,"species":null,"height":null,"source":"OpenStreetMap contributors","kind":"woodland"},"geometry":{"type":"Polygon","coordinates":[[[14.4718634,35.9276603],[14.4719782,35.927805],[14.4720929,35.9279497],[14.4723437,35.9282772],[14.4720733,35.9285996],[14.472473,35.9287061],[14.4723972,35.9289698],[14.4727054,35.9290978],[14.4726151,35.929223],[14.4727546,35.9292794],[14.4727117,35.929375],[14.4728854,35.9294281],[14.4727319,35.9297095],[14.472634,35.9297316],[14.472245,35.9294023],[14.4720822,35.9293759],[14.4720011,35.929416],[14.4718812,35.9294718],[14.4715524,35.9297296],[14.4715505,35.9297382],[14.4710342,35.9300358],[14.4707978,35.9302284],[14.4707993,35.9302438],[14.4708717,35.9303089],[14.4707089,35.9304261],[14.4706113,35.9304516],[14.470552,35.9304122],[14.4705518,35.9302665],[14.4707424,35.9296298],[14.4712687,35.927985],[14.4716196,35.9277815],[14.4717178,35.9276839],[14.4718634,35.9276603]]]}},{"type":"Feature","properties":{"osm_id":"way/376190505","name":null,"species":null,"height":null,"source":"OpenStreetMap contributors","kind":"woodland"},"geometry":{"type":"Polygon","coordinates":[[[14.3895284,35.9452479],[14.3897724,35.9453716],[14.3900073,35.9454484],[14.3900451,35.945296],[14.3902665,35.9452274],[14.3903353,35.9448493],[14.3906545,35.9443868],[14.3909469,35.9434422],[14.3907032,35.943426],[14.3904162,35.9435606],[14.3892843,35.9446811],[14.3888256,35.9449677],[14.3881308,35.9450578],[14.3877071,35.9450157],[14.3872418,35.9449279],[14.3870884,35.9449358],[14.387044,35.9451208],[14.3878662,35.9452315],[14.3888923,35.945201],[14.3888937,35.9452654],[14.3893537,35.9452466],[14.3895284,35.9452479]]]}},{"type":"Feature","properties":{"osm_id":"way/376938941","name":null,"species":null,"height":null,"source":"OpenStreetMap contributors","kind":"woodland"},"geometry":{"type":"Polygon","coordinates":[[[14.5548278,35.8411247],[14.5548457,35.8409685],[14.5552187,35.8403363],[14.5555442,35.8398713],[14.5556571,35.8397389],[14.5564127,35.8391576],[14.5566554,35.838932],[14.5567762,35.8386349],[14.5570665,35.8388137],[14.5572515,35.8388354],[14.5572572,35.8391021],[14.5569443,35.8389933],[14.556721,35.8392315],[14.5570753,35.8393654],[14.5568485,35.8397024],[14.5565664,35.8397002],[14.5562162,35.8401087],[14.5561604,35.8401208],[14.5561014,35.8402077],[14.556139,35.8402686],[14.5562194,35.8402814],[14.556707,35.840948],[14.5574241,35.8409484],[14.5574972,35.8409484],[14.557621,35.8410628],[14.5572247,35.8417489],[14.5568178,35.8412392],[14.5565139,35.8411392],[14.5559611,35.8408018],[14.5557703,35.8406449],[14.5555463,35.8403177],[14.555454,35.8403474],[14.5553464,35.840428],[14.5550155,35.8408673],[14.5548278,35.8411247]]]}},{"type":"Feature","properties":{"osm_id":"way/377135237","name":"Ġnien fuq il-Glażiż","species":null,"height":null,"source":"OpenStreetMap contributors","kind":"woodland"},"geometry":{"type":"Polygon","coordinates":[[[14.524269,35.8855993],[14.5242067,35.8856269],[14.5238024,35.8853743],[14.523817,35.885226],[14.5245217,35.8840072],[14.5256452,35.8836251],[14.5256955,35.8837319],[14.525572,35.8837871],[14.5253827,35.8838718],[14.525039,35.8846786],[14.5250227,35.884717],[14.524863,35.8847489],[14.5244812,35.8852619],[14.5245,35.8853962],[14.524269,35.8855993]]]}},{"type":"Feature","properties":{"osm_id":"way/377261216","name":null,"species":null,"height":null,"source":"OpenStreetMap contributors","kind":"woodland"},"geometry":{"type":"Polygon","coordinates":[[[14.4010287,35.8950755],[14.4017803,35.8955369],[14.4026667,35.8958494],[14.4030154,35.8957697],[14.402569,35.8956065],[14.4023026,35.8952754],[14.4023105,35.8950945],[14.4010287,35.8950755]]]}},{"type":"Feature","properties":{"osm_id":"way/378254091","name":null,"species":null,"height":null,"source":"OpenStreetMap contributors","kind":"woodland"},"geometry":{"type":"Polygon","coordinates":[[[14.4933417,35.8784132],[14.4926971,35.8782939],[14.49202,35.8782675],[14.491211,35.8784759],[14.490921,35.8786452],[14.4908971,35.8785848],[14.4915001,35.8782779],[14.4926832,35.8781016],[14.4926143,35.8779018],[14.4918501,35.8781057],[14.4918071,35.8780412],[14.4930438,35.8776381],[14.4944387,35.8767289],[14.4945877,35.8764439],[14.4947874,35.8764077],[14.4949155,35.8764584],[14.4948496,35.876776],[14.4946198,35.8769022],[14.4929435,35.8778237],[14.4928685,35.8779409],[14.4929221,35.8780996],[14.4930104,35.8782452],[14.4931635,35.8783212],[14.4933513,35.8783647],[14.4933417,35.8784132]]]}},{"type":"Feature","properties":{"osm_id":"way/378254093","name":null,"species":null,"height":null,"source":"OpenStreetMap contributors","kind":"woodland"},"geometry":{"type":"Polygon","coordinates":[[[14.49436,35.876199],[14.4943689,35.8757064],[14.4941067,35.8747023],[14.4941912,35.8746944],[14.4945549,35.8753239],[14.4945876,35.8756764],[14.4944417,35.876199],[14.4944017,35.876199],[14.4943747,35.876199],[14.49436,35.876199]]]}},{"type":"Feature","properties":{"osm_id":"way/380034393","name":null,"species":null,"height":null,"source":"OpenStreetMap contributors","kind":"woodland"},"geometry":{"type":"Polygon","coordinates":[[[14.4865981,35.9111223],[14.4866266,35.9110369],[14.4858055,35.9110427],[14.4857962,35.9110915],[14.4862065,35.9111131],[14.4864383,35.9111202],[14.4865981,35.9111223]]]}},{"type":"Feature","properties":{"osm_id":"way/380034394","name":null,"species":null,"height":null,"source":"OpenStreetMap contributors","kind":"woodland"},"geometry":{"type":"Polygon","coordinates":[[[14.4867727,35.9106329],[14.4866286,35.9105937],[14.4858964,35.9106862],[14.4853747,35.9106501],[14.4853588,35.9107017],[14.4858685,35.910835],[14.4866542,35.9108135],[14.4867727,35.9106329]]]}},{"type":"Feature","properties":{"osm_id":"way/390789869","name":null,"species":null,"height":null,"source":"OpenStreetMap contributors","kind":"tree_row"},"geometry":{"type":"LineString","coordinates":[[14.4916233,35.9062291],[14.4916113,35.9062659],[14.4913054,35.9062006],[14.4913181,35.9061616]]}},{"type":"Feature","properties":{"osm_id":"way/391555197","name":null,"species":null,"height":null,"source":"OpenStreetMap contributors","kind":"tree_row"},"geometry":{"type":"LineString","coordinates":[[14.4196756,35.9431906],[14.4182068,35.9437906],[14.4178713,35.943902],[14.4151606,35.9445747],[14.4133963,35.9449242]]}},{"type":"Feature","properties":{"osm_id":"way/392719387","name":null,"species":null,"height":null,"source":"OpenStreetMap contributors","kind":"woodland"},"geometry":{"type":"Polygon","coordinates":[[[14.4883393,35.8362296],[14.4885448,35.8361065],[14.4886755,35.8362617],[14.4886078,35.8364094],[14.4885424,35.8364302],[14.4883393,35.8362296]]]}},{"type":"Feature","properties":{"osm_id":"way/393883714","name":null,"species":null,"height":null,"source":"OpenStreetMap contributors","kind":"woodland"},"geometry":{"type":"Polygon","coordinates":[[[14.352026,35.8789182],[14.3519464,35.8789196],[14.3518951,35.8789469],[14.3518597,35.8789928],[14.3518721,35.8790544],[14.3519659,35.8792021],[14.3520526,35.8793039],[14.3521446,35.8792939],[14.3521942,35.8792609],[14.3522048,35.8791978],[14.3521818,35.8791189],[14.3521358,35.8790114],[14.352026,35.8789182]]]}},{"type":"Feature","properties":{"osm_id":"way/402131806","name":null,"species":null,"height":null,"source":"OpenStreetMap contributors","kind":"tree_row"},"geometry":{"type":"LineString","coordinates":[[14.4736976,35.8955196],[14.4702803,35.8966337]]}},{"type":"Feature","properties":{"osm_id":"way/402131809","name":"Ġnien Filippu Sammut","species":null,"height":null,"source":"OpenStreetMap contributors","kind":"woodland"},"geometry":{"type":"Polygon","coordinates":[[[14.4668364,35.8976333],[14.4669177,35.8976695],[14.4671215,35.8976686],[14.4672714,35.8976679],[14.4674502,35.8976004],[14.467375,35.8974653],[14.4671006,35.8975888],[14.4668506,35.8976037],[14.4668364,35.8976333]]]}},{"type":"Feature","properties":{"osm_id":"way/402131813","name":null,"species":null,"height":null,"source":"OpenStreetMap contributors","kind":"tree_row"},"geometry":{"type":"LineString","coordinates":[[14.4557819,35.9027114],[14.4563423,35.9027965],[14.456842,35.902893],[14.4571245,35.9029573]]}},{"type":"Feature","properties":{"osm_id":"way/403237058","name":null,"species":null,"height":null,"source":"OpenStreetMap contributors","kind":"tree_row"},"geometry":{"type":"LineString","coordinates":[[14.5173648,35.8886146],[14.51755,35.8883004]]}},{"type":"Feature","properties":{"osm_id":"way/403237059","name":null,"species":null,"height":null,"source":"OpenStreetMap contributors","kind":"tree_row"},"geometry":{"type":"LineString","coordinates":[[14.5177516,35.8881048],[14.5182093,35.8876902]]}},{"type":"Feature","properties":{"osm_id":"way/404197037","name":null,"species":null,"height":null,"source":"OpenStreetMap contributors","kind":"tree_row"},"geometry":{"type":"LineString","coordinates":[[14.5183511,35.8860913],[14.5185791,35.8857311]]}},{"type":"Feature","properties":{"osm_id":"way/404197048","name":null,"species":null,"height":null,"source":"OpenStreetMap contributors","kind":"tree_row"},"geometry":{"type":"LineString","coordinates":[[14.5282745,35.8763093],[14.5274671,35.8758046],[14.527435,35.8757845]]}},{"type":"Feature","properties":{"osm_id":"way/404197049","name":null,"species":null,"height":null,"source":"OpenStreetMap contributors","kind":"tree_row"},"geometry":{"type":"LineString","coordinates":[[14.52703,35.8755595],[14.527435,35.8757845]]}},{"type":"Feature","properties":{"osm_id":"way/404197050","name":null,"species":null,"height":null,"source":"OpenStreetMap contributors","kind":"tree_row"},"geometry":{"type":"LineString","coordinates":[[14.5284261,35.8764017],[14.5288408,35.8767114]]}},{"type":"Feature","properties":{"osm_id":"way/404197051","name":null,"species":null,"height":null,"source":"OpenStreetMap contributors","kind":"tree_row"},"geometry":{"type":"LineString","coordinates":[[14.5289543,35.8767922],[14.5293602,35.8770866],[14.5295636,35.8772671],[14.5298704,35.8774922],[14.5301463,35.8777424]]}},{"type":"Feature","properties":{"osm_id":"way/408510523","name":null,"species":null,"height":null,"source":"OpenStreetMap contributors","kind":"tree_row"},"geometry":{"type":"LineString","coordinates":[[14.4415106,35.9164582],[14.4429131,35.9156696]]}},{"type":"Feature","properties":{"osm_id":"way/408510524","name":null,"species":null,"height":null,"source":"OpenStreetMap contributors","kind":"tree_row"},"geometry":{"type":"LineString","coordinates":[[14.4415553,35.9165043],[14.4429579,35.9157091]]}},{"type":"Feature","properties":{"osm_id":"way/408531230","name":null,"species":null,"height":null,"source":"OpenStreetMap contributors","kind":"tree_row"},"geometry":{"type":"LineString","coordinates":[[14.5416486,35.875102],[14.5422065,35.8752172]]}},{"type":"Feature","properties":{"osm_id":"way/411924824","name":null,"species":null,"height":null,"source":"OpenStreetMap contributors","kind":"tree_row"},"geometry":{"type":"LineString","coordinates":[[14.4729983,35.8317643],[14.473348,35.8310886]]}},{"type":"Feature","properties":{"osm_id":"way/425755233","name":null,"species":null,"height":null,"source":"OpenStreetMap contributors","kind":"tree_row"},"geometry":{"type":"LineString","coordinates":[[14.4412625,35.8908815],[14.4412598,35.8906957]]}},{"type":"Feature","properties":{"osm_id":"way/429017255","name":null,"species":null,"height":null,"source":"OpenStreetMap contributors","kind":"tree_row"},"geometry":{"type":"LineString","coordinates":[[14.5118187,35.8673597],[14.5121656,35.8671136]]}},{"type":"Feature","properties":{"osm_id":"way/436111862","name":null,"species":null,"height":null,"source":"OpenStreetMap contributors","kind":"woodland"},"geometry":{"type":"Polygon","coordinates":[[[14.3797397,35.9495797],[14.3795063,35.9498316],[14.3791898,35.9498468],[14.3743138,35.9485331],[14.3735038,35.9483313],[14.3702032,35.9474413],[14.3702331,35.9474003],[14.3703313,35.9472658],[14.3702905,35.9470681],[14.3700905,35.9468834],[14.3697851,35.9464265],[14.3699293,35.9457527],[14.3723892,35.945923],[14.3728132,35.9453826],[14.3748111,35.9461314],[14.3750961,35.9470545],[14.3787781,35.9481699],[14.3778589,35.948858],[14.3783074,35.9489848],[14.3783825,35.9488219],[14.3786579,35.9487643],[14.3787043,35.9487546],[14.3787419,35.9484984],[14.379391,35.948709],[14.3793105,35.9488675],[14.3793062,35.949073],[14.3794486,35.9491073],[14.3795708,35.9490794],[14.379559,35.9489691],[14.3796565,35.9488523],[14.3799891,35.948874],[14.3799328,35.9490347],[14.3800535,35.9492562],[14.3797397,35.9495797]]]}},{"type":"Feature","properties":{"osm_id":"way/437749390","name":null,"species":null,"height":null,"source":"OpenStreetMap contributors","kind":"tree_row"},"geometry":{"type":"LineString","coordinates":[[14.441291,35.891463],[14.4412806,35.8911986]]}},{"type":"Feature","properties":{"osm_id":"way/442246858","name":null,"species":null,"height":null,"source":"OpenStreetMap contributors","kind":"tree_row"},"geometry":{"type":"LineString","coordinates":[[14.4735928,35.8472849],[14.4762924,35.8475283],[14.4776538,35.8476514]]}},{"type":"Feature","properties":{"osm_id":"way/445000479","name":null,"species":null,"height":null,"source":"OpenStreetMap contributors","kind":"woodland"},"geometry":{"type":"Polygon","coordinates":[[[14.4992165,35.8872518],[14.4994103,35.8872271],[14.4994142,35.8872027],[14.4995738,35.8871975],[14.4997104,35.8871423],[14.5008122,35.8865339],[14.4998017,35.8872393],[14.4994948,35.8872936],[14.4992165,35.8872518]]]}},{"type":"Feature","properties":{"osm_id":"way/445016139","name":null,"species":null,"height":null,"source":"OpenStreetMap contributors","kind":"woodland"},"geometry":{"type":"Polygon","coordinates":[[[14.4837205,35.9258361],[14.483259,35.9251957],[14.4831147,35.9251274],[14.4830153,35.925123],[14.4829567,35.9251705],[14.4837205,35.9258361]]]}},{"type":"Feature","properties":{"osm_id":"way/447873271","name":null,"species":null,"height":null,"source":"OpenStreetMap contributors","kind":"tree_row"},"geometry":{"type":"LineString","coordinates":[[14.527685,35.8884797],[14.5270345,35.8882722]]}},{"type":"Feature","properties":{"osm_id":"way/451588621","name":null,"species":null,"height":null,"source":"OpenStreetMap contributors","kind":"woodland"},"geometry":{"type":"Polygon","coordinates":[[[14.4909787,35.8193238],[14.491032,35.8191842],[14.4910926,35.8190643],[14.4911338,35.8189661],[14.4912516,35.8190365],[14.4914853,35.8191764],[14.491432,35.8191862],[14.4913665,35.8192727],[14.491352,35.8193258],[14.4912477,35.8193729],[14.4912283,35.8194476],[14.4911677,35.819481],[14.491095,35.8194673],[14.4910756,35.8194299],[14.4910829,35.8193729],[14.4909787,35.8193238]]]}},{"type":"Feature","properties":{"osm_id":"way/457634352","name":null,"species":null,"height":null,"source":"OpenStreetMap contributors","kind":"tree_row"},"geometry":{"type":"LineString","coordinates":[[14.4716896,35.8900683],[14.4700536,35.8904003],[14.4688073,35.8906237],[14.4676442,35.8908184],[14.4664642,35.8913026]]}},{"type":"Feature","properties":{"osm_id":"way/464903459","name":null,"species":null,"height":null,"source":"OpenStreetMap contributors","kind":"tree_row"},"geometry":{"type":"LineString","coordinates":[[14.4156385,35.8958295],[14.4158332,35.8957449],[14.4159288,35.8956732],[14.4160402,35.8955513]]}},{"type":"Feature","properties":{"osm_id":"way/464903460","name":null,"species":null,"height":null,"source":"OpenStreetMap contributors","kind":"tree_row"},"geometry":{"type":"LineString","coordinates":[[14.4153306,35.8958911],[14.4151466,35.8958882],[14.4149413,35.8958409],[14.4147502,35.8957563]]}},{"type":"Feature","properties":{"osm_id":"way/474295363","name":null,"species":null,"height":null,"source":"OpenStreetMap contributors","kind":"tree_row"},"geometry":{"type":"LineString","coordinates":[[14.4735255,35.8471709],[14.476101,35.8474094]]}},{"type":"Feature","properties":{"osm_id":"way/483373743","name":null,"species":null,"height":null,"source":"OpenStreetMap contributors","kind":"tree_row"},"geometry":{"type":"LineString","coordinates":[[14.5096391,35.8712899],[14.5104117,35.871167]]}},{"type":"Feature","properties":{"osm_id":"way/483373744","name":null,"species":null,"height":null,"source":"OpenStreetMap contributors","kind":"tree_row"},"geometry":{"type":"LineString","coordinates":[[14.5097478,35.8715926],[14.5105204,35.8714697]]}},{"type":"Feature","properties":{"osm_id":"way/489000179","name":null,"species":null,"height":null,"source":"OpenStreetMap contributors","kind":"woodland"},"geometry":{"type":"Polygon","coordinates":[[[14.3852485,35.944593],[14.3851238,35.9445203],[14.3849896,35.944477],[14.3848749,35.9444325],[14.3846678,35.9443248],[14.3845904,35.9442632],[14.3845588,35.9442071],[14.384548,35.9441368],[14.3845612,35.9440829],[14.3846074,35.9440274],[14.3846668,35.9439981],[14.3847328,35.9439893],[14.3848143,35.9439962],[14.3849255,35.9440278],[14.3859298,35.9445453],[14.3863091,35.9447164],[14.3861425,35.9449099],[14.3860381,35.9450341],[14.385918,35.9449814],[14.386022,35.9448739],[14.3858722,35.9447809],[14.3854389,35.944529],[14.3852485,35.944593]]]}},{"type":"Feature","properties":{"osm_id":"way/513180431","name":null,"species":null,"height":null,"source":"OpenStreetMap contributors","kind":"tree_row"},"geometry":{"type":"LineString","coordinates":[[14.4696832,35.8268455],[14.4695496,35.8269146]]}},{"type":"Feature","properties":{"osm_id":"way/513180432","name":null,"species":null,"height":null,"source":"OpenStreetMap contributors","kind":"tree_row"},"geometry":{"type":"LineString","coordinates":[[14.4700185,35.8266878],[14.4698849,35.8267569]]}},{"type":"Feature","properties":{"osm_id":"way/513180433","name":null,"species":null,"height":null,"source":"OpenStreetMap contributors","kind":"tree_row"},"geometry":{"type":"LineString","coordinates":[[14.4704584,35.8264627],[14.4701974,35.8265971]]}},{"type":"Feature","properties":{"osm_id":"way/516852349","name":null,"species":null,"height":null,"source":"OpenStreetMap contributors","kind":"woodland"},"geometry":{"type":"Polygon","coordinates":[[[14.3617211,35.9606837],[14.3616991,35.961201],[14.3617178,35.9612444],[14.3617406,35.9612716],[14.3617648,35.9612868],[14.3618104,35.96129],[14.3618493,35.9612835],[14.3618841,35.9612662],[14.3619123,35.9612672],[14.3619297,35.9612216],[14.3619271,35.9611761],[14.3619096,35.9609318],[14.3619217,35.9608754],[14.3619499,35.9608374],[14.3620008,35.9607864],[14.3620531,35.9607614],[14.3621175,35.9607462],[14.3621805,35.9607451],[14.3622234,35.9607549],[14.3622677,35.9607722],[14.3623093,35.9608037],[14.3623401,35.9608428],[14.362371,35.9609047],[14.3623897,35.9609926],[14.3624112,35.960998],[14.3624327,35.9611326],[14.3624085,35.9611305],[14.3624246,35.9612694],[14.3624273,35.9614822],[14.3623978,35.9616862],[14.3623227,35.9619294],[14.3620612,35.9625677],[14.3620491,35.9625839],[14.3620639,35.9626046],[14.3620987,35.9626024],[14.3624756,35.9626686],[14.3624863,35.9626882],[14.3628591,35.9627327],[14.3629101,35.9627783],[14.3632773,35.9628198],[14.3632324,35.9625515],[14.3628631,35.961566],[14.3625169,35.9608773],[14.3623274,35.9605222],[14.3623537,35.9601945],[14.3620723,35.9601973],[14.3620316,35.9601744],[14.3618069,35.9606428],[14.3617211,35.9606837]]]}},{"type":"Feature","properties":{"osm_id":"way/535959471","name":null,"species":null,"height":null,"source":"OpenStreetMap contributors","kind":"tree_row"},"geometry":{"type":"LineString","coordinates":[[14.4559839,35.9010909],[14.4563782,35.9013364]]}},{"type":"Feature","properties":{"osm_id":"way/537343356","name":null,"species":null,"height":null,"source":"OpenStreetMap contributors","kind":"tree_row"},"geometry":{"type":"LineString","coordinates":[[14.4328144,35.8876746],[14.4331778,35.8877584],[14.4335559,35.8877996]]}},{"type":"Feature","properties":{"osm_id":"way/538347188","name":null,"species":null,"height":null,"source":"OpenStreetMap contributors","kind":"tree_row"},"geometry":{"type":"LineString","coordinates":[[14.4725822,35.832357],[14.4728577,35.831844]]}},{"type":"Feature","properties":{"osm_id":"way/539432809","name":null,"species":null,"height":null,"source":"OpenStreetMap contributors","kind":"tree_row"},"geometry":{"type":"LineString","coordinates":[[14.4970441,35.8880917],[14.4970817,35.8878853]]}},{"type":"Feature","properties":{"osm_id":"way/540358166","name":null,"species":null,"height":null,"source":"OpenStreetMap contributors","kind":"tree_row"},"geometry":{"type":"LineString","coordinates":[[14.4682568,35.8286655],[14.468572,35.8289457]]}},{"type":"Feature","properties":{"osm_id":"way/540616807","name":null,"species":null,"height":null,"source":"OpenStreetMap contributors","kind":"woodland"},"geometry":{"type":"Polygon","coordinates":[[[14.5248529,35.8814564],[14.5251403,35.8814358],[14.5251581,35.8815268],[14.5251698,35.8815439],[14.525191,35.881555],[14.5252107,35.8815612],[14.5252342,35.8815626],[14.5252618,35.881559],[14.5252879,35.8815464],[14.525304,35.8815342],[14.525551,35.8809052],[14.5248939,35.8807065],[14.5249734,35.880702],[14.5250231,35.880696],[14.5250658,35.8807026],[14.5250945,35.8807189],[14.5251349,35.8807507],[14.5251786,35.8807715],[14.5252315,35.8807843],[14.5252859,35.8807875],[14.5253596,35.8807886],[14.5254144,35.8807957],[14.5254708,35.8808112],[14.52551,35.880834],[14.5255565,35.880879],[14.5255869,35.8809261],[14.525606,35.880972],[14.5256103,35.8810287],[14.5256055,35.8810817],[14.5254401,35.8815891],[14.5254005,35.8816234],[14.5253527,35.8816451],[14.5252932,35.8816392],[14.5250407,35.8815418],[14.5248529,35.8814564]]]}},{"type":"Feature","properties":{"osm_id":"way/543634587","name":null,"species":null,"height":null,"source":"OpenStreetMap contributors","kind":"tree_row"},"geometry":{"type":"LineString","coordinates":[[14.5236632,35.884273],[14.5241219,35.8841328]]}},{"type":"Feature","properties":{"osm_id":"way/543634610","name":null,"species":null,"height":null,"source":"OpenStreetMap contributors","kind":"tree_row"},"geometry":{"type":"LineString","coordinates":[[14.5231464,35.8846959],[14.5232713,35.8844964]]}},{"type":"Feature","properties":{"osm_id":"way/548882791","name":null,"species":null,"height":null,"source":"OpenStreetMap contributors","kind":"tree_row"},"geometry":{"type":"LineString","coordinates":[[14.364323,35.9198492],[14.3647783,35.9198908]]}},{"type":"Feature","properties":{"osm_id":"way/552603522","name":"Il-Park Nazzjonali ta' Ta' Qali","species":null,"height":null,"source":"OpenStreetMap contributors","kind":"woodland"},"geometry":{"type":"Polygon","coordinates":[[[14.4231143,35.8951535],[14.4231979,35.8951426],[14.4244433,35.8941909],[14.425101,35.8935761],[14.4257072,35.8924908],[14.4255877,35.892396],[14.4254646,35.8923709],[14.4253387,35.8924204],[14.424848,35.892744],[14.4245981,35.8926727],[14.4241112,35.8930064],[14.4240569,35.8930462],[14.4237412,35.8932951],[14.4238589,35.8935057],[14.4226132,35.8944514],[14.4225931,35.894608],[14.4230042,35.89514],[14.4231143,35.8951535]]]}},{"type":"Feature","properties":{"osm_id":"way/553328616","name":null,"species":null,"height":null,"source":"OpenStreetMap contributors","kind":"woodland"},"geometry":{"type":"Polygon","coordinates":[[[14.5570543,35.8799083],[14.5568343,35.879691],[14.5575371,35.8795041],[14.5580038,35.8793563],[14.5580735,35.8791216],[14.5581271,35.878713],[14.5583954,35.8786348],[14.5584994,35.8788753],[14.5591538,35.8787927],[14.5596345,35.8785826],[14.5602193,35.878274],[14.5604017,35.8782697],[14.5605358,35.8781784],[14.5606431,35.8775916],[14.5609327,35.8775438],[14.5608254,35.8779741],[14.5607289,35.8782045],[14.5602032,35.8787521],[14.5597418,35.8790303],[14.559734,35.8792288],[14.5590123,35.8792346],[14.5585831,35.8791911],[14.5584115,35.8793998],[14.5582934,35.8796606],[14.5578482,35.8797866],[14.5575907,35.8796953],[14.5575961,35.879817],[14.5570543,35.8799083]]]}},{"type":"Feature","properties":{"osm_id":"way/553328617","name":null,"species":null,"height":null,"source":"OpenStreetMap contributors","kind":"woodland"},"geometry":{"type":"Polygon","coordinates":[[[14.5600637,35.8772265],[14.5599993,35.8767744],[14.5602354,35.8767136],[14.5604017,35.876844],[14.560568,35.8772743],[14.5601603,35.8773047],[14.5600637,35.8772265]]]}},{"type":"Feature","properties":{"osm_id":"way/554568897","name":null,"species":null,"height":null,"source":"OpenStreetMap contributors","kind":"tree_row"},"geometry":{"type":"LineString","coordinates":[[14.5054302,35.9092291],[14.5055979,35.9091189],[14.5057233,35.9092543],[14.5055576,35.9093554]]}},{"type":"Feature","properties":{"osm_id":"way/554800060","name":null,"species":null,"height":null,"source":"OpenStreetMap contributors","kind":"tree_row"},"geometry":{"type":"LineString","coordinates":[[14.5027179,35.8601293],[14.5029267,35.8602039]]}},{"type":"Feature","properties":{"osm_id":"way/595167418","name":null,"species":null,"height":null,"source":"OpenStreetMap contributors","kind":"tree_row"},"geometry":{"type":"LineString","coordinates":[[14.469781,35.8300699],[14.470068,35.8303232]]}},{"type":"Feature","properties":{"osm_id":"way/595167419","name":null,"species":null,"height":null,"source":"OpenStreetMap contributors","kind":"tree_row"},"geometry":{"type":"LineString","coordinates":[[14.4701431,35.830395],[14.4702679,35.8304983]]}},{"type":"Feature","properties":{"osm_id":"way/595167420","name":null,"species":null,"height":null,"source":"OpenStreetMap contributors","kind":"tree_row"},"geometry":{"type":"LineString","coordinates":[[14.4705079,35.8307158],[14.4706675,35.8308528]]}},{"type":"Feature","properties":{"osm_id":"way/595167421","name":null,"species":null,"height":null,"source":"OpenStreetMap contributors","kind":"tree_row"},"geometry":{"type":"LineString","coordinates":[[14.4711905,35.8313377],[14.4713099,35.8314432]]}},{"type":"Feature","properties":{"osm_id":"way/595167422","name":null,"species":null,"height":null,"source":"OpenStreetMap contributors","kind":"tree_row"},"geometry":{"type":"LineString","coordinates":[[14.47179,35.8318781],[14.4723881,35.8323967]]}},{"type":"Feature","properties":{"osm_id":"way/616410396","name":null,"species":null,"height":null,"source":"OpenStreetMap contributors","kind":"woodland"},"geometry":{"type":"Polygon","coordinates":[[[14.3581099,35.8982715],[14.3579785,35.8981238],[14.3579302,35.8980412],[14.3580456,35.8979587],[14.3580885,35.8980651],[14.3583192,35.8981977],[14.3583701,35.8983259],[14.3584077,35.8984041],[14.3583782,35.8984519],[14.3582816,35.8983758],[14.358177,35.8984953],[14.3581904,35.8985953],[14.3580617,35.8985996],[14.358,35.8987104],[14.358008,35.8988299],[14.3578203,35.8989277],[14.3577452,35.8990385],[14.3577161,35.8992288],[14.3575111,35.8993674],[14.3571997,35.8995791],[14.3569727,35.8999886],[14.3568101,35.9004414],[14.3566835,35.900632],[14.3567283,35.9009089],[14.3566122,35.9008772],[14.3565623,35.9006922],[14.3567436,35.9003303],[14.3568553,35.899863],[14.3569553,35.8996105],[14.3575422,35.8992713],[14.3575591,35.898961],[14.3574374,35.8989356],[14.3574783,35.8988153],[14.3576506,35.8985668],[14.3578283,35.8985877],[14.357945,35.8984513],[14.3579058,35.8983662],[14.3579445,35.898346],[14.3580114,35.898381],[14.3581099,35.8982715]]]}},{"type":"Feature","properties":{"osm_id":"way/674831113","name":null,"species":null,"height":null,"source":"OpenStreetMap contributors","kind":"woodland"},"geometry":{"type":"Polygon","coordinates":[[[14.3362811,35.8985936],[14.3363466,35.8985814],[14.3363996,35.8986508],[14.3364021,35.8986937],[14.3364374,35.8986937],[14.3364702,35.8986672],[14.3364979,35.8986815],[14.3365181,35.8987019],[14.3365609,35.8987162],[14.3365609,35.8987611],[14.3365937,35.8987856],[14.3365937,35.8988571],[14.3365912,35.898947],[14.3365534,35.899096],[14.336576,35.8991982],[14.3365634,35.8992615],[14.3365634,35.8993534],[14.3366565,35.8993417],[14.336708,35.8993523],[14.3367557,35.899389],[14.3368418,35.8996796],[14.3367786,35.899657],[14.336747,35.8996265],[14.3367154,35.8995196],[14.3366852,35.8994455],[14.3366416,35.8994284],[14.3365681,35.8994405],[14.3365559,35.8995004],[14.3365786,35.8995882],[14.3366214,35.8996515],[14.3366441,35.8997291],[14.3367021,35.8997741],[14.3367021,35.8998558],[14.3367122,35.8999518],[14.3367601,35.9000804],[14.3367777,35.9002377],[14.336808,35.9003112],[14.3368584,35.9003868],[14.3368105,35.9004501],[14.3367475,35.9004929],[14.3366744,35.9004562],[14.3366265,35.9003949],[14.336629,35.9003255],[14.3366013,35.9002458],[14.336571,35.9001601],[14.3365634,35.9000579],[14.3365534,35.8999354],[14.3365181,35.8998394],[14.3364903,35.8997455],[14.3364626,35.8996679],[14.3364197,35.8995882],[14.3363416,35.8995249],[14.3363088,35.8994616],[14.3363189,35.8993329],[14.3362912,35.8991532],[14.3363113,35.8990572],[14.3362886,35.8989265],[14.3362937,35.8987693],[14.3362811,35.8985936]]]}},{"type":"Feature","properties":{"osm_id":"way/686026973","name":null,"species":null,"height":null,"source":"OpenStreetMap contributors","kind":"tree_row"},"geometry":{"type":"LineString","coordinates":[[14.4132364,35.9365812],[14.4125351,35.9370025]]}},{"type":"Feature","properties":{"osm_id":"way/686026974","name":null,"species":null,"height":null,"source":"OpenStreetMap contributors","kind":"tree_row"},"geometry":{"type":"LineString","coordinates":[[14.4116834,35.9378353],[14.411506,35.9381599]]}},{"type":"Feature","properties":{"osm_id":"way/687319093","name":null,"species":null,"height":null,"source":"OpenStreetMap contributors","kind":"woodland"},"geometry":{"type":"Polygon","coordinates":[[[14.3686184,35.9599183],[14.3687887,35.959851],[14.3688732,35.9598325],[14.3689805,35.9597641],[14.3690435,35.9596708],[14.3691776,35.9588924],[14.3691481,35.958734],[14.368959,35.9586189],[14.3688571,35.9589196],[14.3687149,35.9590868],[14.3684024,35.9594775],[14.3686264,35.9596219],[14.3685741,35.9598162],[14.3686184,35.9599183]]]}},{"type":"Feature","properties":{"osm_id":"way/724858520","name":"Park Nazzjonali tas-Salina","species":null,"height":null,"source":"OpenStreetMap contributors","kind":"woodland"},"geometry":{"type":"Polygon","coordinates":[[[14.4175674,35.9449416],[14.4180228,35.9441281],[14.4181697,35.9440829],[14.4184019,35.9441304],[14.4189014,35.9443279],[14.4190542,35.9444492],[14.4196154,35.9445729],[14.4192187,35.9451343],[14.4186575,35.9449035],[14.4185517,35.945082],[14.4183313,35.9450201],[14.4182138,35.9451866],[14.4175674,35.9449416]]]}},{"type":"Feature","properties":{"osm_id":"way/724858541","name":null,"species":null,"height":null,"source":"OpenStreetMap contributors","kind":"tree_row"},"geometry":{"type":"LineString","coordinates":[[14.4202967,35.9532451],[14.4210957,35.9531337]]}},{"type":"Feature","properties":{"osm_id":"way/778059174","name":null,"species":null,"height":null,"source":"OpenStreetMap contributors","kind":"woodland"},"geometry":{"type":"Polygon","coordinates":[[[14.4837864,35.9010019],[14.4838844,35.9011266],[14.4839383,35.901126],[14.4840203,35.9011369],[14.48404,35.9011323],[14.4841856,35.9010987],[14.4843294,35.901095],[14.4846992,35.9012097],[14.4850509,35.9014118],[14.4850751,35.9013809],[14.4850889,35.9013655],[14.4854942,35.9014063],[14.4855095,35.9013998],[14.4855513,35.9013818],[14.4855171,35.9013411],[14.4854077,35.9012493],[14.4853338,35.9011875],[14.4852486,35.90114],[14.4851824,35.9011029],[14.4850857,35.9010669],[14.4849521,35.9010297],[14.4848019,35.9009999],[14.484681,35.9009947],[14.4845321,35.9009937],[14.4844176,35.9009947],[14.4840982,35.9009895],[14.4840282,35.9009906],[14.4837864,35.9010019]]]}},{"type":"Feature","properties":{"osm_id":"way/805894398","name":null,"species":null,"height":null,"source":"OpenStreetMap contributors","kind":"tree_row"},"geometry":{"type":"LineString","coordinates":[[14.5277041,35.8811814],[14.5284636,35.8808231]]}},{"type":"Feature","properties":{"osm_id":"way/819315850","name":null,"species":null,"height":null,"source":"OpenStreetMap contributors","kind":"tree_row"},"geometry":{"type":"LineString","coordinates":[[14.5117399,35.8790233],[14.5125935,35.8788737]]}},{"type":"Feature","properties":{"osm_id":"way/835834859","name":null,"species":null,"height":null,"source":"OpenStreetMap contributors","kind":"tree_row"},"geometry":{"type":"LineString","coordinates":[[14.5018109,35.8896036],[14.5019914,35.8898122],[14.5021523,35.8902468],[14.5023347,35.890325],[14.5026324,35.8904684],[14.5029833,35.890545],[14.504092,35.8906754],[14.5041338,35.8906758],[14.5041559,35.890676]]}},{"type":"Feature","properties":{"osm_id":"way/852436894","name":null,"species":null,"height":null,"source":"OpenStreetMap contributors","kind":"woodland"},"geometry":{"type":"Polygon","coordinates":[[[14.3865471,35.9445677],[14.3866357,35.9446319],[14.3867808,35.9446615],[14.3868398,35.94445],[14.3865887,35.9443941],[14.3865471,35.9445677]]]}},{"type":"Feature","properties":{"osm_id":"way/852436895","name":null,"species":null,"height":null,"source":"OpenStreetMap contributors","kind":"woodland"},"geometry":{"type":"Polygon","coordinates":[[[14.3875956,35.9447841],[14.3876472,35.9445758],[14.3879176,35.9446176],[14.3878544,35.9448234],[14.3875956,35.9447841]]]}},{"type":"Feature","properties":{"osm_id":"way/852436896","name":null,"species":null,"height":null,"source":"OpenStreetMap contributors","kind":"woodland"},"geometry":{"type":"Polygon","coordinates":[[[14.3854766,35.9441049],[14.386196,35.9444791],[14.3862376,35.9444392],[14.3863177,35.9441698],[14.386273,35.9440625],[14.3862684,35.9439889],[14.3862022,35.943944],[14.3859249,35.9439216],[14.3854766,35.9441049]]]}},{"type":"Feature","properties":{"osm_id":"way/852436897","name":null,"species":null,"height":null,"source":"OpenStreetMap contributors","kind":"woodland"},"geometry":{"type":"Polygon","coordinates":[[[14.3885911,35.944397],[14.3888238,35.9444298],[14.3888805,35.9445845],[14.3889621,35.9445298],[14.3890061,35.9444455],[14.3891176,35.9442807],[14.3887478,35.9442464],[14.3886514,35.9442088],[14.3885911,35.944397]]]}},{"type":"Feature","properties":{"osm_id":"way/852460274","name":null,"species":null,"height":null,"source":"OpenStreetMap contributors","kind":"woodland"},"geometry":{"type":"Polygon","coordinates":[[[14.3841354,35.9499937],[14.3846263,35.9495529],[14.3845565,35.949516],[14.3844251,35.9495877],[14.3842481,35.9495964],[14.3840898,35.9495008],[14.3838833,35.9493076],[14.3836258,35.9494921],[14.3841354,35.9499937]]]}},{"type":"Feature","properties":{"osm_id":"way/852460275","name":null,"species":null,"height":null,"source":"OpenStreetMap contributors","kind":"woodland"},"geometry":{"type":"Polygon","coordinates":[[[14.3851333,35.950214],[14.3855602,35.9498684],[14.3854627,35.9497236],[14.3852492,35.9498619],[14.3851537,35.9497648],[14.3850215,35.949903],[14.3851333,35.950214]]]}},{"type":"Feature","properties":{"osm_id":"way/893906178","name":null,"species":null,"height":null,"source":"OpenStreetMap contributors","kind":"tree_row"},"geometry":{"type":"LineString","coordinates":[[14.4996773,35.9175584],[14.5004851,35.9172338]]}},{"type":"Feature","properties":{"osm_id":"way/893906179","name":null,"species":null,"height":null,"source":"OpenStreetMap contributors","kind":"tree_row"},"geometry":{"type":"LineString","coordinates":[[14.5009774,35.9170094],[14.5012063,35.9169177],[14.5014625,35.9168431],[14.5022625,35.9166135]]}},{"type":"Feature","properties":{"osm_id":"way/899828322","name":null,"species":null,"height":null,"source":"OpenStreetMap contributors","kind":"tree_row"},"geometry":{"type":"LineString","coordinates":[[14.4475731,35.9087553],[14.4483912,35.9084705]]}},{"type":"Feature","properties":{"osm_id":"way/908814579","name":null,"species":null,"height":null,"source":"OpenStreetMap contributors","kind":"tree_row"},"geometry":{"type":"LineString","coordinates":[[14.5047771,35.8928621],[14.5042594,35.8925362]]}},{"type":"Feature","properties":{"osm_id":"way/908814580","name":null,"species":null,"height":null,"source":"OpenStreetMap contributors","kind":"tree_row"},"geometry":{"type":"LineString","coordinates":[[14.5041253,35.8924536],[14.5037337,35.8921473]]}},{"type":"Feature","properties":{"osm_id":"way/908814581","name":null,"species":null,"height":null,"source":"OpenStreetMap contributors","kind":"tree_row"},"geometry":{"type":"LineString","coordinates":[[14.5035269,35.8917547],[14.5039614,35.8915051],[14.5041616,35.8913978],[14.5042606,35.8913419],[14.5043321,35.8912939],[14.5043554,35.8912605],[14.5043766,35.8912163],[14.5043809,35.8911765],[14.5043647,35.8911166],[14.5043067,35.8910327],[14.5042319,35.8909706]]}},{"type":"Feature","properties":{"osm_id":"way/908814582","name":null,"species":null,"height":null,"source":"OpenStreetMap contributors","kind":"tree_row"},"geometry":{"type":"LineString","coordinates":[[14.5023851,35.8906941],[14.5041281,35.8908948]]}},{"type":"Feature","properties":{"osm_id":"way/936261971","name":null,"species":null,"height":null,"source":"OpenStreetMap contributors","kind":"tree_row"},"geometry":{"type":"LineString","coordinates":[[14.4998125,35.8874153],[14.4999997,35.8872419],[14.5009497,35.886644],[14.5010485,35.8865934],[14.5011505,35.8865587],[14.5013383,35.8865652],[14.5014743,35.8865862],[14.501599,35.8866505],[14.5018678,35.8868591]]}},{"type":"Feature","properties":{"osm_id":"way/938763823","name":null,"species":null,"height":null,"source":"OpenStreetMap contributors","kind":"tree_row"},"geometry":{"type":"LineString","coordinates":[[14.4905654,35.8963521],[14.4926322,35.8968987]]}},{"type":"Feature","properties":{"osm_id":"way/948697414","name":null,"species":null,"height":null,"source":"OpenStreetMap contributors","kind":"tree_row"},"geometry":{"type":"LineString","coordinates":[[14.5464398,35.8861046],[14.5464076,35.8860492]]}},{"type":"Feature","properties":{"osm_id":"way/957412046","name":null,"species":null,"height":null,"source":"OpenStreetMap contributors","kind":"woodland"},"geometry":{"type":"Polygon","coordinates":[[[14.3901994,35.8831835],[14.3903875,35.8830122],[14.3902794,35.8828133],[14.390425,35.8825102],[14.390358,35.8824406],[14.3900836,35.88242],[14.3898535,35.8825964],[14.3899994,35.8829356],[14.3901994,35.8831835]]]}},{"type":"Feature","properties":{"osm_id":"way/978068189","name":null,"species":null,"height":null,"source":"OpenStreetMap contributors","kind":"tree_row"},"geometry":{"type":"LineString","coordinates":[[14.4122053,35.8766552],[14.4117195,35.8765317],[14.411937,35.8761562]]}},{"type":"Feature","properties":{"osm_id":"way/978331441","name":null,"species":null,"height":null,"source":"OpenStreetMap contributors","kind":"tree_row"},"geometry":{"type":"LineString","coordinates":[[14.4690644,35.8285931],[14.4692592,35.8284453]]}},{"type":"Feature","properties":{"osm_id":"way/978337768","name":"Il-Park tal-Klieb Ta' Ġawhar","species":null,"height":null,"source":"OpenStreetMap contributors","kind":"woodland"},"geometry":{"type":"Polygon","coordinates":[[[14.5021801,35.8332925],[14.5025213,35.8331239],[14.5027385,35.8329659],[14.5028502,35.8328341],[14.5028779,35.8328442],[14.5028833,35.8328897],[14.5028739,35.8329355],[14.5028163,35.8330165],[14.5026314,35.8331614],[14.5022787,35.8333874],[14.5022163,35.833365],[14.5021801,35.8332925]]]}},{"type":"Feature","properties":{"osm_id":"way/1123279887","name":null,"species":null,"height":null,"source":"OpenStreetMap contributors","kind":"woodland"},"geometry":{"type":"Polygon","coordinates":[[[14.3813249,35.9455328],[14.3813249,35.9456173],[14.3812612,35.9457978],[14.3812772,35.945825],[14.3813108,35.9458322],[14.3813656,35.9458207],[14.381401,35.9457749],[14.3814523,35.9455987],[14.3814523,35.9455457],[14.3814205,35.9455242],[14.3813515,35.9455084],[14.3813249,35.9455328]]]}},{"type":"Feature","properties":{"osm_id":"way/1123279888","name":null,"species":null,"height":null,"source":"OpenStreetMap contributors","kind":"woodland"},"geometry":{"type":"Polygon","coordinates":[[[14.3815037,35.9456531],[14.3814488,35.9457405],[14.3814435,35.9458752],[14.3814612,35.9459998],[14.3814877,35.9460299],[14.381532,35.9460471],[14.3815992,35.9460442],[14.3816665,35.9460127],[14.3817408,35.9458838],[14.3817443,35.9458207],[14.3817054,35.9457591],[14.3817072,35.9456961],[14.3818186,35.9457104],[14.3818381,35.9456947],[14.3817992,35.9456173],[14.3817496,35.9456044],[14.3817142,35.9456044],[14.3816983,35.9456273],[14.3816629,35.9456187],[14.3816134,35.9456445],[14.3815461,35.945623],[14.3815037,35.9456531]]]}},{"type":"Feature","properties":{"osm_id":"way/1123279889","name":null,"species":null,"height":null,"source":"OpenStreetMap contributors","kind":"woodland"},"geometry":{"type":"Polygon","coordinates":[[[14.3817638,35.9461244],[14.3817426,35.9460041],[14.3817673,35.9459425],[14.3817956,35.9459267],[14.3820575,35.9459969],[14.3821142,35.9460328],[14.3821354,35.94607],[14.3821089,35.9461502],[14.3820629,35.946166],[14.3819478,35.9461803],[14.3818063,35.9461603],[14.3817638,35.9461244]]]}},{"type":"Feature","properties":{"osm_id":"way/1123279890","name":null,"species":null,"height":null,"source":"OpenStreetMap contributors","kind":"woodland"},"geometry":{"type":"Polygon","coordinates":[[[14.3821743,35.9457706],[14.3821973,35.9457964],[14.3821832,35.9458522],[14.3821496,35.9458637],[14.3819054,35.9458035],[14.3818664,35.9457777],[14.381877,35.9457204],[14.3819496,35.9457004],[14.3821743,35.9457706]]]}},{"type":"Feature","properties":{"osm_id":"way/1123279891","name":null,"species":null,"height":null,"source":"OpenStreetMap contributors","kind":"woodland"},"geometry":{"type":"Polygon","coordinates":[[[14.3819,35.9453895],[14.3818717,35.9454712],[14.3819124,35.9456116],[14.3819885,35.945656],[14.3820558,35.9456746],[14.3821867,35.9456502],[14.3822416,35.945603],[14.3822557,35.9455571],[14.382169,35.9454869],[14.3820912,35.9454482],[14.3820363,35.9454511],[14.3819425,35.945378],[14.3819,35.9453895]]]}},{"type":"Feature","properties":{"osm_id":"way/1123279892","name":null,"species":null,"height":null,"source":"OpenStreetMap contributors","kind":"woodland"},"geometry":{"type":"Polygon","coordinates":[[[14.3824876,35.9454425],[14.382592,35.9454325],[14.3826875,35.9452849],[14.3827371,35.9452663],[14.3827813,35.9452706],[14.3827955,35.9452864],[14.3827601,35.9454439],[14.382684,35.9455571],[14.3826309,35.9455929],[14.3825495,35.9456159],[14.3824309,35.9456058],[14.3823902,35.9455127],[14.3824044,35.9454826],[14.3824876,35.9454425]]]}},{"type":"Feature","properties":{"osm_id":"way/1123279895","name":null,"species":null,"height":null,"source":"OpenStreetMap contributors","kind":"woodland"},"geometry":{"type":"Polygon","coordinates":[[[14.3816987,35.9455375],[14.381735,35.9454941],[14.3817551,35.9452976],[14.3817269,35.9452661],[14.3816625,35.9452552],[14.3816102,35.9452628],[14.3815606,35.9453019],[14.3815338,35.9453638],[14.3815298,35.9455342],[14.3815593,35.9455592],[14.3816062,35.9455668],[14.3816478,35.9455668],[14.3816987,35.9455375]]]}},{"type":"Feature","properties":{"osm_id":"way/1124096268","name":null,"species":null,"height":null,"source":"OpenStreetMap contributors","kind":"woodland"},"geometry":{"type":"Polygon","coordinates":[[[14.3933622,35.9124995],[14.3926365,35.9127481],[14.3925756,35.9127646],[14.3925308,35.9127564],[14.3924821,35.9127383],[14.3924638,35.9127251],[14.3924353,35.9127333],[14.3924312,35.9127481],[14.3924617,35.9127811],[14.3925512,35.9128074],[14.3927849,35.9127975],[14.3934313,35.9125736],[14.3934578,35.9125539],[14.39347,35.9125275],[14.3934557,35.9125144],[14.3934293,35.9124995],[14.3934049,35.9124963],[14.3933622,35.9124995]]]}},{"type":"Feature","properties":{"osm_id":"way/1124096269","name":null,"species":null,"height":null,"source":"OpenStreetMap contributors","kind":"woodland"},"geometry":{"type":"Polygon","coordinates":[[[14.3924821,35.9124963],[14.3927057,35.9124584],[14.3929313,35.9123925],[14.3931732,35.9123036],[14.3933887,35.912246],[14.3935106,35.9122147],[14.3936448,35.9122032],[14.3937789,35.9121999],[14.3941306,35.9121966],[14.3945981,35.9121785],[14.3948769,35.91215],[14.3950397,35.9120855],[14.3952131,35.9120755],[14.3957369,35.9120425],[14.3957723,35.912031],[14.3957723,35.9120196],[14.3957511,35.912011],[14.3956467,35.9120095],[14.3952963,35.9119895],[14.3950786,35.9119809],[14.3949848,35.911978],[14.3948875,35.9119952],[14.3947495,35.9120267],[14.3946539,35.9120339],[14.394185,35.9120196],[14.3937727,35.9120224],[14.3935621,35.9120224],[14.3933887,35.9120626],[14.3930011,35.9122059],[14.3928135,35.9122819],[14.3926614,35.9123277],[14.392426,35.9123736],[14.3924012,35.9123879],[14.3923906,35.9124266],[14.3923888,35.9124624],[14.3924118,35.9124925],[14.3924419,35.9125011],[14.3924821,35.9124963]]]}},{"type":"Feature","properties":{"osm_id":"way/1124096270","name":null,"species":null,"height":null,"source":"OpenStreetMap contributors","kind":"woodland"},"geometry":{"type":"Polygon","coordinates":[[[14.3923924,35.9121701],[14.3927835,35.9121228],[14.3930011,35.912074],[14.3931533,35.9120052],[14.3933356,35.9119164],[14.3934948,35.9118619],[14.3936099,35.911839],[14.3938134,35.9118304],[14.3940009,35.9118275],[14.3941956,35.9118204],[14.3945247,35.9117989],[14.3949194,35.9118089],[14.395176,35.911806],[14.3952945,35.9117974],[14.3953635,35.9117903],[14.3954945,35.9118003],[14.3960342,35.9118175],[14.3961829,35.9118175],[14.3961758,35.9118017],[14.3961475,35.9117817],[14.3961121,35.9117745],[14.3959935,35.9117544],[14.3957723,35.9117372],[14.3956254,35.9117272],[14.3954963,35.91172],[14.3953105,35.9115968],[14.39516,35.9116111],[14.3950185,35.9116197],[14.3945885,35.9115996],[14.3942717,35.9115839],[14.3941496,35.9115853],[14.3940664,35.9116068],[14.3939496,35.9116355],[14.3938258,35.9116455],[14.3935869,35.9116713],[14.3934701,35.9116856],[14.3933674,35.9117157],[14.3932683,35.911743],[14.3931338,35.9118261],[14.3930312,35.9119049],[14.3929197,35.9119579],[14.392787,35.9120181],[14.3926507,35.9120626],[14.3925623,35.9120869],[14.3924791,35.9121199],[14.3923924,35.9121701]]]}},{"type":"Feature","properties":{"osm_id":"way/1124096271","name":null,"species":null,"height":null,"source":"OpenStreetMap contributors","kind":"woodland"},"geometry":{"type":"Polygon","coordinates":[[[14.3931728,35.9117243],[14.3929746,35.9118777],[14.3927959,35.9119565],[14.3925764,35.9120267],[14.3923906,35.9120726],[14.392288,35.9120798],[14.392173,35.9120339],[14.3921269,35.9119737],[14.3921376,35.9119321],[14.3921747,35.9118934],[14.392219,35.9118834],[14.3922455,35.911902],[14.392288,35.9119364],[14.3923464,35.9119422],[14.3924738,35.9119336],[14.3926295,35.9119178],[14.3927817,35.9118834],[14.3929215,35.9118376],[14.3930188,35.9117831],[14.3930949,35.9117458],[14.3931728,35.9117243]]]}},{"type":"Feature","properties":{"osm_id":"way/1124096272","name":null,"species":null,"height":null,"source":"OpenStreetMap contributors","kind":"woodland"},"geometry":{"type":"Polygon","coordinates":[[[14.3922473,35.9115925],[14.3924012,35.9115982],[14.3925056,35.9116125],[14.3925676,35.9116297],[14.3926189,35.9116455],[14.3926684,35.9116627],[14.3927003,35.9116656],[14.392741,35.9116527],[14.3928047,35.9116111],[14.3930135,35.9114678],[14.3931675,35.9113503],[14.3932843,35.9113187],[14.3934665,35.9112829],[14.3936683,35.9112858],[14.3938647,35.9112987],[14.3939903,35.9112972],[14.3940133,35.9111568],[14.3937072,35.9111453],[14.3936099,35.9111238],[14.3935462,35.9111152],[14.3934807,35.9111152],[14.3934011,35.9111281],[14.3932896,35.9111625],[14.3931161,35.9112098],[14.39301,35.9112628],[14.3929233,35.911323],[14.3928596,35.9113889],[14.3927552,35.9114506],[14.3927038,35.9114936],[14.3926773,35.9114979],[14.3926472,35.9114878],[14.3926065,35.9114606],[14.3925428,35.9114405],[14.3924773,35.9114319],[14.3923835,35.9114377],[14.392311,35.911452],[14.3922561,35.9114721],[14.3922367,35.911505],[14.3922384,35.911528],[14.3922243,35.9115466],[14.3922048,35.9115609],[14.3922048,35.9115781],[14.3922172,35.9115896],[14.3922473,35.9115925]]]}},{"type":"Feature","properties":{"osm_id":"way/1124096273","name":null,"species":null,"height":null,"source":"OpenStreetMap contributors","kind":"woodland"},"geometry":{"type":"Polygon","coordinates":[[[14.3924193,35.9103297],[14.3924864,35.910573],[14.392548,35.9107686],[14.3926003,35.9108674],[14.3926835,35.9109217],[14.3928189,35.9109478],[14.393051,35.9109793],[14.3932816,35.910988],[14.3933701,35.9109749],[14.3933943,35.9109608],[14.3933916,35.9109467],[14.3933675,35.9109391],[14.3933031,35.9109402],[14.3930469,35.9109337],[14.3929423,35.9109195],[14.3928404,35.9108978],[14.392709,35.9108707],[14.3926701,35.9108446],[14.3926312,35.9108011],[14.3925977,35.9107447],[14.3925695,35.9106176],[14.3925306,35.9104481],[14.3925145,35.9103493],[14.3925105,35.9103265],[14.392485,35.9103178],[14.3924488,35.9103156],[14.3924273,35.91032],[14.3924193,35.9103297]]]}},{"type":"Feature","properties":{"osm_id":"way/1151955376","name":null,"species":null,"height":null,"source":"OpenStreetMap contributors","kind":"woodland"},"geometry":{"type":"Polygon","coordinates":[[[14.3682829,35.960339],[14.3685111,35.9600732],[14.3686559,35.9599863],[14.3688777,35.9599163],[14.3689057,35.9599201],[14.3689407,35.9599334],[14.3689664,35.9599598],[14.3689758,35.9599919],[14.3684858,35.962246],[14.3683179,35.9622221],[14.3684107,35.961795],[14.3682637,35.961774],[14.3683175,35.9615265],[14.368385,35.9615361],[14.3684614,35.9614038],[14.3685344,35.9611239],[14.3685841,35.9611324],[14.3686225,35.9609852],[14.3685077,35.9609656],[14.3686548,35.9604026],[14.3682829,35.960339]]]}},{"type":"Feature","properties":{"osm_id":"way/1164351858","name":null,"species":null,"height":null,"source":"OpenStreetMap contributors","kind":"tree_row"},"geometry":{"type":"LineString","coordinates":[[14.5125025,35.8807559],[14.5130308,35.8806492]]}},{"type":"Feature","properties":{"osm_id":"way/1171510296","name":null,"species":null,"height":null,"source":"OpenStreetMap contributors","kind":"tree_row"},"geometry":{"type":"LineString","coordinates":[[14.4410706,35.9084588],[14.4414971,35.9092061]]}},{"type":"Feature","properties":{"osm_id":"way/1171918037","name":null,"species":null,"height":null,"source":"OpenStreetMap contributors","kind":"woodland"},"geometry":{"type":"Polygon","coordinates":[[[14.3450115,35.9339717],[14.3449459,35.9340357],[14.3449318,35.9340606],[14.3449331,35.9340827],[14.3449838,35.9341243],[14.3450276,35.9341307],[14.3451717,35.9341089],[14.3453272,35.9341039],[14.3453704,35.9341151],[14.345375,35.93414],[14.3453919,35.9341762],[14.3454417,35.9342185],[14.345671,35.934263],[14.345697,35.9342626],[14.3457151,35.9342543],[14.3457543,35.9342228],[14.3458266,35.9341698],[14.3460576,35.9340612],[14.3461796,35.9338511],[14.3462282,35.9337988],[14.3457722,35.9338769],[14.3454986,35.9337206],[14.3454423,35.9336402],[14.3451875,35.9334621],[14.3451244,35.933338],[14.3450943,35.9332689],[14.3450989,35.9331928],[14.3451231,35.9331407],[14.3448497,35.9328016],[14.3446969,35.9328845],[14.3447759,35.9333286],[14.3450305,35.93379],[14.3451148,35.9337732],[14.3452048,35.9337923],[14.3453193,35.9338412],[14.3453125,35.9338797],[14.3452818,35.9339164],[14.3452398,35.9339484],[14.3450115,35.9339717]]]}},{"type":"Feature","properties":{"osm_id":"way/1173240678","name":null,"species":null,"height":null,"source":"OpenStreetMap contributors","kind":"woodland"},"geometry":{"type":"Polygon","coordinates":[[[14.4160219,35.9245195],[14.4159135,35.9240673],[14.4158783,35.9239915],[14.4160739,35.9241317],[14.4163109,35.9243021],[14.4165222,35.9244708],[14.4167235,35.924673],[14.416771,35.924763],[14.4167249,35.9248017],[14.416489,35.9247419],[14.4162174,35.9246109],[14.4160219,35.9245195]]]}},{"type":"Feature","properties":{"osm_id":"way/1174948889","name":null,"species":null,"height":null,"source":"OpenStreetMap contributors","kind":"woodland"},"geometry":{"type":"Polygon","coordinates":[[[14.4913024,35.8746442],[14.4912333,35.8746805],[14.491214,35.8747108],[14.491215,35.8747348],[14.4912293,35.8747669],[14.4912618,35.8747859],[14.4913207,35.8747809],[14.492083,35.8747233],[14.49247,35.8746972],[14.4927639,35.8746508],[14.4930119,35.8746327],[14.4939592,35.8745882],[14.4940161,35.8745915],[14.494069,35.8746311],[14.4941067,35.8747023],[14.4941912,35.8746944],[14.4940629,35.8744499],[14.4939673,35.8744614],[14.494012,35.8745273],[14.493329,35.8745405],[14.4930038,35.874547],[14.4924565,35.8745852],[14.4918167,35.874608],[14.4913024,35.8746442]]]}},{"type":"Feature","properties":{"osm_id":"way/1224627523","name":null,"species":null,"height":null,"source":"OpenStreetMap contributors","kind":"woodland"},"geometry":{"type":"Polygon","coordinates":[[[14.4571508,35.8302745],[14.4572066,35.830415],[14.4571393,35.8306015],[14.4572328,35.8306742],[14.4571804,35.8307576],[14.4568831,35.8309896],[14.4569803,35.8310654],[14.4570776,35.8310487],[14.4574291,35.8309941],[14.457575,35.8310881],[14.4578144,35.8311276],[14.4580201,35.8310684],[14.4581865,35.8309517],[14.4582482,35.830794],[14.4583567,35.830744],[14.4587849,35.8305848],[14.4587288,35.8304878],[14.4589607,35.8304286],[14.4588821,35.8303286],[14.4584053,35.8304787],[14.4582931,35.8302558],[14.4587157,35.8301057],[14.4587193,35.8300152],[14.4586871,35.8299666],[14.4586305,35.8299135],[14.4585428,35.8298415],[14.4584807,35.8298235],[14.4580544,35.8298919],[14.457576,35.8299549],[14.4573773,35.8299468],[14.4573559,35.8300051],[14.4574122,35.8301769],[14.4571508,35.8302745]]]}},{"type":"Feature","properties":{"osm_id":"way/1224629771","name":null,"species":null,"height":null,"source":"OpenStreetMap contributors","kind":"woodland"},"geometry":{"type":"Polygon","coordinates":[[[14.3693157,35.9429528],[14.3690438,35.9428874],[14.3691436,35.9426102],[14.368672,35.9422775],[14.3683045,35.9420848],[14.3671564,35.9420409],[14.3667723,35.9419192],[14.3663966,35.9417569],[14.3660709,35.9416995],[14.3659624,35.9418313],[14.3659832,35.9419428],[14.3662087,35.9420307],[14.3664508,35.942193],[14.3664174,35.9423079],[14.366121,35.9423552],[14.3655449,35.942149],[14.3652693,35.9421152],[14.3649311,35.9421287],[14.364714,35.9421659],[14.3633488,35.9419766],[14.3630649,35.9420172],[14.3622633,35.9422335],[14.3620921,35.9422133],[14.3620796,35.9421186],[14.3622633,35.9416927],[14.3618207,35.9415845],[14.3612195,35.9416657],[14.3610358,35.9418719],[14.3606768,35.9421085],[14.3605599,35.9422403],[14.3605766,35.9423349],[14.3607937,35.942558],[14.3607937,35.9427473],[14.36061,35.9428622],[14.3602635,35.9427913],[14.3596247,35.9428555],[14.3592197,35.9430549],[14.3589984,35.943207],[14.358965,35.943616],[14.3578044,35.9433422],[14.3567857,35.9430279],[14.3566395,35.9429713],[14.3563974,35.943136],[14.3561385,35.9431056],[14.3557837,35.9431428],[14.3555749,35.9431935],[14.3549361,35.9438492],[14.3556375,35.9440351],[14.3555666,35.9441703],[14.3552785,35.9441974],[14.3549278,35.9441771],[14.3547441,35.9442176],[14.3546355,35.9443157],[14.3561928,35.9447855],[14.3584097,35.9453905],[14.358773,35.9453533],[14.3589191,35.9446976],[14.3589734,35.9445388],[14.3589734,35.9444543],[14.3597541,35.9446875],[14.3598501,35.9445354],[14.3649645,35.9459448],[14.3650773,35.9454514],[14.3654363,35.9455257],[14.3657494,35.9456305],[14.3661294,35.9457319],[14.3663172,35.9458671],[14.3663423,35.9460124],[14.3662296,35.9462524],[14.3667097,35.9464011],[14.3669101,35.9457015],[14.3669769,35.945546],[14.3678369,35.9457015],[14.3678035,35.9461544],[14.3678244,35.9463234],[14.3681668,35.9463369],[14.3688014,35.946124],[14.3691354,35.9460699],[14.3695237,35.9462152],[14.3696123,35.9462209],[14.3696867,35.9461534],[14.369654,35.9461003],[14.3695348,35.9460593],[14.3695704,35.9459603],[14.3697559,35.9459919],[14.369793,35.9458549],[14.3697378,35.9451518],[14.3697728,35.9450451],[14.3699865,35.9445887],[14.3703417,35.9445804],[14.370459,35.944407],[14.3706834,35.9445557],[14.3708329,35.9446093],[14.3711943,35.9445275],[14.3713148,35.9446222],[14.3715765,35.9444414],[14.3714136,35.9443052],[14.371657,35.9440583],[14.3717902,35.9438672],[14.3717245,35.9437833],[14.3711496,35.9435994],[14.3709121,35.9437165],[14.3704163,35.9437722],[14.3702339,35.9437053],[14.3703268,35.9431758],[14.3701168,35.9431005],[14.3700032,35.94295],[14.3697485,35.9428525],[14.3695729,35.9432371],[14.3692803,35.9430949],[14.3693157,35.9429528]]]}},{"type":"Feature","properties":{"osm_id":"way/1238059417","name":null,"species":null,"height":null,"source":"OpenStreetMap contributors","kind":"woodland"},"geometry":{"type":"Polygon","coordinates":[[[14.4254754,35.9016971],[14.4254653,35.9017085],[14.4256367,35.9017616],[14.4256716,35.9017427],[14.4261627,35.9016989],[14.4263464,35.9016803],[14.426558,35.9016188],[14.4266597,35.901567],[14.4264184,35.9013341],[14.4263366,35.9013973],[14.4261169,35.901173],[14.4260592,35.9011814],[14.4261801,35.9014407],[14.4260212,35.9014894],[14.4259101,35.9011943],[14.4258646,35.9012082],[14.425926,35.9013427],[14.4256232,35.9014325],[14.4255028,35.9014758],[14.4255086,35.9014974],[14.4254264,35.9015924],[14.4254525,35.9016463],[14.4255452,35.901627],[14.425529,35.9015676],[14.4263522,35.9014772],[14.4263547,35.9015534],[14.4263564,35.9016048],[14.4255644,35.901697],[14.4255828,35.901725],[14.4254754,35.9016971]]]}},{"type":"Feature","properties":{"osm_id":"way/1238078640","name":null,"species":null,"height":null,"source":"OpenStreetMap contributors","kind":"tree_row"},"geometry":{"type":"LineString","coordinates":[[14.4400955,35.8623994],[14.4408626,35.8627863]]}},{"type":"Feature","properties":{"osm_id":"way/1238078641","name":null,"species":null,"height":null,"source":"OpenStreetMap contributors","kind":"tree_row"},"geometry":{"type":"LineString","coordinates":[[14.4400606,35.862457],[14.4408277,35.8628439]]}},{"type":"Feature","properties":{"osm_id":"way/1238310160","name":null,"species":null,"height":null,"source":"OpenStreetMap contributors","kind":"woodland"},"geometry":{"type":"Polygon","coordinates":[[[14.5059272,35.8971847],[14.5061834,35.8963579],[14.5062638,35.8963971],[14.506325,35.8964059],[14.5064203,35.8963717],[14.5066286,35.897482],[14.5064758,35.8975017],[14.5064038,35.8975027],[14.5063809,35.8971876],[14.5060734,35.8971825],[14.5059272,35.8971847]]]}},{"type":"Feature","properties":{"osm_id":"way/1241141110","name":null,"species":null,"height":null,"source":"OpenStreetMap contributors","kind":"tree_row"},"geometry":{"type":"LineString","coordinates":[[14.5114981,35.8786844],[14.511677,35.878994]]}},{"type":"Feature","properties":{"osm_id":"way/1270836601","name":null,"species":null,"height":null,"source":"OpenStreetMap contributors","kind":"woodland"},"geometry":{"type":"Polygon","coordinates":[[[14.5256979,35.8859037],[14.52556,35.8851629],[14.5255953,35.885128],[14.5256757,35.885212],[14.5260638,35.8851672],[14.5262417,35.8849287],[14.5264592,35.884853],[14.5262579,35.8846076],[14.5254306,35.8844709],[14.5254082,35.8845829],[14.5254956,35.8846339],[14.5253879,35.8847624],[14.525039,35.8846786],[14.5250227,35.884717],[14.5252947,35.8848719],[14.5248564,35.8854645],[14.5245855,35.8854558],[14.5249436,35.8855968],[14.5251231,35.8853806],[14.5253086,35.8854656],[14.5250993,35.8857011],[14.5251033,35.8858766],[14.5254478,35.8859564],[14.5256979,35.8859037]]]}},{"type":"Feature","properties":{"osm_id":"way/1275952534","name":null,"species":null,"height":null,"source":"OpenStreetMap contributors","kind":"woodland"},"geometry":{"type":"Polygon","coordinates":[[[14.4057746,35.9368389],[14.4059938,35.9366792],[14.4059999,35.9365989],[14.4058275,35.9364561],[14.405743,35.936448],[14.405562,35.936468],[14.4054862,35.9365115],[14.4054849,35.9367053],[14.4057746,35.9368389]]]}},{"type":"Feature","properties":{"osm_id":"way/1278076228","name":null,"species":null,"height":null,"source":"OpenStreetMap contributors","kind":"tree_row"},"geometry":{"type":"LineString","coordinates":[[14.4381438,35.9133049],[14.4384871,35.9133287]]}},{"type":"Feature","properties":{"osm_id":"way/1315730708","name":null,"species":null,"height":null,"source":"OpenStreetMap contributors","kind":"tree_row"},"geometry":{"type":"LineString","coordinates":[[14.4881874,35.8729289],[14.488303,35.8729715],[14.4892802,35.8728986]]}},{"type":"Feature","properties":{"osm_id":"way/1320961768","name":null,"species":null,"height":null,"source":"OpenStreetMap contributors","kind":"tree_row"},"geometry":{"type":"LineString","coordinates":[[14.4815298,35.9284132],[14.4820837,35.9283143]]}},{"type":"Feature","properties":{"osm_id":"way/1331422591","name":null,"species":null,"height":null,"source":"OpenStreetMap contributors","kind":"woodland"},"geometry":{"type":"Polygon","coordinates":[[[14.4616912,35.9329931],[14.4617708,35.9327065],[14.4629387,35.9326506],[14.4629671,35.9327323],[14.4632661,35.9327309],[14.4636714,35.9325589],[14.4637758,35.9326721],[14.4636324,35.9328011],[14.4623318,35.9329544],[14.4616912,35.9329931]]]}},{"type":"Feature","properties":{"osm_id":"way/1339427932","name":null,"species":null,"height":null,"source":"OpenStreetMap contributors","kind":"woodland"},"geometry":{"type":"Polygon","coordinates":[[[14.4173217,35.947802],[14.4174992,35.9477701],[14.4175502,35.9476622],[14.417664,35.9476951],[14.4177656,35.9474367],[14.4177209,35.9474301],[14.4177353,35.9473892],[14.4177534,35.947338],[14.4176823,35.9473248],[14.4177233,35.9472075],[14.4176439,35.9471849],[14.4175847,35.9472376],[14.4174546,35.9472886],[14.4173144,35.9472936],[14.4171827,35.9472765],[14.4173217,35.947802]]]}},{"type":"Feature","properties":{"osm_id":"way/1340301688","name":null,"species":null,"height":null,"source":"OpenStreetMap contributors","kind":"tree_row"},"geometry":{"type":"LineString","coordinates":[[14.51097,35.8952071],[14.5104759,35.8952947]]}},{"type":"Feature","properties":{"osm_id":"way/1346340442","name":null,"species":null,"height":null,"source":"OpenStreetMap contributors","kind":"tree_row"},"geometry":{"type":"LineString","coordinates":[[14.3993323,35.8820464],[14.3998755,35.8821447],[14.399807,35.8823584],[14.3994022,35.882376]]}},{"type":"Feature","properties":{"osm_id":"way/1347955125","name":"Il-Masġar Minden","species":null,"height":null,"source":"OpenStreetMap contributors","kind":"woodland"},"geometry":{"type":"Polygon","coordinates":[[[14.4210817,35.8907777],[14.4215085,35.8908041],[14.4214699,35.8913047],[14.4214882,35.8913047],[14.4214811,35.8914068],[14.4219862,35.8913796],[14.4220879,35.8913426],[14.4221316,35.8912833],[14.4221275,35.8911441],[14.4221001,35.8909828],[14.4220553,35.8908741],[14.4219954,35.890781],[14.4219496,35.8907431],[14.4215319,35.8904838],[14.4209932,35.8901536],[14.4209465,35.8901659],[14.4209099,35.8902203],[14.4208469,35.8903594],[14.4208591,35.8904138],[14.4210817,35.8907777]]]}},{"type":"Feature","properties":{"osm_id":"way/1349614368","name":null,"species":null,"height":null,"source":"OpenStreetMap contributors","kind":"woodland"},"geometry":{"type":"Polygon","coordinates":[[[14.3614968,35.8684207],[14.361512,35.8684475],[14.3615408,35.8684383],[14.3615611,35.8684124],[14.3615816,35.8683881],[14.3616038,35.8683674],[14.3616175,35.8683542],[14.3616833,35.8683126],[14.3617158,35.868278],[14.3617628,35.8682517],[14.3617834,35.8682523],[14.3617962,35.868244],[14.3617928,35.8682309],[14.3618038,35.8682215],[14.3618183,35.8682215],[14.3618371,35.8681993],[14.3618534,35.8682229],[14.3618773,35.8682229],[14.3618918,35.8681301],[14.361979,35.8680725],[14.362008,35.8680669],[14.3620095,35.8680377],[14.3620072,35.8680157],[14.3619597,35.8680484],[14.3618096,35.8681772],[14.3617588,35.8682132],[14.3617396,35.8682214],[14.3617181,35.8682146],[14.3617028,35.8682277],[14.3616805,35.8682347],[14.3616838,35.8682472],[14.361683,35.8682606],[14.3616655,35.8682796],[14.3616076,35.8683191],[14.3615133,35.8683796],[14.361495,35.8684014],[14.3614968,35.8684207]]]}},{"type":"Feature","properties":{"osm_id":"way/1349614376","name":null,"species":null,"height":null,"source":"OpenStreetMap contributors","kind":"woodland"},"geometry":{"type":"Polygon","coordinates":[[[14.3621057,35.8682432],[14.362115,35.8682566],[14.3621304,35.8682566],[14.3621526,35.8682705],[14.3621933,35.8682331],[14.3621751,35.868225],[14.3621678,35.8682306],[14.3621469,35.8682129],[14.3621399,35.8682144],[14.3621399,35.8682266],[14.3621297,35.868237],[14.3621057,35.8682432]]]}},{"type":"Feature","properties":{"osm_id":"way/1349614378","name":null,"species":null,"height":null,"source":"OpenStreetMap contributors","kind":"woodland"},"geometry":{"type":"Polygon","coordinates":[[[14.3620972,35.8681143],[14.3621057,35.8681033],[14.3621485,35.8681364],[14.3621373,35.8681475],[14.3621695,35.8681775],[14.362157,35.8681914],[14.3621402,35.8681938],[14.36213,35.868187],[14.3621262,35.8681677],[14.3620972,35.8681143]]]}},{"type":"Feature","properties":{"osm_id":"way/1349614380","name":null,"species":null,"height":null,"source":"OpenStreetMap contributors","kind":"woodland"},"geometry":{"type":"Polygon","coordinates":[[[14.3621146,35.8679567],[14.3621364,35.8679584],[14.3621542,35.8679857],[14.3621933,35.8680329],[14.362216,35.8680375],[14.3622381,35.86803],[14.3622423,35.8680058],[14.3622366,35.867992],[14.3622395,35.8679782],[14.3622551,35.8679684],[14.3622693,35.8679684],[14.3622821,35.8679638],[14.3622821,35.8679506],[14.362243,35.8678993],[14.3622082,35.8678705],[14.3621933,35.8678417],[14.3621673,35.8678245],[14.3621342,35.867825],[14.3621395,35.8678379],[14.3621395,35.8678602],[14.3621276,35.8678771],[14.3621368,35.8678853],[14.3621351,35.8678943],[14.3621129,35.8679324],[14.3621146,35.8679567]]]}},{"type":"Feature","properties":{"osm_id":"way/1349614385","name":null,"species":null,"height":null,"source":"OpenStreetMap contributors","kind":"woodland"},"geometry":{"type":"Polygon","coordinates":[[[14.3622159,35.8683579],[14.3622632,35.8683087],[14.3622878,35.868312],[14.3622991,35.868332],[14.362294,35.8683545],[14.3622611,35.8683804],[14.3622333,35.8683804],[14.362222,35.8683712],[14.3622159,35.8683579]]]}},{"type":"Feature","properties":{"osm_id":"way/1349614389","name":null,"species":null,"height":null,"source":"OpenStreetMap contributors","kind":"woodland"},"geometry":{"type":"Polygon","coordinates":[[[14.3616314,35.868647],[14.3616546,35.8686346],[14.3616782,35.8686637],[14.3616905,35.8686572],[14.3617059,35.8687061],[14.3617542,35.8687903],[14.3617758,35.8688203],[14.3617974,35.8688303],[14.3618354,35.8688269],[14.3618765,35.8688171],[14.3618774,35.8688379],[14.3617779,35.8688585],[14.3617384,35.8688091],[14.3617176,35.8687947],[14.3617027,35.8687826],[14.3616462,35.8687151],[14.3616283,35.8686837],[14.3616314,35.868647]]]}},{"type":"Feature","properties":{"osm_id":"way/1350045561","name":null,"species":null,"height":null,"source":"OpenStreetMap contributors","kind":"woodland"},"geometry":{"type":"Polygon","coordinates":[[[14.3612066,35.8692132],[14.361209,35.8692409],[14.3613877,35.8694203],[14.361593,35.8694256],[14.3616496,35.8693968],[14.3617735,35.8693834],[14.361923,35.8693772],[14.3619815,35.8693992],[14.3620074,35.8694277],[14.3620797,35.8694502],[14.3621427,35.8694788],[14.3621668,35.8695178],[14.3621798,35.8695854],[14.3623421,35.869576],[14.36242,35.8695687],[14.3625593,35.8695252],[14.3627713,35.8694569],[14.3628454,35.8694383],[14.3628231,35.8694071],[14.3627941,35.869417],[14.3627649,35.8693608],[14.3628177,35.8693428],[14.3628799,35.8693368],[14.3628403,35.8692716],[14.3627956,35.8692302],[14.3627279,35.8692032],[14.3625682,35.8691494],[14.3624622,35.8690583],[14.3624259,35.8689994],[14.3617406,35.8691589],[14.3617508,35.8691921],[14.3618111,35.8691921],[14.3619241,35.8692479],[14.3619521,35.8692497],[14.362048,35.8692985],[14.3620232,35.8693596],[14.361992,35.86935],[14.3616951,35.8693613],[14.3615943,35.8693852],[14.3614043,35.8693934],[14.3612066,35.8692132]]]}},{"type":"Feature","properties":{"osm_id":"way/1353633786","name":null,"species":null,"height":null,"source":"OpenStreetMap contributors","kind":"woodland"},"geometry":{"type":"Polygon","coordinates":[[[14.3852945,35.9277135],[14.3853169,35.9276526],[14.3853781,35.9275793],[14.3854997,35.9274047],[14.3859533,35.9276399],[14.3861522,35.9276318],[14.3861851,35.9275472],[14.3863367,35.9275483],[14.3866057,35.9275715],[14.3867159,35.9274777],[14.3868361,35.9274406],[14.3868919,35.9274394],[14.3867674,35.9276387],[14.3866401,35.9276132],[14.3864355,35.9276445],[14.3863983,35.9277395],[14.3862423,35.9277001],[14.3861293,35.9277476],[14.3859433,35.927765],[14.3857978,35.9279499],[14.3852945,35.9277135]]]}},{"type":"Feature","properties":{"osm_id":"way/1356650393","name":null,"species":null,"height":null,"source":"OpenStreetMap contributors","kind":"woodland"},"geometry":{"type":"Polygon","coordinates":[[[14.4800082,35.8648587],[14.4800267,35.8648375],[14.4798973,35.8647694],[14.4796929,35.8646427],[14.479607,35.8647259],[14.4795499,35.8647888],[14.4796523,35.8647832],[14.4798002,35.8648113],[14.4800082,35.8648587]]]}},{"type":"Feature","properties":{"osm_id":"way/1367313242","name":null,"species":null,"height":null,"source":"OpenStreetMap contributors","kind":"tree_row"},"geometry":{"type":"LineString","coordinates":[[14.4271131,35.9138453],[14.4271259,35.9138524],[14.4271396,35.91386],[14.4271717,35.9138656],[14.4272107,35.9138679],[14.4272414,35.9138611],[14.4272763,35.9138419]]}},{"type":"Feature","properties":{"osm_id":"way/1367313243","name":null,"species":null,"height":null,"source":"OpenStreetMap contributors","kind":"woodland"},"geometry":{"type":"Polygon","coordinates":[[[14.4272438,35.9156416],[14.4274056,35.9162721],[14.4273815,35.9173794],[14.4272521,35.9175105],[14.4271266,35.9169952],[14.4272103,35.9161681],[14.4271961,35.9156779],[14.4272438,35.9156416]]]}},{"type":"Feature","properties":{"osm_id":"way/1370671898","name":null,"species":null,"height":null,"source":"OpenStreetMap contributors","kind":"tree_row"},"geometry":{"type":"LineString","coordinates":[[14.5302393,35.877847],[14.5305179,35.8781049]]}},{"type":"Feature","properties":{"osm_id":"way/1370671899","name":null,"species":null,"height":null,"source":"OpenStreetMap contributors","kind":"tree_row"},"geometry":{"type":"LineString","coordinates":[[14.5305732,35.8781593],[14.530769,35.8783514]]}},{"type":"Feature","properties":{"osm_id":"way/1382503788","name":"Ġnien it-Tabib Mario Tabone","species":null,"height":null,"source":"OpenStreetMap contributors","kind":"woodland"},"geometry":{"type":"Polygon","coordinates":[[[14.4752493,35.9213278],[14.4753972,35.9210284],[14.4751866,35.9209813],[14.4751707,35.9213204],[14.4752493,35.9213278]]]}},{"type":"Feature","properties":{"osm_id":"way/1388729824","name":null,"species":null,"height":null,"source":"OpenStreetMap contributors","kind":"woodland"},"geometry":{"type":"Polygon","coordinates":[[[14.3587094,35.9641055],[14.3589377,35.9641723],[14.3590226,35.9640312],[14.3597149,35.9640653],[14.3599516,35.9640073],[14.3607426,35.9639976],[14.360686,35.9641087],[14.3606038,35.9642446],[14.3607051,35.9642867],[14.36089,35.9640795],[14.3611652,35.9637711],[14.3615163,35.9633758],[14.3616975,35.9631122],[14.361995,35.9623918],[14.3621078,35.9621304],[14.3622351,35.9617811],[14.3621675,35.9615516],[14.3620217,35.9613957],[14.3619452,35.9614244],[14.3618674,35.9614324],[14.3617966,35.9614244],[14.3617555,35.961406],[14.3616536,35.9613533],[14.3616185,35.9612535],[14.3615892,35.9611245],[14.3615892,35.9610166],[14.3615334,35.9610202],[14.36146,35.9610078],[14.361342,35.9611429],[14.3611046,35.9612956],[14.3610297,35.9613779],[14.3610134,35.9614139],[14.3609014,35.9615965],[14.3607954,35.9617028],[14.3607489,35.9617334],[14.3606993,35.9617299],[14.3606676,35.9617421],[14.3600903,35.9617077],[14.3598047,35.9617738],[14.3596894,35.9618962],[14.3588406,35.961872],[14.3589125,35.9621424],[14.3594964,35.9620614],[14.3596499,35.9622721],[14.3599335,35.9624935],[14.3600069,35.9626151],[14.3603406,35.9626529],[14.3603706,35.9627987],[14.3602071,35.9628689],[14.3599469,35.9628851],[14.3598735,35.9628851],[14.3598234,35.9631525],[14.3597648,35.9632343],[14.3596154,35.9633149],[14.3594577,35.9633367],[14.3592418,35.9632729],[14.3590281,35.9631923],[14.3588185,35.9631116],[14.358694,35.9630126],[14.3586389,35.9630742],[14.3583343,35.9633885],[14.3587094,35.9641055]]]}},{"type":"Feature","properties":{"osm_id":"way/1388793011","name":null,"species":null,"height":null,"source":"OpenStreetMap contributors","kind":"woodland"},"geometry":{"type":"Polygon","coordinates":[[[14.3612139,35.9500387],[14.361252,35.951373],[14.3610362,35.9517042],[14.3606593,35.9517597],[14.3601748,35.9514427],[14.3603608,35.9511851],[14.3604471,35.9506411],[14.3607408,35.9509184],[14.3612139,35.9500387]]]}},{"type":"Feature","properties":{"osm_id":"way/1389996669","name":null,"species":null,"height":null,"source":"OpenStreetMap contributors","kind":"woodland"},"geometry":{"type":"Polygon","coordinates":[[[14.3463064,35.9010835],[14.3462913,35.901168],[14.3462505,35.9013002],[14.3461946,35.9013464],[14.3461302,35.901349],[14.346055,35.9013359],[14.3460399,35.9012733],[14.346012,35.9012097],[14.3460131,35.9011662],[14.346041,35.9011419],[14.3461001,35.9011445],[14.3461409,35.9011253],[14.3461968,35.9010618],[14.3463064,35.9010835]]]}},{"type":"Feature","properties":{"osm_id":"way/1389996670","name":null,"species":null,"height":null,"source":"OpenStreetMap contributors","kind":"woodland"},"geometry":{"type":"Polygon","coordinates":[[[14.3477825,35.9011201],[14.3477707,35.9011975],[14.3476622,35.9011862],[14.3475268,35.9011575],[14.3475397,35.9011184],[14.3474817,35.901107],[14.3474978,35.9010583],[14.3477825,35.9011201]]]}},{"type":"Feature","properties":{"osm_id":"way/1389996671","name":null,"species":null,"height":null,"source":"OpenStreetMap contributors","kind":"woodland"},"geometry":{"type":"Polygon","coordinates":[[[14.3475655,35.9009443],[14.34753,35.900906],[14.3474881,35.9008808],[14.3474656,35.9008294],[14.3474806,35.9008016],[14.3475386,35.9007859],[14.3475999,35.9007807],[14.3476418,35.900819],[14.3476643,35.9008599],[14.3476579,35.9009034],[14.3476213,35.9009313],[14.3475655,35.9009443]]]}},{"type":"Feature","properties":{"osm_id":"way/1389996673","name":null,"species":null,"height":null,"source":"OpenStreetMap contributors","kind":"woodland"},"geometry":{"type":"Polygon","coordinates":[[[14.3539898,35.9013914],[14.3541229,35.9014942],[14.3541106,35.9015661],[14.3540724,35.9016289],[14.3540058,35.9016759],[14.3539085,35.9016908],[14.3537951,35.9016908],[14.3537507,35.9016399],[14.3536916,35.901584],[14.3537852,35.9015142],[14.3538801,35.9014692],[14.3539898,35.9013914]]]}},{"type":"Feature","properties":{"osm_id":"way/1421990370","name":null,"species":null,"height":null,"source":"OpenStreetMap contributors","kind":"tree_row"},"geometry":{"type":"LineString","coordinates":[[14.433115,35.9294553],[14.4332124,35.9293685]]}},{"type":"Feature","properties":{"osm_id":"way/1421990396","name":null,"species":null,"height":null,"source":"OpenStreetMap contributors","kind":"tree_row"},"geometry":{"type":"LineString","coordinates":[[14.4342316,35.9289014],[14.4338539,35.9298745],[14.4333561,35.9297494]]}},{"type":"Feature","properties":{"osm_id":"way/1422119521","name":null,"species":null,"height":null,"source":"OpenStreetMap contributors","kind":"tree_row"},"geometry":{"type":"LineString","coordinates":[[14.3436465,35.8925114],[14.3435839,35.8925904]]}},{"type":"Feature","properties":{"osm_id":"way/1422119522","name":null,"species":null,"height":null,"source":"OpenStreetMap contributors","kind":"tree_row"},"geometry":{"type":"LineString","coordinates":[[14.3439278,35.8926227],[14.3438473,35.8926879]]}},{"type":"Feature","properties":{"osm_id":"way/1422132698","name":null,"species":null,"height":null,"source":"OpenStreetMap contributors","kind":"tree_row"},"geometry":{"type":"LineString","coordinates":[[14.3330117,35.9048995],[14.3331744,35.9048516],[14.3333888,35.9048795],[14.3335269,35.9048555],[14.3338103,35.9047517],[14.3339681,35.9047358],[14.3341307,35.9047637]]}},{"type":"Feature","properties":{"osm_id":"way/1422132699","name":null,"species":null,"height":null,"source":"OpenStreetMap contributors","kind":"tree_row"},"geometry":{"type":"LineString","coordinates":[[14.3330807,35.9050173],[14.3334406,35.9050352],[14.3336279,35.9050093],[14.3338177,35.9048915],[14.3341554,35.9049254],[14.3342466,35.9049015]]}},{"type":"Feature","properties":{"osm_id":"way/1422132700","name":null,"species":null,"height":null,"source":"OpenStreetMap contributors","kind":"tree_row"},"geometry":{"type":"LineString","coordinates":[[14.3331374,35.9052568],[14.3335071,35.905147],[14.3338917,35.9050831],[14.3340888,35.9050512],[14.3342318,35.9050911]]}},{"type":"Feature","properties":{"osm_id":"way/1422132701","name":null,"species":null,"height":null,"source":"OpenStreetMap contributors","kind":"tree_row"},"geometry":{"type":"LineString","coordinates":[[14.3321638,35.9054785],[14.3323363,35.9054725],[14.332504,35.9054026],[14.3327036,35.9054026],[14.3328564,35.9053407]]}},{"type":"Feature","properties":{"osm_id":"way/1422132702","name":null,"species":null,"height":null,"source":"OpenStreetMap contributors","kind":"tree_row"},"geometry":{"type":"LineString","coordinates":[[14.3322402,35.9052548],[14.3327036,35.9052928]]}},{"type":"Feature","properties":{"osm_id":"way/1422253374","name":null,"species":null,"height":null,"source":"OpenStreetMap contributors","kind":"tree_row"},"geometry":{"type":"LineString","coordinates":[[14.3454537,35.8941282],[14.3456239,35.8942476],[14.3456451,35.8943066]]}},{"type":"Feature","properties":{"osm_id":"way/1423052305","name":null,"species":null,"height":null,"source":"OpenStreetMap contributors","kind":"tree_row"},"geometry":{"type":"LineString","coordinates":[[14.3488239,35.8920078],[14.3489554,35.8920328],[14.3492315,35.8921064],[14.3495043,35.892117],[14.3495887,35.8920551]]}},{"type":"Feature","properties":{"osm_id":"way/1423052306","name":null,"species":null,"height":null,"source":"OpenStreetMap contributors","kind":"tree_row"},"geometry":{"type":"LineString","coordinates":[[14.3492315,35.8921064],[14.3491844,35.8922077],[14.3490577,35.8924538]]}},{"type":"Feature","properties":{"osm_id":"way/1423052307","name":null,"species":null,"height":null,"source":"OpenStreetMap contributors","kind":"tree_row"},"geometry":{"type":"LineString","coordinates":[[14.3491844,35.8922077],[14.3488645,35.8921433],[14.3488239,35.8920078]]}},{"type":"Feature","properties":{"osm_id":"way/1423547210","name":null,"species":null,"height":null,"source":"OpenStreetMap contributors","kind":"tree_row"},"geometry":{"type":"LineString","coordinates":[[14.4348719,35.9034766],[14.4345857,35.9029967]]}},{"type":"Feature","properties":{"osm_id":"way/1423547211","name":null,"species":null,"height":null,"source":"OpenStreetMap contributors","kind":"tree_row"},"geometry":{"type":"LineString","coordinates":[[14.4347336,35.9029759],[14.4349354,35.9029222]]}},{"type":"Feature","properties":{"osm_id":"way/1423547212","name":null,"species":null,"height":null,"source":"OpenStreetMap contributors","kind":"tree_row"},"geometry":{"type":"LineString","coordinates":[[14.4349811,35.9029124],[14.4351679,35.9028564]]}},{"type":"Feature","properties":{"osm_id":"way/1423547213","name":null,"species":null,"height":null,"source":"OpenStreetMap contributors","kind":"tree_row"},"geometry":{"type":"LineString","coordinates":[[14.4354528,35.9027921],[14.4355397,35.9027671],[14.4355565,35.9027353],[14.435507,35.9026211]]}},{"type":"Feature","properties":{"osm_id":"way/1423547314","name":null,"species":null,"height":null,"source":"OpenStreetMap contributors","kind":"tree_row"},"geometry":{"type":"LineString","coordinates":[[14.43592,35.9025674],[14.4363299,35.9026247],[14.4365616,35.9026569]]}},{"type":"Feature","properties":{"osm_id":"way/1423547335","name":null,"species":null,"height":null,"source":"OpenStreetMap contributors","kind":"tree_row"},"geometry":{"type":"LineString","coordinates":[[14.43726,35.9013676],[14.4373844,35.9014406],[14.4376719,35.901856]]}},{"type":"Feature","properties":{"osm_id":"way/1423547377","name":null,"species":null,"height":null,"source":"OpenStreetMap contributors","kind":"tree_row"},"geometry":{"type":"LineString","coordinates":[[14.4414028,35.9040168],[14.441271,35.9042683]]}},{"type":"Feature","properties":{"osm_id":"way/1423547378","name":null,"species":null,"height":null,"source":"OpenStreetMap contributors","kind":"tree_row"},"geometry":{"type":"LineString","coordinates":[[14.4401004,35.9042986],[14.4403096,35.9042925],[14.4406944,35.9042941],[14.4409578,35.9043016],[14.441271,35.9042683],[14.4414285,35.904288],[14.4415313,35.9043304],[14.4418059,35.9043652]]}},{"type":"Feature","properties":{"osm_id":"way/1423547379","name":null,"species":null,"height":null,"source":"OpenStreetMap contributors","kind":"tree_row"},"geometry":{"type":"LineString","coordinates":[[14.4415313,35.9043304],[14.4413501,35.9043531],[14.440261,35.9046012]]}},{"type":"Feature","properties":{"osm_id":"way/1423547380","name":null,"species":null,"height":null,"source":"OpenStreetMap contributors","kind":"tree_row"},"geometry":{"type":"LineString","coordinates":[[14.4409578,35.9043016],[14.4408756,35.9043622],[14.4402031,35.9044877]]}},{"type":"Feature","properties":{"osm_id":"way/1423547383","name":null,"species":null,"height":null,"source":"OpenStreetMap contributors","kind":"tree_row"},"geometry":{"type":"LineString","coordinates":[[14.441881,35.9039556],[14.442117,35.9039695]]}},{"type":"Feature","properties":{"osm_id":"way/1423547401","name":null,"species":null,"height":null,"source":"OpenStreetMap contributors","kind":"tree_row"},"geometry":{"type":"LineString","coordinates":[[14.4404945,35.9008181],[14.4407477,35.9009196],[14.4412492,35.901272]]}},{"type":"Feature","properties":{"osm_id":"way/1423547417","name":null,"species":null,"height":null,"source":"OpenStreetMap contributors","kind":"tree_row"},"geometry":{"type":"LineString","coordinates":[[14.4285315,35.9018804],[14.4270157,35.902126],[14.4266873,35.9021753],[14.4265006,35.9022101]]}},{"type":"Feature","properties":{"osm_id":"way/1423547418","name":null,"species":null,"height":null,"source":"OpenStreetMap contributors","kind":"tree_row"},"geometry":{"type":"LineString","coordinates":[[14.4265006,35.9022101],[14.4264276,35.9018555],[14.4264512,35.9017721],[14.4265499,35.9017617]]}},{"type":"Feature","properties":{"osm_id":"way/1423547419","name":null,"species":null,"height":null,"source":"OpenStreetMap contributors","kind":"tree_row"},"geometry":{"type":"LineString","coordinates":[[14.4266873,35.9021753],[14.426625,35.9019233]]}},{"type":"Feature","properties":{"osm_id":"way/1423547420","name":null,"species":null,"height":null,"source":"OpenStreetMap contributors","kind":"tree_row"},"geometry":{"type":"LineString","coordinates":[[14.4270157,35.902126],[14.4269512,35.9019407],[14.4269126,35.9017773],[14.4271314,35.9015948],[14.4272484,35.9015353]]}},{"type":"Feature","properties":{"osm_id":"way/1425022219","name":null,"species":null,"height":null,"source":"OpenStreetMap contributors","kind":"tree_row"},"geometry":{"type":"LineString","coordinates":[[14.4130534,35.9009688],[14.4131822,35.9008862],[14.4138405,35.9013461]]}},{"type":"Feature","properties":{"osm_id":"way/1425816516","name":null,"species":null,"height":null,"source":"OpenStreetMap contributors","kind":"tree_row"},"geometry":{"type":"LineString","coordinates":[[14.499974,35.8458115],[14.5000554,35.845804],[14.500353,35.8457724],[14.5004603,35.8457697],[14.5005156,35.845779]]}},{"type":"Feature","properties":{"osm_id":"way/1425816517","name":null,"species":null,"height":null,"source":"OpenStreetMap contributors","kind":"tree_row"},"geometry":{"type":"LineString","coordinates":[[14.500631,35.8457447],[14.5005579,35.8457091],[14.500444,35.8456761],[14.5003497,35.8456603],[14.5000749,35.8456959]]}},{"type":"Feature","properties":{"osm_id":"way/1425816529","name":null,"species":null,"height":null,"source":"OpenStreetMap contributors","kind":"tree_row"},"geometry":{"type":"LineString","coordinates":[[14.5001155,35.8459997],[14.4996016,35.8462264]]}},{"type":"Feature","properties":{"osm_id":"way/1425816531","name":null,"species":null,"height":null,"source":"OpenStreetMap contributors","kind":"tree_row"},"geometry":{"type":"LineString","coordinates":[[14.4972589,35.8460279],[14.4977277,35.846414],[14.4980185,35.8466262]]}},{"type":"Feature","properties":{"osm_id":"way/1425816532","name":null,"species":null,"height":null,"source":"OpenStreetMap contributors","kind":"tree_row"},"geometry":{"type":"LineString","coordinates":[[14.4980185,35.8466262],[14.4981483,35.8462253]]}},{"type":"Feature","properties":{"osm_id":"way/1425816533","name":null,"species":null,"height":null,"source":"OpenStreetMap contributors","kind":"tree_row"},"geometry":{"type":"LineString","coordinates":[[14.4977277,35.846414],[14.4980131,35.8461966]]}},{"type":"Feature","properties":{"osm_id":"way/1425816534","name":null,"species":null,"height":null,"source":"OpenStreetMap contributors","kind":"tree_row"},"geometry":{"type":"LineString","coordinates":[[14.4975411,35.846194],[14.4976902,35.846054]]}},{"type":"Feature","properties":{"osm_id":"way/1426606560","name":null,"species":null,"height":null,"source":"OpenStreetMap contributors","kind":"woodland"},"geometry":{"type":"Polygon","coordinates":[[[14.4165318,35.9249026],[14.416716,35.9249714],[14.4166074,35.9253232],[14.4166641,35.9259618],[14.416716,35.9267304],[14.4167635,35.9269002],[14.416839,35.9270238],[14.4170285,35.9272455],[14.4173182,35.9275875],[14.4175558,35.9278703],[14.4176722,35.9280306],[14.4175255,35.9280193],[14.4172647,35.9277025],[14.4169596,35.9273499],[14.4167501,35.927084],[14.4166523,35.926937],[14.4165987,35.9268031],[14.4165009,35.9266805],[14.4163938,35.9261054],[14.4163263,35.9256152],[14.4164241,35.9251852],[14.4165318,35.9249026]]]}},{"type":"Feature","properties":{"osm_id":"way/1426797858","name":null,"species":null,"height":null,"source":"OpenStreetMap contributors","kind":"tree_row"},"geometry":{"type":"LineString","coordinates":[[14.5180647,35.8627853],[14.5183644,35.862488]]}},{"type":"Feature","properties":{"osm_id":"way/1426797862","name":null,"species":null,"height":null,"source":"OpenStreetMap contributors","kind":"tree_row"},"geometry":{"type":"LineString","coordinates":[[14.5170714,35.8599862],[14.5164896,35.8607238]]}},{"type":"Feature","properties":{"osm_id":"way/1426797896","name":null,"species":null,"height":null,"source":"OpenStreetMap contributors","kind":"tree_row"},"geometry":{"type":"LineString","coordinates":[[14.5203836,35.8576848],[14.5212018,35.8577751]]}},{"type":"Feature","properties":{"osm_id":"way/1426797897","name":null,"species":null,"height":null,"source":"OpenStreetMap contributors","kind":"tree_row"},"geometry":{"type":"LineString","coordinates":[[14.5208112,35.8580615],[14.5215326,35.8578089],[14.522238,35.857562]]}},{"type":"Feature","properties":{"osm_id":"way/1426797898","name":null,"species":null,"height":null,"source":"OpenStreetMap contributors","kind":"tree_row"},"geometry":{"type":"LineString","coordinates":[[14.5213669,35.8571504],[14.5222036,35.8574746]]}},{"type":"Feature","properties":{"osm_id":"way/1426797917","name":null,"species":null,"height":null,"source":"OpenStreetMap contributors","kind":"tree_row"},"geometry":{"type":"LineString","coordinates":[[14.5192649,35.8588654],[14.5195717,35.8587957]]}},{"type":"Feature","properties":{"osm_id":"way/1426797918","name":null,"species":null,"height":null,"source":"OpenStreetMap contributors","kind":"tree_row"},"geometry":{"type":"LineString","coordinates":[[14.5196548,35.8585355],[14.5196075,35.8586575]]}},{"type":"Feature","properties":{"osm_id":"way/1426797919","name":null,"species":null,"height":null,"source":"OpenStreetMap contributors","kind":"tree_row"},"geometry":{"type":"LineString","coordinates":[[14.5189706,35.8574216],[14.5184701,35.8581047]]}},{"type":"Feature","properties":{"osm_id":"way/1426797920","name":null,"species":null,"height":null,"source":"OpenStreetMap contributors","kind":"tree_row"},"geometry":{"type":"LineString","coordinates":[[14.5183945,35.8582023],[14.5176532,35.8591973]]}},{"type":"Feature","properties":{"osm_id":"way/1426797922","name":null,"species":null,"height":null,"source":"OpenStreetMap contributors","kind":"tree_row"},"geometry":{"type":"LineString","coordinates":[[14.517083,35.857355],[14.517059,35.8570423]]}},{"type":"Feature","properties":{"osm_id":"way/1426797923","name":null,"species":null,"height":null,"source":"OpenStreetMap contributors","kind":"tree_row"},"geometry":{"type":"LineString","coordinates":[[14.5171136,35.8570003],[14.5179683,35.856935],[14.51807,35.8569428]]}},{"type":"Feature","properties":{"osm_id":"way/1426797930","name":null,"species":null,"height":null,"source":"OpenStreetMap contributors","kind":"tree_row"},"geometry":{"type":"LineString","coordinates":[[14.5185665,35.8575864],[14.5180095,35.8583153]]}},{"type":"Feature","properties":{"osm_id":"way/1426797931","name":null,"species":null,"height":null,"source":"OpenStreetMap contributors","kind":"tree_row"},"geometry":{"type":"LineString","coordinates":[[14.5179504,35.8583918],[14.5175632,35.8589104]]}},{"type":"Feature","properties":{"osm_id":"way/1426797933","name":null,"species":null,"height":null,"source":"OpenStreetMap contributors","kind":"tree_row"},"geometry":{"type":"LineString","coordinates":[[14.5167494,35.8599903],[14.5163815,35.8604893]]}},{"type":"Feature","properties":{"osm_id":"way/1426797934","name":null,"species":null,"height":null,"source":"OpenStreetMap contributors","kind":"tree_row"},"geometry":{"type":"LineString","coordinates":[[14.5174541,35.8590224],[14.517295,35.8592405]]}},{"type":"Feature","properties":{"osm_id":"way/1426797936","name":null,"species":null,"height":null,"source":"OpenStreetMap contributors","kind":"tree_row"},"geometry":{"type":"LineString","coordinates":[[14.5145915,35.8571397],[14.5150353,35.8571105],[14.5151173,35.8570619],[14.5150733,35.8568837]]}},{"type":"Feature","properties":{"osm_id":"way/1426797937","name":null,"species":null,"height":null,"source":"OpenStreetMap contributors","kind":"tree_row"},"geometry":{"type":"LineString","coordinates":[[14.5147934,35.8575707],[14.5152072,35.857514]]}},{"type":"Feature","properties":{"osm_id":"way/1426797938","name":null,"species":null,"height":null,"source":"OpenStreetMap contributors","kind":"tree_row"},"geometry":{"type":"LineString","coordinates":[[14.5147631,35.85774],[14.5149945,35.8582372],[14.51512,35.8585378],[14.5152454,35.8587389],[14.5154183,35.8589332],[14.5155159,35.8589603],[14.5158309,35.8589884]]}},{"type":"Feature","properties":{"osm_id":"way/1426797939","name":null,"species":null,"height":null,"source":"OpenStreetMap contributors","kind":"tree_row"},"geometry":{"type":"LineString","coordinates":[[14.5152454,35.8587389],[14.5149387,35.8587095],[14.5147742,35.8587411],[14.51425,35.8574417]]}},{"type":"Feature","properties":{"osm_id":"way/1426797940","name":null,"species":null,"height":null,"source":"OpenStreetMap contributors","kind":"tree_row"},"geometry":{"type":"LineString","coordinates":[[14.5148142,35.8578777],[14.5145218,35.8579462]]}},{"type":"Feature","properties":{"osm_id":"way/1426797950","name":null,"species":null,"height":null,"source":"OpenStreetMap contributors","kind":"tree_row"},"geometry":{"type":"LineString","coordinates":[[14.51679,35.85759],[14.517455,35.8576239]]}},{"type":"Feature","properties":{"osm_id":"way/1426797952","name":null,"species":null,"height":null,"source":"OpenStreetMap contributors","kind":"tree_row"},"geometry":{"type":"LineString","coordinates":[[14.5208698,35.8598276],[14.5211516,35.859729],[14.5213662,35.8596018]]}},{"type":"Feature","properties":{"osm_id":"way/1426797982","name":null,"species":null,"height":null,"source":"OpenStreetMap contributors","kind":"tree_row"},"geometry":{"type":"LineString","coordinates":[[14.5291754,35.8629402],[14.5291985,35.8630392],[14.5291876,35.8631228],[14.5291034,35.8632186]]}},{"type":"Feature","properties":{"osm_id":"way/1426831456","name":null,"species":null,"height":null,"source":"OpenStreetMap contributors","kind":"tree_row"},"geometry":{"type":"LineString","coordinates":[[14.5269635,35.8586461],[14.5259913,35.8593834],[14.5261687,35.8595698]]}},{"type":"Feature","properties":{"osm_id":"way/1426831463","name":null,"species":null,"height":null,"source":"OpenStreetMap contributors","kind":"tree_row"},"geometry":{"type":"LineString","coordinates":[[14.524436,35.8628423],[14.5245147,35.8630512],[14.5245203,35.8630877],[14.5245278,35.8631027],[14.5246673,35.8633811],[14.5247028,35.8634519],[14.5248458,35.8635003],[14.5249911,35.8634619],[14.5252099,35.8634411]]}},{"type":"Feature","properties":{"osm_id":"way/1426831464","name":null,"species":null,"height":null,"source":"OpenStreetMap contributors","kind":"tree_row"},"geometry":{"type":"LineString","coordinates":[[14.5249911,35.8634619],[14.5248582,35.8632803]]}},{"type":"Feature","properties":{"osm_id":"way/1426831465","name":null,"species":null,"height":null,"source":"OpenStreetMap contributors","kind":"tree_row"},"geometry":{"type":"LineString","coordinates":[[14.5246673,35.8633811],[14.5248582,35.8632803],[14.5253999,35.8630339]]}},{"type":"Feature","properties":{"osm_id":"way/1426831466","name":null,"species":null,"height":null,"source":"OpenStreetMap contributors","kind":"tree_row"},"geometry":{"type":"LineString","coordinates":[[14.5253999,35.8630339],[14.5252151,35.862788],[14.5250316,35.8625437]]}},{"type":"Feature","properties":{"osm_id":"way/1426831473","name":null,"species":null,"height":null,"source":"OpenStreetMap contributors","kind":"tree_row"},"geometry":{"type":"LineString","coordinates":[[14.5269566,35.8625209],[14.5271492,35.8624743],[14.5270749,35.862258]]}},{"type":"Feature","properties":{"osm_id":"way/1426831474","name":null,"species":null,"height":null,"source":"OpenStreetMap contributors","kind":"tree_row"},"geometry":{"type":"LineString","coordinates":[[14.5270366,35.8621987],[14.526791,35.8622553],[14.526871,35.8625391]]}},{"type":"Feature","properties":{"osm_id":"way/1426831475","name":null,"species":null,"height":null,"source":"OpenStreetMap contributors","kind":"tree_row"},"geometry":{"type":"LineString","coordinates":[[14.5268913,35.8621795],[14.526853,35.8620846],[14.5268102,35.8620691],[14.5267561,35.8620736],[14.5267145,35.8621001],[14.5266998,35.8622726]]}},{"type":"Feature","properties":{"osm_id":"way/1426831493","name":null,"species":null,"height":null,"source":"OpenStreetMap contributors","kind":"tree_row"},"geometry":{"type":"LineString","coordinates":[[14.5265125,35.863131],[14.5267906,35.8631146],[14.5269134,35.8630215],[14.5268942,35.8628572]]}},{"type":"Feature","properties":{"osm_id":"way/1426831494","name":null,"species":null,"height":null,"source":"OpenStreetMap contributors","kind":"tree_row"},"geometry":{"type":"LineString","coordinates":[[14.5264595,35.8628673],[14.5266071,35.8627596],[14.5268672,35.8627057]]}},{"type":"Feature","properties":{"osm_id":"way/1426831495","name":null,"species":null,"height":null,"source":"OpenStreetMap contributors","kind":"tree_row"},"geometry":{"type":"LineString","coordinates":[[14.5269566,35.8625209],[14.5270271,35.8626875],[14.5270812,35.8627367],[14.5271679,35.8629649]]}},{"type":"Feature","properties":{"osm_id":"way/1426831496","name":null,"species":null,"height":null,"source":"OpenStreetMap contributors","kind":"tree_row"},"geometry":{"type":"LineString","coordinates":[[14.5270519,35.8630142],[14.5271274,35.8629795]]}},{"type":"Feature","properties":{"osm_id":"way/1426831497","name":null,"species":null,"height":null,"source":"OpenStreetMap contributors","kind":"tree_row"},"geometry":{"type":"LineString","coordinates":[[14.5272715,35.8629385],[14.5273891,35.8628846]]}},{"type":"Feature","properties":{"osm_id":"way/1426831509","name":null,"species":null,"height":null,"source":"OpenStreetMap contributors","kind":"tree_row"},"geometry":{"type":"LineString","coordinates":[[14.5240822,35.8619813],[14.5242219,35.8623054]]}},{"type":"Feature","properties":{"osm_id":"way/1426831513","name":null,"species":null,"height":null,"source":"OpenStreetMap contributors","kind":"tree_row"},"geometry":{"type":"LineString","coordinates":[[14.5249702,35.8624029],[14.5249862,35.8624525],[14.5250487,35.8624762],[14.5251444,35.862459]]}},{"type":"Feature","properties":{"osm_id":"way/1426831515","name":null,"species":null,"height":null,"source":"OpenStreetMap contributors","kind":"tree_row"},"geometry":{"type":"LineString","coordinates":[[14.5250487,35.8624762],[14.5250316,35.8625437]]}},{"type":"Feature","properties":{"osm_id":"way/1426831519","name":null,"species":null,"height":null,"source":"OpenStreetMap contributors","kind":"tree_row"},"geometry":{"type":"LineString","coordinates":[[14.5245664,35.8616861],[14.5246818,35.8615691],[14.5248316,35.8614828]]}},{"type":"Feature","properties":{"osm_id":"way/1426831520","name":null,"species":null,"height":null,"source":"OpenStreetMap contributors","kind":"tree_row"},"geometry":{"type":"LineString","coordinates":[[14.5246854,35.86192],[14.5251167,35.8616671]]}},{"type":"Feature","properties":{"osm_id":"way/1426831539","name":null,"species":null,"height":null,"source":"OpenStreetMap contributors","kind":"tree_row"},"geometry":{"type":"LineString","coordinates":[[14.5252805,35.8600952],[14.5259734,35.8595305],[14.5259913,35.8593834]]}},{"type":"Feature","properties":{"osm_id":"way/1426831540","name":null,"species":null,"height":null,"source":"OpenStreetMap contributors","kind":"tree_row"},"geometry":{"type":"LineString","coordinates":[[14.5261837,35.8600012],[14.5262031,35.8599615],[14.526328,35.8599085],[14.5263502,35.8597905],[14.5261687,35.8595698]]}},{"type":"Feature","properties":{"osm_id":"way/1426831546","name":null,"species":null,"height":null,"source":"OpenStreetMap contributors","kind":"tree_row"},"geometry":{"type":"LineString","coordinates":[[14.5258799,35.8604129],[14.5261228,35.8603935],[14.5263329,35.860265]]}},{"type":"Feature","properties":{"osm_id":"way/1426831548","name":null,"species":null,"height":null,"source":"OpenStreetMap contributors","kind":"tree_row"},"geometry":{"type":"LineString","coordinates":[[14.5270106,35.860045],[14.5270778,35.8602354]]}},{"type":"Feature","properties":{"osm_id":"way/1426831565","name":null,"species":null,"height":null,"source":"OpenStreetMap contributors","kind":"tree_row"},"geometry":{"type":"LineString","coordinates":[[14.5279654,35.8608256],[14.5283202,35.8607417]]}},{"type":"Feature","properties":{"osm_id":"way/1426831566","name":null,"species":null,"height":null,"source":"OpenStreetMap contributors","kind":"tree_row"},"geometry":{"type":"LineString","coordinates":[[14.5279654,35.8608256],[14.5279351,35.8607506]]}},{"type":"Feature","properties":{"osm_id":"way/1426831567","name":null,"species":null,"height":null,"source":"OpenStreetMap contributors","kind":"tree_row"},"geometry":{"type":"LineString","coordinates":[[14.5278006,35.860767],[14.5279351,35.8607506],[14.5279875,35.8607403],[14.5283007,35.8606787]]}},{"type":"Feature","properties":{"osm_id":"way/1426831568","name":null,"species":null,"height":null,"source":"OpenStreetMap contributors","kind":"tree_row"},"geometry":{"type":"LineString","coordinates":[[14.5279875,35.8607403],[14.5279254,35.8604998]]}},{"type":"Feature","properties":{"osm_id":"way/1426831569","name":null,"species":null,"height":null,"source":"OpenStreetMap contributors","kind":"tree_row"},"geometry":{"type":"LineString","coordinates":[[14.527545,35.8608116],[14.5274246,35.8605668]]}},{"type":"Feature","properties":{"osm_id":"way/1426831570","name":null,"species":null,"height":null,"source":"OpenStreetMap contributors","kind":"tree_row"},"geometry":{"type":"LineString","coordinates":[[14.5277067,35.8605274],[14.5279254,35.8604998]]}},{"type":"Feature","properties":{"osm_id":"way/1426831573","name":null,"species":null,"height":null,"source":"OpenStreetMap contributors","kind":"tree_row"},"geometry":{"type":"LineString","coordinates":[[14.5276603,35.8605339],[14.5276971,35.8603455]]}},{"type":"Feature","properties":{"osm_id":"way/1426831574","name":null,"species":null,"height":null,"source":"OpenStreetMap contributors","kind":"tree_row"},"geometry":{"type":"LineString","coordinates":[[14.5279758,35.8604925],[14.5280002,35.860328]]}},{"type":"Feature","properties":{"osm_id":"way/1426831578","name":null,"species":null,"height":null,"source":"OpenStreetMap contributors","kind":"tree_row"},"geometry":{"type":"LineString","coordinates":[[14.5269499,35.8603603],[14.5272636,35.8602959]]}},{"type":"Feature","properties":{"osm_id":"way/1426831580","name":null,"species":null,"height":null,"source":"OpenStreetMap contributors","kind":"tree_row"},"geometry":{"type":"LineString","coordinates":[[14.527252,35.8593306],[14.5270236,35.8594173]]}},{"type":"Feature","properties":{"osm_id":"way/1426831589","name":null,"species":null,"height":null,"source":"OpenStreetMap contributors","kind":"tree_row"},"geometry":{"type":"LineString","coordinates":[[14.5277541,35.863379],[14.527798,35.8635212],[14.5278445,35.863603]]}},{"type":"Feature","properties":{"osm_id":"way/1426831590","name":null,"species":null,"height":null,"source":"OpenStreetMap contributors","kind":"tree_row"},"geometry":{"type":"LineString","coordinates":[[14.5279217,35.863453],[14.5279752,35.8634331]]}},{"type":"Feature","properties":{"osm_id":"way/1426831591","name":null,"species":null,"height":null,"source":"OpenStreetMap contributors","kind":"tree_row"},"geometry":{"type":"LineString","coordinates":[[14.5279629,35.8633442],[14.5279752,35.8634331],[14.52802,35.8636308]]}},{"type":"Feature","properties":{"osm_id":"way/1430250554","name":null,"species":null,"height":null,"source":"OpenStreetMap contributors","kind":"tree_row"},"geometry":{"type":"LineString","coordinates":[[14.4698035,35.9022544],[14.4697721,35.9023845],[14.4697482,35.9024633]]}},{"type":"Feature","properties":{"osm_id":"way/1430842991","name":null,"species":null,"height":null,"source":"OpenStreetMap contributors","kind":"woodland"},"geometry":{"type":"Polygon","coordinates":[[[14.4761363,35.8837824],[14.4761109,35.8835905],[14.4761241,35.8835074],[14.4759351,35.8834481],[14.475864,35.8835],[14.4756302,35.883444],[14.4754086,35.8834423],[14.4752562,35.8834662],[14.4746738,35.8837009],[14.4747277,35.8837116],[14.4749726,35.8836885],[14.4752714,35.8837009],[14.4761363,35.8837824]]]}},{"type":"Feature","properties":{"osm_id":"way/1434319322","name":null,"species":null,"height":null,"source":"OpenStreetMap contributors","kind":"tree_row"},"geometry":{"type":"LineString","coordinates":[[14.4015588,35.8717916],[14.4019279,35.871776],[14.4022525,35.8717698],[14.4023204,35.8717824]]}},{"type":"Feature","properties":{"osm_id":"way/1434319323","name":null,"species":null,"height":null,"source":"OpenStreetMap contributors","kind":"tree_row"},"geometry":{"type":"LineString","coordinates":[[14.4019707,35.8716264],[14.4020486,35.8716344],[14.4021817,35.8715943],[14.4024691,35.8715828]]}},{"type":"Feature","properties":{"osm_id":"way/1434319328","name":null,"species":null,"height":null,"source":"OpenStreetMap contributors","kind":"tree_row"},"geometry":{"type":"LineString","coordinates":[[14.4016464,35.8728986],[14.4016196,35.8728332],[14.4015263,35.8726063]]}},{"type":"Feature","properties":{"osm_id":"way/1434319329","name":null,"species":null,"height":null,"source":"OpenStreetMap contributors","kind":"tree_row"},"geometry":{"type":"LineString","coordinates":[[14.4012713,35.872974],[14.4016196,35.8728332],[14.4016745,35.8726988],[14.4023488,35.8725247]]}},{"type":"Feature","properties":{"osm_id":"way/1434319434","name":null,"species":null,"height":null,"source":"OpenStreetMap contributors","kind":"tree_row"},"geometry":{"type":"LineString","coordinates":[[14.4038452,35.8696743],[14.4043944,35.8697758]]}},{"type":"Feature","properties":{"osm_id":"way/1434319436","name":null,"species":null,"height":null,"source":"OpenStreetMap contributors","kind":"tree_row"},"geometry":{"type":"LineString","coordinates":[[14.4027705,35.8691769],[14.4022494,35.8701033],[14.4020999,35.8702683]]}},{"type":"Feature","properties":{"osm_id":"way/1434319437","name":null,"species":null,"height":null,"source":"OpenStreetMap contributors","kind":"tree_row"},"geometry":{"type":"LineString","coordinates":[[14.4020999,35.8702683],[14.4022662,35.8704817],[14.4022905,35.8705362]]}},{"type":"Feature","properties":{"osm_id":"way/1434319445","name":null,"species":null,"height":null,"source":"OpenStreetMap contributors","kind":"tree_row"},"geometry":{"type":"LineString","coordinates":[[14.4024801,35.8692916],[14.4025778,35.8692365],[14.4027705,35.8691769],[14.4030223,35.8691321]]}},{"type":"Feature","properties":{"osm_id":"way/1434319450","name":null,"species":null,"height":null,"source":"OpenStreetMap contributors","kind":"tree_row"},"geometry":{"type":"LineString","coordinates":[[14.4018511,35.8691644],[14.4014605,35.8692183],[14.4011237,35.8693139]]}},{"type":"Feature","properties":{"osm_id":"way/1434319451","name":null,"species":null,"height":null,"source":"OpenStreetMap contributors","kind":"tree_row"},"geometry":{"type":"LineString","coordinates":[[14.4010293,35.8693191],[14.4004381,35.8693722],[14.3998662,35.8693348]]}},{"type":"Feature","properties":{"osm_id":"way/1434319454","name":null,"species":null,"height":null,"source":"OpenStreetMap contributors","kind":"tree_row"},"geometry":{"type":"LineString","coordinates":[[14.3998596,35.8691987],[14.4002141,35.8691777],[14.4004467,35.8690775],[14.4005621,35.8689418],[14.4006125,35.8688429]]}},{"type":"Feature","properties":{"osm_id":"way/1434319455","name":null,"species":null,"height":null,"source":"OpenStreetMap contributors","kind":"tree_row"},"geometry":{"type":"LineString","coordinates":[[14.3998271,35.8690208],[14.4000645,35.8690024]]}},{"type":"Feature","properties":{"osm_id":"way/1434319457","name":null,"species":null,"height":null,"source":"OpenStreetMap contributors","kind":"tree_row"},"geometry":{"type":"LineString","coordinates":[[14.3997848,35.8687533],[14.399897,35.8687784],[14.4001735,35.8687309],[14.4003312,35.8686677]]}},{"type":"Feature","properties":{"osm_id":"way/1434319458","name":null,"species":null,"height":null,"source":"OpenStreetMap contributors","kind":"tree_row"},"geometry":{"type":"LineString","coordinates":[[14.4008402,35.8687151],[14.4008402,35.8688021],[14.4007296,35.8690432],[14.400728,35.8690683],[14.4007524,35.8690867],[14.4008223,35.8690828],[14.4012012,35.8689615]]}},{"type":"Feature","properties":{"osm_id":"way/1434319459","name":null,"species":null,"height":null,"source":"OpenStreetMap contributors","kind":"tree_row"},"geometry":{"type":"LineString","coordinates":[[14.4004381,35.8693722],[14.4006386,35.8694043],[14.4010386,35.8693595]]}},{"type":"Feature","properties":{"osm_id":"way/1434319510","name":null,"species":null,"height":null,"source":"OpenStreetMap contributors","kind":"tree_row"},"geometry":{"type":"LineString","coordinates":[[14.4065227,35.872199],[14.4065634,35.8721885],[14.4066983,35.872228],[14.4069732,35.8722649],[14.4073244,35.8723519]]}},{"type":"Feature","properties":{"osm_id":"way/1434319513","name":null,"species":null,"height":null,"source":"OpenStreetMap contributors","kind":"tree_row"},"geometry":{"type":"LineString","coordinates":[[14.3981395,35.8721597],[14.3982306,35.872264],[14.3983004,35.8723066],[14.3984055,35.8723057]]}},{"type":"Feature","properties":{"osm_id":"way/1434319533","name":null,"species":null,"height":null,"source":"OpenStreetMap contributors","kind":"tree_row"},"geometry":{"type":"LineString","coordinates":[[14.4004221,35.8724219],[14.4007332,35.8722627]]}},{"type":"Feature","properties":{"osm_id":"way/1434319552","name":null,"species":null,"height":null,"source":"OpenStreetMap contributors","kind":"tree_row"},"geometry":{"type":"LineString","coordinates":[[14.3976491,35.8705981],[14.3976946,35.8705751],[14.3978751,35.8705678]]}},{"type":"Feature","properties":{"osm_id":"way/1435890822","name":null,"species":null,"height":null,"source":"OpenStreetMap contributors","kind":"tree_row"},"geometry":{"type":"LineString","coordinates":[[14.4504108,35.8472414],[14.4507921,35.8479216]]}},{"type":"Feature","properties":{"osm_id":"way/1441637396","name":null,"species":null,"height":null,"source":"OpenStreetMap contributors","kind":"woodland"},"geometry":{"type":"Polygon","coordinates":[[[14.3383167,35.8965075],[14.3383448,35.8965452],[14.3383644,35.8966146],[14.3384329,35.896684],[14.338428,35.8967425],[14.3383938,35.8968178],[14.3383179,35.8968922],[14.3382604,35.8969477],[14.3382151,35.8970092],[14.3381576,35.897025],[14.3380144,35.8970359],[14.3380303,35.8969645],[14.3380719,35.8969199],[14.3381233,35.8968674],[14.3381502,35.896794],[14.3381869,35.8967048],[14.3382359,35.8966503],[14.3382677,35.8965838],[14.3383167,35.8965075]]]}},{"type":"Feature","properties":{"osm_id":"way/1442527634","name":null,"species":null,"height":null,"source":"OpenStreetMap contributors","kind":"tree_row"},"geometry":{"type":"LineString","coordinates":[[14.4741681,35.8848314],[14.4741261,35.8847519]]}},{"type":"Feature","properties":{"osm_id":"way/1443900434","name":null,"species":null,"height":null,"source":"OpenStreetMap contributors","kind":"tree_row"},"geometry":{"type":"LineString","coordinates":[[14.4716671,35.9006637],[14.471202,35.9008547]]}},{"type":"Feature","properties":{"osm_id":"way/1443900435","name":null,"species":null,"height":null,"source":"OpenStreetMap contributors","kind":"tree_row"},"geometry":{"type":"LineString","coordinates":[[14.4708621,35.9008086],[14.4710443,35.9007006]]}},{"type":"Feature","properties":{"osm_id":"way/1443900507","name":null,"species":null,"height":null,"source":"OpenStreetMap contributors","kind":"tree_row"},"geometry":{"type":"LineString","coordinates":[[14.4738448,35.8954857],[14.4770131,35.8944651]]}},{"type":"Feature","properties":{"osm_id":"way/1443969500","name":null,"species":null,"height":null,"source":"OpenStreetMap contributors","kind":"tree_row"},"geometry":{"type":"LineString","coordinates":[[14.465607,35.8979724],[14.4659611,35.8979602]]}},{"type":"Feature","properties":{"osm_id":"way/1443977826","name":null,"species":null,"height":null,"source":"OpenStreetMap contributors","kind":"tree_row"},"geometry":{"type":"LineString","coordinates":[[14.4819388,35.8925928],[14.4822548,35.8926178],[14.4826459,35.8927288]]}},{"type":"Feature","properties":{"osm_id":"way/1443986611","name":null,"species":null,"height":null,"source":"OpenStreetMap contributors","kind":"woodland"},"geometry":{"type":"Polygon","coordinates":[[[14.4489697,35.9120874],[14.4490337,35.9118808],[14.4490988,35.9118841],[14.4491587,35.9117392],[14.449363,35.9117894],[14.4491841,35.9121228],[14.4489697,35.9120874]]]}},{"type":"Feature","properties":{"osm_id":"way/1450303185","name":null,"species":null,"height":null,"source":"OpenStreetMap contributors","kind":"tree_row"},"geometry":{"type":"LineString","coordinates":[[14.5076017,35.8769377],[14.5076411,35.8765303]]}},{"type":"Feature","properties":{"osm_id":"way/1450303187","name":null,"species":null,"height":null,"source":"OpenStreetMap contributors","kind":"tree_row"},"geometry":{"type":"LineString","coordinates":[[14.5104889,35.8778213],[14.5107502,35.8779531],[14.51094,35.8781608],[14.5109252,35.8783086]]}},{"type":"Feature","properties":{"osm_id":"way/1450303193","name":null,"species":null,"height":null,"source":"OpenStreetMap contributors","kind":"tree_row"},"geometry":{"type":"LineString","coordinates":[[14.5045266,35.8764403],[14.5044194,35.8765711]]}},{"type":"Feature","properties":{"osm_id":"way/1450303194","name":null,"species":null,"height":null,"source":"OpenStreetMap contributors","kind":"tree_row"},"geometry":{"type":"LineString","coordinates":[[14.5043331,35.876695],[14.504237,35.8768418],[14.5043282,35.8769176]]}},{"type":"Feature","properties":{"osm_id":"way/1450303195","name":null,"species":null,"height":null,"source":"OpenStreetMap contributors","kind":"tree_row"},"geometry":{"type":"LineString","coordinates":[[14.5044022,35.8770445],[14.5046314,35.8770315]]}},{"type":"Feature","properties":{"osm_id":"way/1450303196","name":null,"species":null,"height":null,"source":"OpenStreetMap contributors","kind":"tree_row"},"geometry":{"type":"LineString","coordinates":[[14.5041914,35.8773201],[14.5039141,35.8774769]]}},{"type":"Feature","properties":{"osm_id":"way/1455468707","name":null,"species":null,"height":null,"source":"OpenStreetMap contributors","kind":"tree_row"},"geometry":{"type":"LineString","coordinates":[[14.4626873,35.8550896],[14.4632326,35.8542637]]}},{"type":"Feature","properties":{"osm_id":"way/1455468708","name":null,"species":null,"height":null,"source":"OpenStreetMap contributors","kind":"tree_row"},"geometry":{"type":"LineString","coordinates":[[14.4628355,35.8551584],[14.4633808,35.8543325]]}},{"type":"Feature","properties":{"osm_id":"way/1455468714","name":null,"species":null,"height":null,"source":"OpenStreetMap contributors","kind":"tree_row"},"geometry":{"type":"LineString","coordinates":[[14.4627641,35.8523757],[14.4610845,35.8535788]]}},{"type":"Feature","properties":{"osm_id":"way/1458236225","name":null,"species":null,"height":null,"source":"OpenStreetMap contributors","kind":"woodland"},"geometry":{"type":"Polygon","coordinates":[[[14.4323056,35.8377972],[14.4323324,35.8377917],[14.4329426,35.8373242],[14.4328429,35.8372316],[14.4322131,35.8376939],[14.4321916,35.8376917],[14.4321675,35.8377058],[14.4323056,35.8377972]]]}},{"type":"Feature","properties":{"osm_id":"way/1466683894","name":null,"species":null,"height":null,"source":"OpenStreetMap contributors","kind":"woodland"},"geometry":{"type":"Polygon","coordinates":[[[14.3505263,35.906163],[14.350456,35.9061129],[14.3507456,35.9059352],[14.3507259,35.9058965],[14.3505938,35.9059626],[14.3505403,35.9059671],[14.3505375,35.9059284],[14.350605,35.9058624],[14.3507371,35.9057713],[14.350889,35.9057029],[14.3510998,35.9056118],[14.3512498,35.9055851],[14.3512982,35.905566],[14.3513296,35.9055798],[14.3515833,35.9054823],[14.3517769,35.9054399],[14.3518214,35.9054484],[14.3521039,35.9053743],[14.3522073,35.9053202],[14.352325,35.9052906],[14.3529775,35.9052439],[14.3530389,35.9051963],[14.3532498,35.904983],[14.3532694,35.9049311],[14.3540539,35.9041128],[14.3541062,35.9041346],[14.3541695,35.90415],[14.3542075,35.9041141],[14.3542756,35.9041154],[14.3543105,35.9042039],[14.3542535,35.9042321],[14.3541663,35.9042706],[14.3540903,35.9043271],[14.3539161,35.9044836],[14.3537561,35.9046414],[14.3536405,35.904744],[14.3536326,35.9047905],[14.3530814,35.9053716],[14.3530113,35.9054017],[14.352257,35.9054517],[14.3520673,35.9055085],[14.3518324,35.9055285],[14.3517829,35.9055953],[14.3516263,35.9056387],[14.3514614,35.9057155],[14.3513954,35.9057289],[14.3513047,35.9057489],[14.3510698,35.9058124],[14.3508224,35.9059826],[14.3505263,35.906163]]]}},{"type":"Feature","properties":{"osm_id":"way/1482270651","name":null,"species":null,"height":null,"source":"OpenStreetMap contributors","kind":"tree_row"},"geometry":{"type":"LineString","coordinates":[[14.4659948,35.8890895],[14.466086,35.8888369]]}},{"type":"Feature","properties":{"osm_id":"way/1485310054","name":null,"species":null,"height":null,"source":"OpenStreetMap contributors","kind":"tree_row"},"geometry":{"type":"LineString","coordinates":[[14.4041973,35.8552434],[14.4040487,35.8554045],[14.4039329,35.8555852]]}},{"type":"Feature","properties":{"osm_id":"way/1487582930","name":null,"species":null,"height":null,"source":"OpenStreetMap contributors","kind":"woodland"},"geometry":{"type":"Polygon","coordinates":[[[14.4027149,35.8950474],[14.4027672,35.8951751],[14.4029321,35.8952887],[14.4035198,35.8952206],[14.4030823,35.8941437],[14.402933,35.8936975],[14.402943,35.8934026],[14.4030813,35.8930049],[14.4032656,35.892814],[14.4035093,35.8926053],[14.4037669,35.8924234],[14.4038072,35.8923544],[14.4037724,35.8922853],[14.4037316,35.8922322],[14.4031784,35.8923765],[14.4031713,35.8927177],[14.4025654,35.8928653],[14.4027998,35.8922663],[14.4026091,35.8922459],[14.4023266,35.8927277],[14.4023014,35.8937726],[14.4023183,35.8939846],[14.4024828,35.8940644],[14.402681,35.8943215],[14.4027354,35.8947601],[14.4027149,35.8950474]]]}},{"type":"Feature","properties":{"osm_id":"way/1489157700","name":null,"species":null,"height":null,"source":"OpenStreetMap contributors","kind":"woodland"},"geometry":{"type":"Polygon","coordinates":[[[14.4806838,35.8467909],[14.4795727,35.8456238],[14.4802632,35.8465692],[14.4806838,35.8467909]]]}},{"type":"Feature","properties":{"osm_id":"way/1498214121","name":null,"species":null,"height":null,"source":"OpenStreetMap contributors","kind":"tree_row"},"geometry":{"type":"LineString","coordinates":[[14.5023903,35.8907689],[14.5041257,35.8909471],[14.5042223,35.8910036],[14.5043322,35.8911057],[14.504351,35.8912111],[14.5039487,35.891461],[14.5035531,35.8916718],[14.5034417,35.8918021],[14.5033358,35.8919901],[14.503313,35.8921129],[14.5033666,35.8921922]]}},{"type":"Feature","properties":{"osm_id":"way/1499918528","name":null,"species":null,"height":null,"source":"OpenStreetMap contributors","kind":"tree_row"},"geometry":{"type":"LineString","coordinates":[[14.4806202,35.8653337],[14.4806424,35.8651426],[14.4802676,35.8649694]]}},{"type":"Feature","properties":{"osm_id":"way/1499918529","name":null,"species":null,"height":null,"source":"OpenStreetMap contributors","kind":"tree_row"},"geometry":{"type":"LineString","coordinates":[[14.4806424,35.8651426],[14.4806984,35.8650281]]}},{"type":"Feature","properties":{"osm_id":"way/1501532477","name":null,"species":null,"height":null,"source":"OpenStreetMap contributors","kind":"tree_row"},"geometry":{"type":"LineString","coordinates":[[14.4787731,35.8633657],[14.4787444,35.8634707]]}},{"type":"Feature","properties":{"osm_id":"way/1501532574","name":null,"species":null,"height":null,"source":"OpenStreetMap contributors","kind":"tree_row"},"geometry":{"type":"LineString","coordinates":[[14.4814252,35.8640123],[14.481338,35.8640402]]}},{"type":"Feature","properties":{"osm_id":"way/1501532575","name":null,"species":null,"height":null,"source":"OpenStreetMap contributors","kind":"tree_row"},"geometry":{"type":"LineString","coordinates":[[14.4816857,35.8642731],[14.4816849,35.8643756],[14.4814847,35.8643322],[14.4814411,35.8642269],[14.4814771,35.8641583],[14.4815793,35.864083],[14.4817268,35.8639798],[14.4816941,35.864157]]}},{"type":"Feature","properties":{"osm_id":"way/1501532576","name":null,"species":null,"height":null,"source":"OpenStreetMap contributors","kind":"tree_row"},"geometry":{"type":"LineString","coordinates":[[14.4817917,35.8639149],[14.4819522,35.8636726],[14.4819726,35.8636217],[14.4819405,35.8635319]]}},{"type":"Feature","properties":{"osm_id":"way/1501532577","name":null,"species":null,"height":null,"source":"OpenStreetMap contributors","kind":"tree_row"},"geometry":{"type":"LineString","coordinates":[[14.4817713,35.8638239],[14.4818632,35.8635721]]}},{"type":"Feature","properties":{"osm_id":"way/1501532639","name":null,"species":null,"height":null,"source":"OpenStreetMap contributors","kind":"tree_row"},"geometry":{"type":"LineString","coordinates":[[14.4802306,35.8623202],[14.4803242,35.8621345],[14.4808764,35.8620596]]}},{"type":"Feature","properties":{"osm_id":"way/1501532640","name":null,"species":null,"height":null,"source":"OpenStreetMap contributors","kind":"tree_row"},"geometry":{"type":"LineString","coordinates":[[14.4809294,35.8617669],[14.4808764,35.8620596],[14.4809096,35.8621864],[14.4810489,35.8623492],[14.4817414,35.8624054],[14.4819597,35.8624231]]}},{"type":"Feature","properties":{"osm_id":"way/1501532641","name":null,"species":null,"height":null,"source":"OpenStreetMap contributors","kind":"tree_row"},"geometry":{"type":"LineString","coordinates":[[14.4817414,35.8624054],[14.4815296,35.8629934]]}},{"type":"Feature","properties":{"osm_id":"way/1501532642","name":null,"species":null,"height":null,"source":"OpenStreetMap contributors","kind":"tree_row"},"geometry":{"type":"LineString","coordinates":[[14.4813188,35.8629395],[14.4815296,35.8629934],[14.4816824,35.8630304],[14.4816208,35.863306]]}},{"type":"Feature","properties":{"osm_id":"way/1501532643","name":null,"species":null,"height":null,"source":"OpenStreetMap contributors","kind":"tree_row"},"geometry":{"type":"LineString","coordinates":[[14.4819091,35.8633949],[14.4821199,35.863347]]}},{"type":"Feature","properties":{"osm_id":"way/1502942894","name":null,"species":null,"height":null,"source":"OpenStreetMap contributors","kind":"tree_row"},"geometry":{"type":"LineString","coordinates":[[14.4791596,35.8624903],[14.4799591,35.8625055],[14.4801272,35.8624162]]}},{"type":"Feature","properties":{"osm_id":"way/1503298079","name":null,"species":null,"height":null,"source":"OpenStreetMap contributors","kind":"tree_row"},"geometry":{"type":"LineString","coordinates":[[14.5525051,35.8511711],[14.5526396,35.8510045],[14.5530449,35.8512831]]}},{"type":"Feature","properties":{"osm_id":"way/1503298080","name":null,"species":null,"height":null,"source":"OpenStreetMap contributors","kind":"tree_row"},"geometry":{"type":"LineString","coordinates":[[14.5529105,35.8514028],[14.5532467,35.8514633],[14.5534266,35.8513181]]}},{"type":"Feature","properties":{"osm_id":"way/1503298081","name":null,"species":null,"height":null,"source":"OpenStreetMap contributors","kind":"tree_row"},"geometry":{"type":"LineString","coordinates":[[14.5532467,35.8514633],[14.5529497,35.8515708]]}},{"type":"Feature","properties":{"osm_id":"way/1503298082","name":null,"species":null,"height":null,"source":"OpenStreetMap contributors","kind":"tree_row"},"geometry":{"type":"LineString","coordinates":[[14.5535194,35.8513392],[14.5538557,35.8514542],[14.5541639,35.8515284]]}},{"type":"Feature","properties":{"osm_id":"way/1503298083","name":null,"species":null,"height":null,"source":"OpenStreetMap contributors","kind":"tree_row"},"geometry":{"type":"LineString","coordinates":[[14.5543208,35.8517858],[14.5547672,35.8518948]]}},{"type":"Feature","properties":{"osm_id":"way/1530008190","name":"Kenn iż-Żerniq","species":null,"height":null,"source":"OpenStreetMap contributors","kind":"woodland"},"geometry":{"type":"Polygon","coordinates":[[[14.4011037,35.8935958],[14.4012256,35.8936212],[14.4015622,35.8936793],[14.401647,35.8933566],[14.4016939,35.8933447],[14.4019678,35.8923658],[14.4021277,35.8918114],[14.4024094,35.8919518],[14.4024835,35.8920482],[14.4025961,35.8921438],[14.4025961,35.8922003],[14.4026091,35.8922459],[14.4023266,35.8927277],[14.4023014,35.8937726],[14.4022231,35.8938175],[14.4010637,35.8937089],[14.4011037,35.8935958]]]}},{"type":"Feature","properties":{"osm_id":"way/1531986046","name":null,"species":null,"height":null,"source":"OpenStreetMap contributors","kind":"tree_row"},"geometry":{"type":"LineString","coordinates":[[14.4413299,35.9070008],[14.4416981,35.9070532]]}},{"type":"Feature","properties":{"osm_id":"way/1531986049","name":null,"species":null,"height":null,"source":"OpenStreetMap contributors","kind":"tree_row"},"geometry":{"type":"LineString","coordinates":[[14.441142,35.9072004],[14.4408493,35.9071905],[14.4405334,35.9072429]]}}]}