{"type":"FeatureCollection","features":[{"type":"Feature","id":"b15684588","properties":{"key":"b15684588","name":"Dar il-Mediterran g\u0127all-Konferenzi","kind":"building","height":6.6},"geometry":{"type":"Polygon","coordinates":[[[14.5177309,35.8999243],[14.5183777,35.8997976],[14.5178958,35.8982792],[14.5177353,35.8984539],[14.5178668,35.8987387],[14.5179208,35.8987355],[14.5179448,35.898823],[14.5180185,35.8991144],[14.5180375,35.8991896],[14.5176488,35.8992905],[14.5177528,35.8997104],[14.5177838,35.8997837],[14.5176953,35.8998186],[14.5177309,35.8999243]]]}},{"type":"Feature","id":"b23352829","properties":{"key":"b23352829","name":"Kon-Katidral ta' San \u0120wann","kind":"building","height":16.5},"geometry":{"type":"Polygon","coordinates":[[[14.5125213,35.897377],[14.5124681,35.8974315],[14.5123948,35.8975064],[14.5122785,35.8975969],[14.5121861,35.8976687],[14.5123272,35.8977408],[14.5123956,35.8977758],[14.5124418,35.8978055],[14.5127721,35.8980174],[14.5130602,35.8977229],[14.5126934,35.8974875],[14.5125914,35.897422],[14.5125213,35.897377]]]}},{"type":"Feature","id":"b24054688","properties":{"key":"b24054688","name":"The Phoenicia","kind":"building","height":19.799999999999997},"geometry":{"type":"Polygon","coordinates":[[[14.5070063,35.8955993],[14.5074119,35.8954577],[14.5071891,35.8953106],[14.5072399,35.8952638],[14.5071493,35.8952024],[14.5070827,35.8952511],[14.506849,35.8951043],[14.5067083,35.8955918],[14.5069844,35.895774],[14.5070063,35.8955993]]]}},{"type":"Feature","id":"b27577949","properties":{"key":"b27577949","name":"Cathedral Museum","kind":"building","height":13.2},"geometry":{"type":"Polygon","coordinates":[[[14.5126934,35.8974875],[14.5128533,35.8973213],[14.5129994,35.8974124],[14.5130355,35.8973744],[14.5128732,35.8972732],[14.5127105,35.897172],[14.5125213,35.897377],[14.5125914,35.897422],[14.5126934,35.8974875]]]}},{"type":"Feature","id":"b30382084","properties":{"key":"b30382084","name":"Saint James Cavalier","kind":"building","height":13.2},"geometry":{"type":"Polygon","coordinates":[[[14.5101068,35.8961325],[14.5107066,35.8958374],[14.5106204,35.895668],[14.5105204,35.8955134],[14.5100879,35.8954848],[14.5098904,35.8957908],[14.5101068,35.8961325]]]}},{"type":"Feature","id":"b30596392","properties":{"key":"b30596392","name":"Saint John's Cavalier","kind":"building","height":13.2},"geometry":{"type":"Polygon","coordinates":[[[14.5089316,35.8976588],[14.5084822,35.8974871],[14.5084629,35.8971371],[14.5087538,35.8969592],[14.5091923,35.8971318],[14.5089316,35.8976588]]]}},{"type":"Feature","id":"b31232775","properties":{"key":"b31232775","name":"Is-Suq tal-Belt","kind":"building","height":13.2},"geometry":{"type":"Polygon","coordinates":[[[14.5142217,35.8978734],[14.5145023,35.8975793],[14.5148463,35.8977798],[14.5145602,35.8980867],[14.5142217,35.8978734]]]}},{"type":"Feature","id":"b31233115","properties":{"key":"b31233115","name":"National Museum of Archaeology","kind":"building","height":13.2},"geometry":{"type":"Polygon","coordinates":[[[14.5109081,35.897425],[14.5109352,35.8973947],[14.5109872,35.8973367],[14.5112031,35.8974742],[14.5114058,35.8976015],[14.5113257,35.8976898],[14.5109607,35.8974584],[14.5109081,35.897425]]]}},{"type":"Feature","id":"b31233248","properties":{"key":"b31233248","name":"Il-Katidral Anglikan ta' San Pawl","kind":"building","height":13.2},"geometry":{"type":"Polygon","coordinates":[[[14.5116916,35.9006753],[14.5119016,35.9004516],[14.5123333,35.9007083],[14.5121197,35.9009405],[14.5118105,35.9007404],[14.5116916,35.9006753]]]}},{"type":"Feature","id":"b33458937","properties":{"key":"b33458937","name":"Teatru Manoel","kind":"building","height":13.2},"geometry":{"type":"Polygon","coordinates":[[[14.5126025,35.899558],[14.5128153,35.8996916],[14.5125465,35.8999727],[14.5123336,35.8998391],[14.5126025,35.899558]]]}},{"type":"Feature","id":"b33459935","properties":{"key":"b33459935","name":"Il-Knisja ta' San Pawl Nawfra\u0121ju","kind":"building","height":13.2},"geometry":{"type":"Polygon","coordinates":[[[14.5139157,35.897207],[14.5138408,35.8972877],[14.5137629,35.8972402],[14.5137056,35.8973019],[14.5136184,35.8972488],[14.5135917,35.8972776],[14.5136903,35.8973376],[14.5136105,35.8974236],[14.5138799,35.8975876],[14.5141184,35.8973304],[14.5139157,35.897207]]]}},{"type":"Feature","id":"b33504671","properties":{"key":"b33504671","name":"Gebaeude 33504671","kind":"building","height":9.899999999999999},"geometry":{"type":"Polygon","coordinates":[[[14.5122005,35.8979801],[14.5122192,35.8979646],[14.5123956,35.8977758],[14.5123272,35.8977408],[14.5121861,35.8976687],[14.5120651,35.8978141],[14.5120192,35.8978638],[14.5122005,35.8979801]]]}},{"type":"Feature","id":"b33504672","properties":{"key":"b33504672","name":"Gebaeude 33504672","kind":"building","height":13.2},"geometry":{"type":"Polygon","coordinates":[[[14.5130602,35.8977229],[14.5132708,35.8975164],[14.5131803,35.8974591],[14.5130277,35.8976172],[14.5127424,35.8974366],[14.5126934,35.8974875],[14.5130602,35.8977229]]]}},{"type":"Feature","id":"b33504690","properties":{"key":"b33504690","name":"Knisja tal-Vittorja","kind":"building","height":13.2},"geometry":{"type":"Polygon","coordinates":[[[14.5107967,35.8960219],[14.5106909,35.8960952],[14.5105413,35.8959824],[14.5106561,35.8959181],[14.5107967,35.8960219]]]}},{"type":"Feature","id":"b33506205","properties":{"key":"b33506205","name":"Il-Knisja ta' Santa Katerina ta' Lixandra","kind":"building","height":13.2},"geometry":{"type":"Polygon","coordinates":[[[14.5108801,35.8962362],[14.5109988,35.8961099],[14.5111995,35.8962406],[14.5111545,35.8962804],[14.5110716,35.8963638],[14.5108801,35.8962362]]]}},{"type":"Feature","id":"b33506206","properties":{"key":"b33506206","name":"Auberge d'Italie","kind":"building","height":13.2},"geometry":{"type":"Polygon","coordinates":[[[14.5111995,35.8962406],[14.5114199,35.8963788],[14.5116322,35.896512],[14.5114515,35.8967226],[14.5113514,35.8966594],[14.5114586,35.8965481],[14.5115038,35.8965012],[14.5112643,35.8963517],[14.5111545,35.8962804],[14.5111995,35.8962406]]]}},{"type":"Feature","id":"b33506481","properties":{"key":"b33506481","name":"Il-Ber\u0121a ta' Bavjera","kind":"building","height":6.6},"geometry":{"type":"Polygon","coordinates":[[[14.5140378,35.901726],[14.5144416,35.9014408],[14.5143278,35.9013539],[14.5143027,35.9013365],[14.5139174,35.9016388],[14.5140378,35.901726]]]}},{"type":"Feature","id":"b33506558","properties":{"key":"b33506558","name":"Casa Rocca Piccola","kind":"building","height":13.2},"geometry":{"type":"Polygon","coordinates":[[[14.5151217,35.8997949],[14.5153658,35.8999513],[14.5155307,35.8997817],[14.515465,35.8997407],[14.5153918,35.8998168],[14.5152124,35.8997035],[14.5151217,35.8997949]]]}},{"type":"Feature","id":"b33576604","properties":{"key":"b33576604","name":"Gebaeude 33576604","kind":"building","height":13.2},"geometry":{"type":"Polygon","coordinates":[[[14.509326,35.8979227],[14.5094228,35.8979823],[14.5093968,35.8980101],[14.5093745,35.8980338],[14.5094785,35.8980979],[14.5094334,35.898146],[14.5094004,35.8981812],[14.5091995,35.8980574],[14.509326,35.8979227]]]}},{"type":"Feature","id":"b33808113","properties":{"key":"b33808113","name":"Santwarju Bazilika tal-Madonna tal-Karmnu","kind":"building","height":13.2},"geometry":{"type":"Polygon","coordinates":[[[14.512177,35.8999913],[14.512588,35.9002395],[14.5124296,35.9004116],[14.5120186,35.9001634],[14.512177,35.8999913]]]}},{"type":"Feature","id":"b33808114","properties":{"key":"b33808114","name":"Il-Knisja ta' Santu Wistin","kind":"building","height":13.2},"geometry":{"type":"Polygon","coordinates":[[[14.51108,35.8986264],[14.5108512,35.8984866],[14.5105815,35.8987761],[14.5108103,35.8989159],[14.51108,35.8986264]]]}},{"type":"Feature","id":"b33808115","properties":{"key":"b33808115","name":"Il-Knisja ta' San Fran\u0121isk t'Assisi","kind":"building","height":13.2},"geometry":{"type":"Polygon","coordinates":[[[14.5109034,35.8972792],[14.5106277,35.8975681],[14.5105451,35.8975074],[14.5108154,35.8972239],[14.5109034,35.8972792]]]}},{"type":"Feature","id":"w33808118-0","properties":{"key":"w33808118-0","name":"Bastion / Stadtmauer 33808118","kind":"wall","height":22},"geometry":{"type":"Polygon","coordinates":[[[14.510902341591192,35.89479954577115],[14.510335441591192,35.89472324577115],[14.510326358408808,35.89476755422885],[14.510893258408808,35.89484385422885],[14.510902341591192,35.89479954577115]]]}},{"type":"Feature","id":"w33808118-1","properties":{"key":"w33808118-1","name":"Bastion / Stadtmauer 33808118","kind":"wall","height":22},"geometry":{"type":"Polygon","coordinates":[[[14.510335068386617,35.89472319765701],[14.510277468386617,35.89471609765701],[14.510269131613382,35.89476050234299],[14.510326731613382,35.89476760234299],[14.510335068386617,35.89472319765701]]]}},{"type":"Feature","id":"w33808118-2","properties":{"key":"w33808118-2","name":"Bastion / Stadtmauer 33808118","kind":"wall","height":22},"geometry":{"type":"Polygon","coordinates":[[[14.510277620573069,35.89471611676677],[14.50967312057307,35.89463881676677],[14.509664479426931,35.89468318323323],[14.51026897942693,35.89476048323323],[14.510277620573069,35.89471611676677]]]}},{"type":"Feature","id":"w33808118-3","properties":{"key":"w33808118-3","name":"Bastion / Stadtmauer 33808118","kind":"wall","height":22},"geometry":{"type":"Polygon","coordinates":[[[14.509674026338821,35.894638945102834],[14.509589826338821,35.89462584510284],[14.509579373661179,35.89466995489717],[14.509663573661179,35.894683054897165],[14.509674026338821,35.894638945102834]]]}},{"type":"Feature","id":"w33808118-4","properties":{"key":"w33808118-4","name":"Bastion / Stadtmauer 33808118","kind":"wall","height":22},"geometry":{"type":"Polygon","coordinates":[[[14.509589801097263,35.894625841185544],[14.509445101097263,35.89460344118554],[14.509434698902737,35.894647558814455],[14.509579398902737,35.89466995881446],[14.509589801097263,35.894625841185544]]]}},{"type":"Feature","id":"w33808118-5","properties":{"key":"w33808118-5","name":"Bastion / Stadtmauer 33808118","kind":"wall","height":22},"geometry":{"type":"Polygon","coordinates":[[[14.509413899579474,35.8946177211281],[14.509319799579474,35.894824221128104],[14.509371800420526,35.8948397788719],[14.509465900420526,35.89463327887189],[14.509413899579474,35.8946177211281]]]}},{"type":"Feature","id":"w33808118-6","properties":{"key":"w33808118-6","name":"Bastion / Stadtmauer 33808118","kind":"wall","height":22},"geometry":{"type":"Polygon","coordinates":[[[14.509319800605017,35.89482421887794],[14.509098900605016,35.89530881887794],[14.509150899394983,35.89532438112206],[14.509371799394984,35.89483978112206],[14.509319800605017,35.89482421887794]]]}},{"type":"Feature","id":"w33808118-7","properties":{"key":"w33808118-7","name":"Bastion / Stadtmauer 33808118","kind":"wall","height":22},"geometry":{"type":"Polygon","coordinates":[[[14.509099211933853,35.89530816727195],[14.508927811933853,35.89565096727195],[14.508979188066148,35.89566783272805],[14.509150588066147,35.89532503272805],[14.509099211933853,35.89530816727195]]]}},{"type":"Feature","id":"w33808118-8","properties":{"key":"w33808118-8","name":"Bastion / Stadtmauer 33808118","kind":"wall","height":22},"geometry":{"type":"Polygon","coordinates":[[[14.508927488911947,35.89565164457786],[14.508798288911947,35.89593614457786],[14.508850311088054,35.89595165542214],[14.508979511088054,35.89566715542214],[14.508927488911947,35.89565164457786]]]}},{"type":"Feature","id":"w33808118-9","properties":{"key":"w33808118-9","name":"Bastion / Stadtmauer 33808118","kind":"wall","height":22},"geometry":{"type":"Polygon","coordinates":[[[14.508798283158216,35.89593615725942],[14.508785183158215,35.895965057259424],[14.508837216841785,35.89598054274058],[14.508850316841785,35.89595164274058],[14.508798283158216,35.89593615725942]]]}},{"type":"Feature","id":"w33808124-0","properties":{"key":"w33808124-0","name":"Bastion / Stadtmauer 33808124","kind":"wall","height":22},"geometry":{"type":"Polygon","coordinates":[[[14.507510759227154,35.89737911260154],[14.507350759227155,35.89733971260154],[14.507334640772847,35.897382687398455],[14.507494640772846,35.89742208739845],[14.507510759227154,35.89737911260154]]]}},{"type":"Feature","id":"w33808124-1","properties":{"key":"w33808124-1","name":"Bastion / Stadtmauer 33808124","kind":"wall","height":22},"geometry":{"type":"Polygon","coordinates":[[[14.50735498893246,35.89734107038662],[14.50723248893246,35.89729197038662],[14.50720791106754,35.89733222961338],[14.50733041106754,35.89738132961338],[14.50735498893246,35.89734107038662]]]}},{"type":"Feature","id":"w33808124-2","properties":{"key":"w33808124-2","name":"Bastion / Stadtmauer 33808124","kind":"wall","height":22},"geometry":{"type":"Polygon","coordinates":[[[14.507245876577517,35.89730364433103],[14.506897676577516,35.896609444331034],[14.506846323422483,35.89662635566897],[14.507194523422484,35.89732055566897],[14.507245876577517,35.89730364433103]]]}},{"type":"Feature","id":"w33808124-3","properties":{"key":"w33808124-3","name":"Bastion / Stadtmauer 33808124","kind":"wall","height":22},"geometry":{"type":"Polygon","coordinates":[[[14.50689767520534,35.896609441595864],[14.50674207520534,35.89629934159586],[14.50669072479466,35.89631625840414],[14.50684632479466,35.89662635840414],[14.50689767520534,35.896609441595864]]]}},{"type":"Feature","id":"w33808124-4","properties":{"key":"w33808124-4","name":"Bastion / Stadtmauer 33808124","kind":"wall","height":22},"geometry":{"type":"Polygon","coordinates":[[[14.50671954555855,35.89633011267828],[14.507888545558549,35.89622191267828],[14.50788225444145,35.89617728732173],[14.50671325444145,35.89628548732173],[14.50671954555855,35.89633011267828]]]}},{"type":"Feature","id":"w33808124-5","properties":{"key":"w33808124-5","name":"Bastion / Stadtmauer 33808124","kind":"wall","height":22},"geometry":{"type":"Polygon","coordinates":[[[14.507869652512964,35.89621808076864],[14.508143852512966,35.896371480768636],[14.508175347487036,35.89633451923136],[14.507901147487035,35.896181119231365],[14.507869652512964,35.89621808076864]]]}},{"type":"Feature","id":"b48179590","properties":{"key":"b48179590","name":"Gebaeude 48179590","kind":"building","height":13.2},"geometry":{"type":"Polygon","coordinates":[[[14.5185809,35.9023156],[14.5191683,35.902124],[14.5191172,35.9020175],[14.5185384,35.9022135],[14.5185809,35.9023156]]]}},{"type":"Feature","id":"b48179591","properties":{"key":"b48179591","name":"Gebaeude 48179591","kind":"building","height":13.2},"geometry":{"type":"Polygon","coordinates":[[[14.5184604,35.9021686],[14.5184211,35.9018936],[14.5188083,35.9017602],[14.5188334,35.9018354],[14.5185397,35.9019463],[14.5185629,35.9021555],[14.5184604,35.9021686]]]}},{"type":"Feature","id":"b48179630","properties":{"key":"b48179630","name":"Il-Binja tal-Evans","kind":"building","height":16.5},"geometry":{"type":"Polygon","coordinates":[[[14.5176803,35.9001987],[14.5178309,35.9000332],[14.5185134,35.9004408],[14.5184284,35.9005341],[14.5183806,35.9005056],[14.5183149,35.9005778],[14.5176803,35.9001987]]]}},{"type":"Feature","id":"b55064405","properties":{"key":"b55064405","name":"Pjazza Teatru Rjal","kind":"building","height":13.2},"geometry":{"type":"Polygon","coordinates":[[[14.509973,35.8966083],[14.5101926,35.8963593],[14.5103763,35.8961511],[14.5106853,35.8963367],[14.5102697,35.8967811],[14.509973,35.8966083]]]}},{"type":"Feature","id":"b55064408","properties":{"key":"b55064408","name":"Knisja tal-Madonna ta' \u0120ie\u017cu","kind":"building","height":13.2},"geometry":{"type":"Polygon","coordinates":[[[14.5134536,35.8965017],[14.5132529,35.8963706],[14.5133683,35.8962568],[14.5135631,35.8963724],[14.5134536,35.8965017]]]}},{"type":"Feature","id":"b139435695","properties":{"key":"b139435695","name":"Gebaeude 139435695","kind":"building","height":13.2},"geometry":{"type":"Polygon","coordinates":[[[14.5149688,35.9000997],[14.5150309,35.9000348],[14.5151525,35.8999069],[14.5150453,35.8998449],[14.5149989,35.8998918],[14.5148593,35.9000404],[14.5149688,35.9000997]]]}},{"type":"Feature","id":"b139435732","properties":{"key":"b139435732","name":"Knisja ta' San Nikola","kind":"building","height":13.2},"geometry":{"type":"Polygon","coordinates":[[[14.5166919,35.8995493],[14.516902,35.8993402],[14.5171471,35.8994982],[14.5169378,35.8997112],[14.5166919,35.8995493]]]}},{"type":"Feature","id":"b139515306","properties":{"key":"b139515306","name":"Knisja ta' Santu Rokku","kind":"building","height":13.2},"geometry":{"type":"Polygon","coordinates":[[[14.5159872,35.8981979],[14.5161593,35.8980299],[14.516039,35.8979491],[14.5158669,35.898117],[14.5159872,35.8981979]]]}},{"type":"Feature","id":"b139518739","properties":{"key":"b139518739","name":"Knisja tal-\u0120i\u017cwiti","kind":"building","height":13.2},"geometry":{"type":"Polygon","coordinates":[[[14.5149994,35.898483],[14.5150946,35.8983844],[14.5153544,35.8981151],[14.515577,35.8982509],[14.5152311,35.8986236],[14.5149994,35.898483]]]}},{"type":"Feature","id":"b139518745","properties":{"key":"b139518745","name":"Central Bank of Malta","kind":"building","height":9.899999999999999},"geometry":{"type":"Polygon","coordinates":[[[14.5094893,35.8954427],[14.5098192,35.895574],[14.5100228,35.8952663],[14.5096984,35.8951243],[14.5094893,35.8954427]]]}},{"type":"Feature","id":"b141054675","properties":{"key":"b141054675","name":"Il-Qrati ta' Malta","kind":"building","height":13.2},"geometry":{"type":"Polygon","coordinates":[[[14.5114876,35.8982434],[14.5118404,35.8978601],[14.511975,35.8979414],[14.512538,35.8982813],[14.5121851,35.8986647],[14.5114876,35.8982434]]]}},{"type":"Feature","id":"b141054678","properties":{"key":"b141054678","name":"Il-Knisja ta' San \u0120akbu","kind":"building","height":13.2},"geometry":{"type":"Polygon","coordinates":[[[14.5116891,35.8968049],[14.5118593,35.8966259],[14.5117075,35.8965312],[14.5115373,35.8967102],[14.5116891,35.8968049]]]}},{"type":"Feature","id":"b141054685","properties":{"key":"b141054685","name":"Greek-Catholic church Our Lady of Damascus","kind":"building","height":13.2},"geometry":{"type":"Polygon","coordinates":[[[14.5146446,35.898945],[14.5147263,35.8988564],[14.5145808,35.8987684],[14.5144991,35.8988569],[14.5146446,35.898945]]]}},{"type":"Feature","id":"b141054695","properties":{"key":"b141054695","name":"Knisja tal-Madonna ta' Portu Salvo u ta' San Duminku","kind":"building","height":13.2},"geometry":{"type":"Polygon","coordinates":[[[14.5161145,35.8992843],[14.5162346,35.8993606],[14.5163834,35.8994551],[14.5160672,35.8997815],[14.5157984,35.8996107],[14.5161145,35.8992843]]]}},{"type":"Feature","id":"b198197956","properties":{"key":"b198197956","name":"Knisja ta' Santa Barbara","kind":"building","height":13.2},"geometry":{"type":"Polygon","coordinates":[[[14.5106659,35.8970047],[14.5106946,35.897022],[14.5106972,35.8970236],[14.5106936,35.8970277],[14.5107033,35.8970335],[14.5107127,35.8970392],[14.5107141,35.8970377],[14.5107166,35.8970353],[14.5107195,35.8970371],[14.5107551,35.8970586],[14.5109034,35.8968974],[14.5108216,35.8968494],[14.5107977,35.8968733],[14.5107246,35.8969462],[14.5106659,35.8970047]]]}},{"type":"Feature","id":"b229529265","properties":{"key":"b229529265","name":"Gebaeude 229529265","kind":"building","height":13.2},"geometry":{"type":"Polygon","coordinates":[[[14.5087412,35.8950604],[14.5087416,35.8950334],[14.5087805,35.8950338],[14.5087801,35.8950608],[14.5087412,35.8950604]]]}},{"type":"Feature","id":"b229529275","properties":{"key":"b229529275","name":"Gebaeude 229529275","kind":"building","height":13.2},"geometry":{"type":"Polygon","coordinates":[[[14.5087426,35.8949463],[14.508743,35.8949193],[14.5087819,35.8949197],[14.5087815,35.8949467],[14.5087426,35.8949463]]]}},{"type":"Feature","id":"b243915130","properties":{"key":"b243915130","name":"Gebaeude 243915130","kind":"building","height":13.2},"geometry":{"type":"Polygon","coordinates":[[[14.5071765,35.8960601],[14.5076334,35.8958687],[14.5075681,35.8957664],[14.5071112,35.8959578],[14.5071765,35.8960601]]]}},{"type":"Feature","id":"b247680420","properties":{"key":"b247680420","name":"Gebaeude 247680420","kind":"building","height":13.2},"geometry":{"type":"Polygon","coordinates":[[[14.5170086,35.9023723],[14.5172692,35.9028633],[14.5185749,35.9029698],[14.5185921,35.9028297],[14.5173086,35.9026617],[14.5172068,35.9024739],[14.5171606,35.9024891],[14.517082,35.9023439],[14.5170086,35.9023723]]]}},{"type":"Feature","id":"b261426798","properties":{"key":"b261426798","name":"Gebaeude 261426798","kind":"building","height":13.2},"geometry":{"type":"Polygon","coordinates":[[[14.5170947,35.9001811],[14.5171641,35.9002174],[14.517236,35.9001269],[14.5171666,35.9000907],[14.5170947,35.9001811]]]}},{"type":"Feature","id":"b261426802","properties":{"key":"b261426802","name":"Gebaeude 261426802","kind":"building","height":13.2},"geometry":{"type":"Polygon","coordinates":[[[14.5179133,35.9019714],[14.5178136,35.9018006],[14.5172606,35.9020154],[14.5171551,35.9019463],[14.5170135,35.9021225],[14.5172157,35.9022667],[14.5179133,35.9019714]]]}},{"type":"Feature","id":"b261426807","properties":{"key":"b261426807","name":"Gebaeude 261426807","kind":"building","height":13.2},"geometry":{"type":"Polygon","coordinates":[[[14.5186971,35.9001793],[14.5188057,35.9001386],[14.5187611,35.9000462],[14.5186446,35.9000868],[14.5186971,35.9001793]]]}},{"type":"Feature","id":"b261426812","properties":{"key":"b261426812","name":"Gebaeude 261426812","kind":"building","height":13.2},"geometry":{"type":"Polygon","coordinates":[[[14.5183774,35.901777],[14.5188347,35.901638],[14.5188106,35.9015826],[14.5183533,35.9017162],[14.5183774,35.901777]]]}},{"type":"Feature","id":"b261426815","properties":{"key":"b261426815","name":"Gebaeude 261426815","kind":"building","height":13.2},"geometry":{"type":"Polygon","coordinates":[[[14.5174297,35.8987507],[14.5178293,35.8989968],[14.5178943,35.8989275],[14.5175975,35.8987448],[14.517743,35.8985897],[14.5176403,35.8985264],[14.5174297,35.8987507]]]}},{"type":"Feature","id":"b261426818","properties":{"key":"b261426818","name":"Gebaeude 261426818","kind":"building","height":13.2},"geometry":{"type":"Polygon","coordinates":[[[14.5184174,35.9023321],[14.5184883,35.9023235],[14.5184641,35.902192],[14.5183932,35.9022006],[14.5184174,35.9023321]]]}},{"type":"Feature","id":"b261426819","properties":{"key":"b261426819","name":"Gebaeude 261426819","kind":"building","height":13.2},"geometry":{"type":"Polygon","coordinates":[[[14.5191388,35.9015039],[14.5190982,35.9013987],[14.5190709,35.9013919],[14.5190655,35.9013636],[14.5190956,35.9013567],[14.5190575,35.9012371],[14.5190507,35.9012171],[14.5190105,35.9010855],[14.5189186,35.9010825],[14.5189675,35.9012238],[14.5190035,35.9014507],[14.5190172,35.9015174],[14.5191388,35.9015039]]]}},{"type":"Feature","id":"b261426823","properties":{"key":"b261426823","name":"Gebaeude 261426823","kind":"building","height":13.2},"geometry":{"type":"Polygon","coordinates":[[[14.5187838,35.9015533],[14.5188616,35.9015576],[14.5188866,35.9015017],[14.5189221,35.9014938],[14.5188886,35.9012637],[14.5188281,35.9012708],[14.5187529,35.9013197],[14.5187838,35.9015533]]]}},{"type":"Feature","id":"b261426824","properties":{"key":"b261426824","name":"Gebaeude 261426824","kind":"building","height":13.2},"geometry":{"type":"Polygon","coordinates":[[[14.5174616,35.8997298],[14.5174294,35.8997754],[14.517711,35.8999449],[14.5177309,35.8999243],[14.5176953,35.8998186],[14.5174616,35.8997298]]]}},{"type":"Feature","id":"b261426825","properties":{"key":"b261426825","name":"Gebaeude 261426825","kind":"building","height":13.2},"geometry":{"type":"Polygon","coordinates":[[[14.5173739,35.8995914],[14.5177218,35.8998036],[14.5177838,35.8997837],[14.5177528,35.8997104],[14.517609,35.8996294],[14.517644,35.8995972],[14.5175662,35.8995646],[14.5176567,35.8994736],[14.517551,35.8994084],[14.5173739,35.8995914]]]}},{"type":"Feature","id":"b261426827","properties":{"key":"b261426827","name":"Gebaeude 261426827","kind":"building","height":13.2},"geometry":{"type":"Polygon","coordinates":[[[14.5176005,35.9008946],[14.5177263,35.9009622],[14.5181173,35.9005612],[14.5180106,35.9004841],[14.5179286,35.9005757],[14.5176005,35.9008946]]]}},{"type":"Feature","id":"b261426830","properties":{"key":"b261426830","name":"Gebaeude 261426830","kind":"building","height":13.2},"geometry":{"type":"Polygon","coordinates":[[[14.518353,35.9021008],[14.5184313,35.9020924],[14.5184016,35.9019125],[14.5183233,35.901921],[14.518353,35.9021008]]]}},{"type":"Feature","id":"b261426833","properties":{"key":"b261426833","name":"Main Guard","kind":"building","height":13.2},"geometry":{"type":"Polygon","coordinates":[[[14.5129781,35.8991722],[14.5136939,35.8996092],[14.5138274,35.8994636],[14.5135544,35.8993057],[14.513403,35.8992159],[14.51317,35.8990704],[14.5131165,35.899037],[14.5129781,35.8991722]]]}},{"type":"Feature","id":"b261426835","properties":{"key":"b261426835","name":"Gebaeude 261426835","kind":"building","height":13.2},"geometry":{"type":"Polygon","coordinates":[[[14.5177846,35.9009692],[14.5178802,35.9010307],[14.5182515,35.900652],[14.518156,35.9005905],[14.5177846,35.9009692]]]}},{"type":"Feature","id":"b261426838","properties":{"key":"b261426838","name":"Gebaeude 261426838","kind":"building","height":13.2},"geometry":{"type":"Polygon","coordinates":[[[14.5193699,35.9025108],[14.5194075,35.9021957],[14.5193217,35.902174],[14.5192541,35.9024958],[14.5193699,35.9025108]]]}},{"type":"Feature","id":"b261426844","properties":{"key":"b261426844","name":"Gebaeude 261426844","kind":"building","height":13.2},"geometry":{"type":"Polygon","coordinates":[[[14.5167492,35.9021797],[14.5168173,35.9022198],[14.5169234,35.9021011],[14.5169644,35.9021207],[14.5169881,35.9020847],[14.5169565,35.9020576],[14.5169818,35.9020295],[14.5169489,35.9020102],[14.516924,35.902038],[14.5168854,35.9020163],[14.5167492,35.9021797]]]}},{"type":"Feature","id":"b261426846","properties":{"key":"b261426846","name":"Gebaeude 261426846","kind":"building","height":13.2},"geometry":{"type":"Polygon","coordinates":[[[14.5177942,35.9022349],[14.517841,35.9023159],[14.5179024,35.9022848],[14.5178972,35.902275],[14.5179332,35.9022591],[14.517924,35.9022217],[14.5179984,35.9022133],[14.5180249,35.9023401],[14.5181603,35.9023153],[14.5181343,35.9021182],[14.5180614,35.9021326],[14.518057,35.9021175],[14.5179631,35.9021309],[14.5179133,35.9019714],[14.5172157,35.9022667],[14.5173813,35.9024082],[14.5174212,35.9024039],[14.5175004,35.9023636],[14.5175295,35.9024066],[14.5175923,35.9023875],[14.517617,35.9024276],[14.5176676,35.9024128],[14.5176557,35.9023839],[14.5177106,35.9023587],[14.5176676,35.9022908],[14.5177942,35.9022349]]]}},{"type":"Feature","id":"b261426848","properties":{"key":"b261426848","name":"Gebaeude 261426848","kind":"building","height":13.2},"geometry":{"type":"Polygon","coordinates":[[[14.5171021,35.8998507],[14.5175178,35.9001007],[14.5176123,35.8999976],[14.5171966,35.8997476],[14.5171021,35.8998507]]]}},{"type":"Feature","id":"b261427487","properties":{"key":"b261427487","name":"Gebaeude 261427487","kind":"building","height":13.2},"geometry":{"type":"Polygon","coordinates":[[[14.5148788,35.8996491],[14.5150451,35.8997498],[14.5151395,35.8996573],[14.5150707,35.8996116],[14.5151101,35.8995761],[14.5151709,35.8996145],[14.5152182,35.8995654],[14.5153317,35.8996371],[14.5154207,35.8995446],[14.5154494,35.8995627],[14.515381,35.8996337],[14.5154332,35.8996667],[14.5154973,35.8997072],[14.515465,35.8997407],[14.5155307,35.8997817],[14.5157043,35.8996366],[14.5152065,35.8993221],[14.5148788,35.8996491]]]}},{"type":"Feature","id":"b261427492","properties":{"key":"b261427492","name":"Gebaeude 261427492","kind":"building","height":13.2},"geometry":{"type":"Polygon","coordinates":[[[14.5149178,35.8971601],[14.5152242,35.8973577],[14.5154679,35.8971314],[14.5151099,35.896951],[14.5149178,35.8971601]]]}},{"type":"Feature","id":"b261427494","properties":{"key":"b261427494","name":"Gebaeude 261427494","kind":"building","height":9.899999999999999},"geometry":{"type":"Polygon","coordinates":[[[14.5160271,35.8972838],[14.5166688,35.8976041],[14.5166886,35.8975796],[14.5166392,35.8975135],[14.5161331,35.8972676],[14.5160271,35.8972838]]]}},{"type":"Feature","id":"b261427499","properties":{"key":"b261427499","name":"Gebaeude 261427499","kind":"building","height":13.2},"geometry":{"type":"Polygon","coordinates":[[[14.5155568,35.8974166],[14.5155692,35.8974328],[14.5156931,35.8973585],[14.5157226,35.8973791],[14.5157673,35.8974134],[14.5158773,35.8972936],[14.515754,35.8972479],[14.5156616,35.8973284],[14.5155568,35.8974166]]]}},{"type":"Feature","id":"b261427500","properties":{"key":"b261427500","name":"Gebaeude 261427500","kind":"building","height":13.2},"geometry":{"type":"Polygon","coordinates":[[[14.5152242,35.8973577],[14.5154915,35.8975223],[14.5155568,35.8974166],[14.5153494,35.8973151],[14.5154599,35.8972289],[14.5156616,35.8973284],[14.515754,35.8972479],[14.5154679,35.8971314],[14.5152242,35.8973577]]]}},{"type":"Feature","id":"b281160950","properties":{"key":"b281160950","name":"Gebaeude 281160950","kind":"building","height":13.2},"geometry":{"type":"Polygon","coordinates":[[[14.5128,35.8967493],[14.5127369,35.896709],[14.5127151,35.8967315],[14.5127781,35.8967717],[14.5128,35.8967493]]]}},{"type":"Feature","id":"b298475103","properties":{"key":"b298475103","name":"Gebaeude 298475103","kind":"building","height":13.2},"geometry":{"type":"Polygon","coordinates":[[[14.5148253,35.8997091],[14.5146748,35.8998696],[14.5147306,35.8999036],[14.5148361,35.8997938],[14.5149989,35.8998918],[14.5150453,35.8998449],[14.5148253,35.8997091]]]}},{"type":"Feature","id":"b298475105","properties":{"key":"b298475105","name":"Gebaeude 298475105","kind":"building","height":9.899999999999999},"geometry":{"type":"Polygon","coordinates":[[[14.5135925,35.9009424],[14.5139953,35.9012043],[14.5140478,35.9011511],[14.5136875,35.9009236],[14.5136336,35.900898],[14.5135925,35.9009424]]]}},{"type":"Feature","id":"b298475106","properties":{"key":"b298475106","name":"Gebaeude 298475106","kind":"building","height":13.2},"geometry":{"type":"Polygon","coordinates":[[[14.5126776,35.899508],[14.5129739,35.8996868],[14.5131149,35.8995335],[14.5128186,35.8993547],[14.5126776,35.899508]]]}},{"type":"Feature","id":"b298475107","properties":{"key":"b298475107","name":"Gebaeude 298475107","kind":"building","height":13.2},"geometry":{"type":"Polygon","coordinates":[[[14.5152046,35.9001387],[14.5150309,35.9000348],[14.5149688,35.9000997],[14.5149436,35.900126],[14.5151165,35.9002364],[14.5152046,35.9001387]]]}},{"type":"Feature","id":"b298475108","properties":{"key":"b298475108","name":"Gebaeude 298475108","kind":"building","height":13.2},"geometry":{"type":"Polygon","coordinates":[[[14.5152046,35.9001387],[14.5153192,35.9000138],[14.5151525,35.8999069],[14.5150309,35.9000348],[14.5152046,35.9001387]]]}},{"type":"Feature","id":"b298475109","properties":{"key":"b298475109","name":"Gebaeude 298475109","kind":"building","height":13.2},"geometry":{"type":"Polygon","coordinates":[[[14.512682,35.9008356],[14.513263,35.9012039],[14.5133859,35.9010704],[14.5128056,35.9007009],[14.512682,35.9008356]]]}},{"type":"Feature","id":"b298475110","properties":{"key":"b298475110","name":"Gebaeude 298475110","kind":"building","height":13.2},"geometry":{"type":"Polygon","coordinates":[[[14.5151165,35.9002364],[14.5149436,35.900126],[14.5148609,35.9002124],[14.5149281,35.9002546],[14.5149027,35.9002811],[14.5148473,35.9003369],[14.5149508,35.9004018],[14.5151165,35.9002364]]]}},{"type":"Feature","id":"b298475115","properties":{"key":"b298475115","name":"Gebaeude 298475115","kind":"building","height":9.899999999999999},"geometry":{"type":"Polygon","coordinates":[[[14.5136875,35.9009236],[14.5140478,35.9011511],[14.5140825,35.9011798],[14.5143027,35.9013365],[14.5143278,35.9013539],[14.514446,35.9012682],[14.5137572,35.9008528],[14.5136875,35.9009236]]]}},{"type":"Feature","id":"b298475117","properties":{"key":"b298475117","name":"Gebaeude 298475117","kind":"building","height":13.2},"geometry":{"type":"Polygon","coordinates":[[[14.51447,35.900087],[14.5144897,35.9001164],[14.5145138,35.9001317],[14.5145383,35.9001436],[14.5148473,35.9003369],[14.5149027,35.9002811],[14.5148334,35.9002425],[14.5148609,35.9002124],[14.5149436,35.900126],[14.5149688,35.9000997],[14.5148593,35.9000404],[14.5147395,35.9001729],[14.514695,35.9001423],[14.5145832,35.9000698],[14.5147178,35.8999327],[14.5146547,35.8998956],[14.51447,35.900087]]]}},{"type":"Feature","id":"b298475561","properties":{"key":"b298475561","name":"Gebaeude 298475561","kind":"building","height":13.2},"geometry":{"type":"Polygon","coordinates":[[[14.515345,35.9014114],[14.5153862,35.9014108],[14.5153838,35.9013355],[14.5153445,35.9013341],[14.515345,35.9014114]]]}},{"type":"Feature","id":"b298475562","properties":{"key":"b298475562","name":"Gebaeude 298475562","kind":"building","height":13.2},"geometry":{"type":"Polygon","coordinates":[[[14.515106,35.9014098],[14.5152243,35.9013988],[14.5152151,35.9013313],[14.515096,35.9013417],[14.515106,35.9014098]]]}},{"type":"Feature","id":"b298475563","properties":{"key":"b298475563","name":"Gebaeude 298475563","kind":"building","height":13.2},"geometry":{"type":"Polygon","coordinates":[[[14.5153862,35.9014108],[14.5154527,35.9014104],[14.5154503,35.9013352],[14.5153838,35.9013355],[14.5153862,35.9014108]]]}},{"type":"Feature","id":"b298475564","properties":{"key":"b298475564","name":"Gebaeude 298475564","kind":"building","height":13.2},"geometry":{"type":"Polygon","coordinates":[[[14.5154867,35.9013432],[14.5154596,35.9013771],[14.515495,35.9013958],[14.5155222,35.9013619],[14.5154867,35.9013432]]]}},{"type":"Feature","id":"b298475565","properties":{"key":"b298475565","name":"Gebaeude 298475565","kind":"building","height":13.2},"geometry":{"type":"Polygon","coordinates":[[[14.5152554,35.9013469],[14.5152536,35.9014089],[14.5153107,35.9014093],[14.5153118,35.9013468],[14.5152554,35.9013469]]]}},{"type":"Feature","id":"b298475567","properties":{"key":"b298475567","name":"Gebaeude 298475567","kind":"building","height":13.2},"geometry":{"type":"Polygon","coordinates":[[[14.5148561,35.9014881],[14.5147915,35.9015332],[14.5148289,35.9015689],[14.5149033,35.9015296],[14.5148561,35.9014881]]]}},{"type":"Feature","id":"b339474207","properties":{"key":"b339474207","name":"Il-Biblioteka Nazzjonali","kind":"building","height":13.2},"geometry":{"type":"Polygon","coordinates":[[[14.5132945,35.8982007],[14.513621,35.8983881],[14.5136873,35.8983262],[14.5137596,35.8982513],[14.513439,35.8980499],[14.5133714,35.8981201],[14.5133512,35.8981425],[14.5132945,35.8982007]]]}},{"type":"Feature","id":"b342702009","properties":{"key":"b342702009","name":"Gebaeude 342702009","kind":"building","height":13.2},"geometry":{"type":"Polygon","coordinates":[[[14.514606,35.8967395],[14.5144461,35.8966676],[14.5143363,35.8968004],[14.5144628,35.8968836],[14.514606,35.8967395]]]}},{"type":"Feature","id":"b386907434","properties":{"key":"b386907434","name":"Knisja tal-Madalena","kind":"building","height":13.2},"geometry":{"type":"Polygon","coordinates":[[[14.5174798,35.9004555],[14.5175822,35.9003565],[14.5176672,35.9002766],[14.5175613,35.9002095],[14.5173862,35.9003896],[14.5174798,35.9004555]]]}},{"type":"Feature","id":"b391539978","properties":{"key":"b391539978","name":"Gebaeude 391539978","kind":"building","height":13.2},"geometry":{"type":"Polygon","coordinates":[[[14.5128258,35.8984731],[14.5129506,35.8985508],[14.5128431,35.8986629],[14.5128086,35.8986408],[14.5128192,35.89863],[14.5127768,35.8986028],[14.5127491,35.8986312],[14.5127335,35.8986212],[14.5126898,35.8985932],[14.5127362,35.8985457],[14.5127647,35.898564],[14.5127976,35.8985303],[14.5127806,35.8985194],[14.5128258,35.8984731]]]}},{"type":"Feature","id":"b391539979","properties":{"key":"b391539979","name":"Gebaeude 391539979","kind":"building","height":13.2},"geometry":{"type":"Polygon","coordinates":[[[14.5128431,35.8986629],[14.5127316,35.898779],[14.5126937,35.8987548],[14.5127247,35.898723],[14.5126842,35.8986971],[14.5126487,35.8987335],[14.512611,35.8987093],[14.5126769,35.8986419],[14.5126993,35.8986562],[14.5127335,35.8986212],[14.5127491,35.8986312],[14.5127915,35.8986584],[14.5128086,35.8986408],[14.5128431,35.8986629]]]}},{"type":"Feature","id":"b391539980","properties":{"key":"b391539980","name":"Gebaeude 391539980","kind":"building","height":13.2},"geometry":{"type":"Polygon","coordinates":[[[14.5126167,35.8984691],[14.5126053,35.8984808],[14.5125668,35.8985201],[14.5125361,35.8985516],[14.5125862,35.8985837],[14.5126191,35.89855],[14.5126637,35.8985786],[14.5126308,35.8986123],[14.5126769,35.8986419],[14.5126993,35.8986562],[14.5127335,35.8986212],[14.5126898,35.8985932],[14.5127362,35.8985457],[14.5126595,35.8984965],[14.5126167,35.8984691]]]}},{"type":"Feature","id":"b391539981","properties":{"key":"b391539981","name":"Gebaeude 391539981","kind":"building","height":13.2},"geometry":{"type":"Polygon","coordinates":[[[14.5125361,35.8985516],[14.5125668,35.8985201],[14.5125225,35.8984917],[14.5125383,35.8984754],[14.5124824,35.8984396],[14.5124358,35.8984873],[14.5125361,35.8985516]]]}},{"type":"Feature","id":"b391539982","properties":{"key":"b391539982","name":"Gebaeude 391539982","kind":"building","height":9.899999999999999},"geometry":{"type":"Polygon","coordinates":[[[14.5125808,35.8989361],[14.5127316,35.898779],[14.5128431,35.8986629],[14.5129506,35.8985508],[14.5132803,35.8987584],[14.5129106,35.8991437],[14.5125808,35.8989361]]]}},{"type":"Feature","id":"b391539983","properties":{"key":"b391539983","name":"Gebaeude 391539983","kind":"building","height":13.2},"geometry":{"type":"Polygon","coordinates":[[[14.5124638,35.89886],[14.512611,35.8987093],[14.5126769,35.8986419],[14.5126308,35.8986123],[14.5125862,35.8985837],[14.5125361,35.8985516],[14.5124358,35.8984873],[14.5122226,35.8987054],[14.5124638,35.89886]]]}},{"type":"Feature","id":"b391539984","properties":{"key":"b391539984","name":"Gebaeude 391539984","kind":"building","height":13.2},"geometry":{"type":"Polygon","coordinates":[[[14.5125383,35.8984754],[14.5125609,35.8984523],[14.5126053,35.8984808],[14.5126167,35.8984691],[14.5126531,35.8984318],[14.5126948,35.8983882],[14.5125945,35.8983248],[14.5124824,35.8984396],[14.5125383,35.8984754]]]}},{"type":"Feature","id":"b391539985","properties":{"key":"b391539985","name":"Gebaeude 391539985","kind":"building","height":13.2},"geometry":{"type":"Polygon","coordinates":[[[14.5127316,35.898779],[14.5125808,35.8989361],[14.5124638,35.89886],[14.512611,35.8987093],[14.5126487,35.8987335],[14.5126572,35.8987389],[14.5126281,35.8987687],[14.51266,35.8987892],[14.5126937,35.8987548],[14.5127316,35.898779]]]}},{"type":"Feature","id":"b391539986","properties":{"key":"b391539986","name":"Gebaeude 391539986","kind":"building","height":13.2},"geometry":{"type":"Polygon","coordinates":[[[14.5126531,35.8984318],[14.5126959,35.8984593],[14.5126595,35.8984965],[14.5127362,35.8985457],[14.5127647,35.898564],[14.5127976,35.8985303],[14.5127806,35.8985194],[14.5128258,35.8984731],[14.5126948,35.8983882],[14.5126531,35.8984318]]]}},{"type":"Feature","id":"w400118222-0","properties":{"key":"w400118222-0","name":"Bastion / Stadtmauer 400118222","kind":"wall","height":22},"geometry":{"type":"Polygon","coordinates":[[[14.507935882298625,35.89626141010024],[14.507906382298625,35.89622691010024],[14.507860817701374,35.896252489899766],[14.507890317701374,35.896286989899764],[14.507935882298625,35.89626141010024]]]}},{"type":"Feature","id":"w400118222-1","properties":{"key":"w400118222-1","name":"Bastion / Stadtmauer 400118222","kind":"wall","height":22},"geometry":{"type":"Polygon","coordinates":[[[14.507878776346722,35.89621758494787],[14.507507976346723,35.896270684947865],[14.507517623653278,35.89631491505213],[14.507888423653277,35.896261815052135],[14.507878776346722,35.89621758494787]]]}},{"type":"Feature","id":"w400118222-2","properties":{"key":"w400118222-2","name":"Bastion / Stadtmauer 400118222","kind":"wall","height":22},"geometry":{"type":"Polygon","coordinates":[[[14.507508816415573,35.896270575393686],[14.506817116415572,35.896351975393685],[14.506825083584427,35.89639642460631],[14.507516783584428,35.89631502460631],[14.507508816415573,35.896270575393686]]]}},{"type":"Feature","id":"w400118222-3","properties":{"key":"w400118222-3","name":"Bastion / Stadtmauer 400118222","kind":"wall","height":22},"geometry":{"type":"Polygon","coordinates":[[[14.506795196046802,35.89638218737976],[14.506994796046802,35.89680718737976],[14.507046603953198,35.896791212620236],[14.506847003953197,35.89636621262024],[14.506795196046802,35.89638218737976]]]}},{"type":"Feature","id":"w400118222-4","properties":{"key":"w400118222-4","name":"Bastion / Stadtmauer 400118222","kind":"wall","height":22},"geometry":{"type":"Polygon","coordinates":[[[14.506995182831844,35.896807966770915],[14.507014282831843,35.896844466770915],[14.507065317168156,35.89682693322908],[14.507046217168156,35.89679043322908],[14.506995182831844,35.896807966770915]]]}},{"type":"Feature","id":"w400118222-5","properties":{"key":"w400118222-5","name":"Bastion / Stadtmauer 400118222","kind":"wall","height":22},"geometry":{"type":"Polygon","coordinates":[[[14.507013722200783,35.89684330691305],[14.507079522200783,35.89699140691305],[14.507131677799215,35.89697619308695],[14.507065877799215,35.896828093086945],[14.507013722200783,35.89684330691305]]]}},{"type":"Feature","id":"w400118222-6","properties":{"key":"w400118222-6","name":"Bastion / Stadtmauer 400118222","kind":"wall","height":22},"geometry":{"type":"Polygon","coordinates":[[[14.507079962883811,35.89699233391977],[14.507235562883812,35.89729923391977],[14.507286837116188,35.89728216608023],[14.507131237116187,35.89697526608023],[14.507079962883811,35.89699233391977]]]}},{"type":"Feature","id":"w400118222-7","properties":{"key":"w400118222-7","name":"Bastion / Stadtmauer 400118222","kind":"wall","height":22},"geometry":{"type":"Polygon","coordinates":[[[14.507252420467786,35.89731200129079],[14.507496320467785,35.8973780012908],[14.507513879532214,35.89733539870921],[14.507269979532214,35.897269398709206],[14.507252420467786,35.89731200129079]]]}},{"type":"Feature","id":"b404357777","properties":{"key":"b404357777","name":"Gebaeude 404357777","kind":"building","height":13.2},"geometry":{"type":"Polygon","coordinates":[[[14.5105972,35.8962074],[14.5104295,35.8961005],[14.5105413,35.8959824],[14.5106909,35.8960952],[14.5105972,35.8962074]]]}},{"type":"Feature","id":"b404358695","properties":{"key":"b404358695","name":"Gebaeude 404358695","kind":"building","height":13.2},"geometry":{"type":"Polygon","coordinates":[[[14.5121315,35.8961202],[14.5117757,35.8964861],[14.5125887,35.8970048],[14.5128011,35.8967864],[14.5127781,35.8967717],[14.5127151,35.8967315],[14.5127369,35.896709],[14.5128,35.8967493],[14.5129215,35.8966243],[14.5121315,35.8961202]]]}},{"type":"Feature","id":"b436540217","properties":{"key":"b436540217","name":"Gebaeude 436540217","kind":"building","height":13.2},"geometry":{"type":"Polygon","coordinates":[[[14.5119736,35.8978217],[14.511996,35.8978211],[14.5120126,35.8977992],[14.512006,35.8977803],[14.5119849,35.8977691],[14.5119579,35.8977747],[14.5119455,35.8977933],[14.5119521,35.897811],[14.5119736,35.8978217]]]}},{"type":"Feature","id":"b534789046","properties":{"key":"b534789046","name":"Il-Knisja ta' Sant' Ursula","kind":"building","height":13.2},"geometry":{"type":"Polygon","coordinates":[[[14.5154915,35.8975223],[14.5155692,35.8974328],[14.5156931,35.8973585],[14.5157226,35.8973791],[14.5157673,35.8974134],[14.5156905,35.8975049],[14.5155993,35.8975906],[14.5154915,35.8975223]]]}},{"type":"Feature","id":"b540662215","properties":{"key":"b540662215","name":"Gebaeude 540662215","kind":"building","height":13.2},"geometry":{"type":"Polygon","coordinates":[[[14.5135609,35.9009849],[14.5133259,35.9012492],[14.5139174,35.9016388],[14.5143027,35.9013365],[14.5140825,35.9011798],[14.514007,35.901256],[14.5135609,35.9009849]]]}},{"type":"Feature","id":"b540662216","properties":{"key":"b540662216","name":"Gebaeude 540662216","kind":"building","height":13.2},"geometry":{"type":"Polygon","coordinates":[[[14.5149165,35.9014625],[14.5149952,35.9014029],[14.5150578,35.9014648],[14.5149474,35.9015282],[14.514917,35.901498],[14.5149366,35.9014852],[14.5149165,35.9014625]]]}},{"type":"Feature","id":"b540662451","properties":{"key":"b540662451","name":"Gebaeude 540662451","kind":"building","height":13.2},"geometry":{"type":"Polygon","coordinates":[[[14.5112152,35.8979517],[14.5114934,35.8976504],[14.5117896,35.8978313],[14.5115114,35.8981399],[14.5114437,35.898097],[14.511353,35.8980393],[14.5112152,35.8979517]]]}},{"type":"Feature","id":"b540662452","properties":{"key":"b540662452","name":"Gebaeude 540662452","kind":"building","height":13.2},"geometry":{"type":"Polygon","coordinates":[[[14.5109607,35.8974584],[14.5108796,35.8975423],[14.5108269,35.897509],[14.510809,35.8975275],[14.5107651,35.8975729],[14.510731,35.8976082],[14.5108342,35.8976737],[14.5109445,35.8977436],[14.5110487,35.8978096],[14.5110588,35.8978161],[14.511118,35.8977548],[14.5112502,35.8978386],[14.5114493,35.8976292],[14.5114058,35.8976015],[14.5113257,35.8976898],[14.5109607,35.8974584]]]}},{"type":"Feature","id":"b540662453","properties":{"key":"b540662453","name":"Gebaeude 540662453","kind":"building","height":13.2},"geometry":{"type":"Polygon","coordinates":[[[14.5110357,35.8972414],[14.5112104,35.8973478],[14.5113536,35.8972168],[14.5114167,35.8972547],[14.5114703,35.8972873],[14.5115444,35.8973325],[14.5116241,35.897381],[14.5116957,35.8974246],[14.511566,35.8975644],[14.5118838,35.897758],[14.5121249,35.8974982],[14.5119234,35.8973755],[14.5120083,35.8972841],[14.5117284,35.8971137],[14.5115537,35.897302],[14.5114231,35.8972225],[14.5114293,35.8972158],[14.5113459,35.897165],[14.5115145,35.8969834],[14.5113616,35.8968903],[14.5110357,35.8972414]]]}},{"type":"Feature","id":"b547689915","properties":{"key":"b547689915","name":"Gebaeude 547689915","kind":"building","height":13.2},"geometry":{"type":"Polygon","coordinates":[[[14.5103726,35.8968113],[14.5105252,35.89691],[14.5105776,35.8968569],[14.5105312,35.8968269],[14.5104801,35.8967938],[14.510425,35.8967582],[14.5103726,35.8968113]]]}},{"type":"Feature","id":"b547689916","properties":{"key":"b547689916","name":"Gebaeude 547689916","kind":"building","height":13.2},"geometry":{"type":"Polygon","coordinates":[[[14.510425,35.8967582],[14.5104801,35.8967938],[14.510549,35.8967174],[14.5105585,35.8967068],[14.5105516,35.8967024],[14.5105041,35.896672],[14.510425,35.8967582]]]}},{"type":"Feature","id":"b547689917","properties":{"key":"b547689917","name":"Gebaeude 547689917","kind":"building","height":13.2},"geometry":{"type":"Polygon","coordinates":[[[14.5105041,35.896672],[14.5105516,35.8967024],[14.5105652,35.8966887],[14.510586,35.8966672],[14.5105353,35.8966349],[14.5105041,35.896672]]]}},{"type":"Feature","id":"b547689918","properties":{"key":"b547689918","name":"Gebaeude 547689918","kind":"building","height":13.2},"geometry":{"type":"Polygon","coordinates":[[[14.5105353,35.8966349],[14.5106537,35.8965127],[14.5107393,35.8965672],[14.5107589,35.8965796],[14.5107699,35.8965683],[14.5108049,35.8965865],[14.510791,35.8966013],[14.5108039,35.8966085],[14.5107538,35.8966597],[14.51072,35.8966391],[14.5106849,35.8966754],[14.5106368,35.8966448],[14.5106041,35.8966785],[14.510586,35.8966672],[14.5105353,35.8966349]]]}},{"type":"Feature","id":"b547689919","properties":{"key":"b547689919","name":"Gebaeude 547689919","kind":"building","height":13.2},"geometry":{"type":"Polygon","coordinates":[[[14.5106537,35.8965127],[14.5107036,35.8964595],[14.5107899,35.8965165],[14.5107393,35.8965672],[14.5106537,35.8965127]]]}},{"type":"Feature","id":"b547689920","properties":{"key":"b547689920","name":"Gebaeude 547689920","kind":"building","height":13.2},"geometry":{"type":"Polygon","coordinates":[[[14.5107393,35.8965672],[14.5107589,35.8965796],[14.5107699,35.8965683],[14.5108049,35.8965865],[14.5108416,35.8965477],[14.5107899,35.8965165],[14.5107393,35.8965672]]]}},{"type":"Feature","id":"b547689921","properties":{"key":"b547689921","name":"Gebaeude 547689921","kind":"building","height":13.2},"geometry":{"type":"Polygon","coordinates":[[[14.5108416,35.8965477],[14.5108049,35.8965865],[14.510791,35.8966013],[14.5108039,35.8966085],[14.5107538,35.8966597],[14.5106864,35.8967299],[14.510694,35.8967347],[14.5107221,35.8967524],[14.5107555,35.8967177],[14.5107794,35.8967328],[14.5107444,35.8967669],[14.5107637,35.8967751],[14.5109292,35.896603],[14.5108416,35.8965477]]]}},{"type":"Feature","id":"b547689922","properties":{"key":"b547689922","name":"Gebaeude 547689922","kind":"building","height":13.2},"geometry":{"type":"Polygon","coordinates":[[[14.510549,35.8967174],[14.5106033,35.8967518],[14.5106273,35.8967269],[14.5105652,35.8966887],[14.5105516,35.8967024],[14.5105585,35.8967068],[14.510549,35.8967174]]]}},{"type":"Feature","id":"b547689924","properties":{"key":"b547689924","name":"Gebaeude 547689924","kind":"building","height":13.2},"geometry":{"type":"Polygon","coordinates":[[[14.5106273,35.8967269],[14.5105652,35.8966887],[14.510586,35.8966672],[14.5106041,35.8966785],[14.5106475,35.8967058],[14.5106273,35.8967269]]]}},{"type":"Feature","id":"b547689925","properties":{"key":"b547689925","name":"Gebaeude 547689925","kind":"building","height":13.2},"geometry":{"type":"Polygon","coordinates":[[[14.5106864,35.8967299],[14.5106475,35.8967058],[14.5106041,35.8966785],[14.5106368,35.8966448],[14.5106849,35.8966754],[14.51072,35.8966391],[14.5107538,35.8966597],[14.5106864,35.8967299]]]}},{"type":"Feature","id":"b547689926","properties":{"key":"b547689926","name":"Gebaeude 547689926","kind":"building","height":13.2},"geometry":{"type":"Polygon","coordinates":[[[14.5105252,35.89691],[14.5106659,35.8970047],[14.5107246,35.8969462],[14.5106187,35.8968746],[14.5105841,35.8968512],[14.5105252,35.89691]]]}},{"type":"Feature","id":"b547689927","properties":{"key":"b547689927","name":"Gebaeude 547689927","kind":"building","height":13.2},"geometry":{"type":"Polygon","coordinates":[[[14.5107637,35.8967751],[14.5107992,35.8967998],[14.5108124,35.8967852],[14.5108424,35.8968051],[14.5109934,35.8966523],[14.5109292,35.896603],[14.5107637,35.8967751]]]}},{"type":"Feature","id":"b547689928","properties":{"key":"b547689928","name":"Gebaeude 547689928","kind":"building","height":13.2},"geometry":{"type":"Polygon","coordinates":[[[14.5105312,35.8968269],[14.5106033,35.8967518],[14.5106273,35.8967269],[14.5106475,35.8967058],[14.510694,35.8967347],[14.5106572,35.8967767],[14.5106934,35.896801],[14.5106891,35.8968053],[14.5106628,35.896832],[14.5106252,35.8968072],[14.5105776,35.8968569],[14.5105312,35.8968269]]]}},{"type":"Feature","id":"b547689929","properties":{"key":"b547689929","name":"Gebaeude 547689929","kind":"building","height":13.2},"geometry":{"type":"Polygon","coordinates":[[[14.5106187,35.8968746],[14.5105841,35.8968512],[14.5106252,35.8968072],[14.5106628,35.896832],[14.510644,35.8968501],[14.5106187,35.8968746]]]}},{"type":"Feature","id":"b547689930","properties":{"key":"b547689930","name":"Gebaeude 547689930","kind":"building","height":13.2},"geometry":{"type":"Polygon","coordinates":[[[14.510644,35.8968501],[14.5106878,35.8968771],[14.5107296,35.8968325],[14.5107977,35.8968733],[14.5107246,35.8969462],[14.5106187,35.8968746],[14.510644,35.8968501]]]}},{"type":"Feature","id":"b547689931","properties":{"key":"b547689931","name":"Gebaeude 547689931","kind":"building","height":13.2},"geometry":{"type":"Polygon","coordinates":[[[14.5107977,35.8968733],[14.5106891,35.8968053],[14.5106934,35.896801],[14.5106572,35.8967767],[14.510694,35.8967347],[14.5107221,35.8967524],[14.5107444,35.8967669],[14.5108271,35.8968206],[14.5108197,35.8968281],[14.510833,35.8968366],[14.5107977,35.8968733]]]}},{"type":"Feature","id":"b547689932","properties":{"key":"b547689932","name":"Gebaeude 547689932","kind":"building","height":13.2},"geometry":{"type":"Polygon","coordinates":[[[14.5108197,35.8968281],[14.5108271,35.8968206],[14.5108424,35.8968051],[14.5109934,35.8966523],[14.5110668,35.8967],[14.5109819,35.8967912],[14.5109518,35.8967715],[14.5109162,35.8968075],[14.5109474,35.8968281],[14.5109168,35.8968609],[14.5108879,35.8968421],[14.5108697,35.8968605],[14.510833,35.8968366],[14.5108197,35.8968281]]]}},{"type":"Feature","id":"b547689933","properties":{"key":"b547689933","name":"Gebaeude 547689933","kind":"building","height":13.2},"geometry":{"type":"Polygon","coordinates":[[[14.5108697,35.8968605],[14.5109299,35.8968995],[14.5109218,35.8969083],[14.5109568,35.8969296],[14.5109646,35.8969338],[14.5110844,35.8968036],[14.51114,35.896746],[14.5110668,35.8967],[14.5109819,35.8967912],[14.5109474,35.8968281],[14.5109168,35.8968609],[14.5108879,35.8968421],[14.5108697,35.8968605]]]}},{"type":"Feature","id":"b547689934","properties":{"key":"b547689934","name":"Gebaeude 547689934","kind":"building","height":13.2},"geometry":{"type":"Polygon","coordinates":[[[14.5107551,35.8970586],[14.5108007,35.897086],[14.5108524,35.8970298],[14.5108602,35.8970346],[14.5109568,35.8969296],[14.5109218,35.8969083],[14.5109034,35.8968974],[14.5107551,35.8970586]]]}},{"type":"Feature","id":"b547689935","properties":{"key":"b547689935","name":"Gebaeude 547689935","kind":"building","height":13.2},"geometry":{"type":"Polygon","coordinates":[[[14.5108007,35.897086],[14.5108524,35.8970298],[14.5108602,35.8970346],[14.5109568,35.8969296],[14.5109646,35.8969338],[14.5110032,35.8969562],[14.5109898,35.8969708],[14.5108515,35.8971218],[14.5108007,35.897086]]]}},{"type":"Feature","id":"b547689936","properties":{"key":"b547689936","name":"Gebaeude 547689936","kind":"building","height":13.2},"geometry":{"type":"Polygon","coordinates":[[[14.5109898,35.8969708],[14.5110032,35.8969562],[14.5109646,35.8969338],[14.5110844,35.8968036],[14.5112109,35.8968801],[14.5111938,35.8968987],[14.5112093,35.896908],[14.5112014,35.8969165],[14.5111923,35.8969265],[14.5111425,35.8968964],[14.511057,35.8969892],[14.5110438,35.8969812],[14.5110307,35.8969954],[14.5109898,35.8969708]]]}},{"type":"Feature","id":"b547689937","properties":{"key":"b547689937","name":"Gebaeude 547689937","kind":"building","height":13.2},"geometry":{"type":"Polygon","coordinates":[[[14.5110844,35.8968036],[14.5112109,35.8968801],[14.5112665,35.8969143],[14.5113127,35.8968655],[14.51114,35.896746],[14.5110844,35.8968036]]]}},{"type":"Feature","id":"b547689938","properties":{"key":"b547689938","name":"Gebaeude 547689938","kind":"building","height":13.2},"geometry":{"type":"Polygon","coordinates":[[[14.5108515,35.8971218],[14.5109782,35.8972092],[14.511026,35.8971589],[14.511139,35.897043],[14.5110573,35.8969899],[14.5110438,35.8969812],[14.5110307,35.8969954],[14.5109898,35.8969708],[14.5108515,35.8971218]]]}},{"type":"Feature","id":"b547689939","properties":{"key":"b547689939","name":"Gebaeude 547689939","kind":"building","height":13.2},"geometry":{"type":"Polygon","coordinates":[[[14.511139,35.897043],[14.5110573,35.8969899],[14.5111425,35.8968964],[14.5111923,35.8969265],[14.5112014,35.8969165],[14.5112382,35.8969388],[14.511139,35.897043]]]}},{"type":"Feature","id":"b547689940","properties":{"key":"b547689940","name":"Gebaeude 547689940","kind":"building","height":13.2},"geometry":{"type":"Polygon","coordinates":[[[14.5112382,35.8969388],[14.5112014,35.8969165],[14.5112093,35.896908],[14.5111938,35.8968987],[14.5112109,35.8968801],[14.5112665,35.8969143],[14.5112382,35.8969388]]]}},{"type":"Feature","id":"b547689943","properties":{"key":"b547689943","name":"Gebaeude 547689943","kind":"building","height":13.2},"geometry":{"type":"Polygon","coordinates":[[[14.5109178,35.89655],[14.5109641,35.8965035],[14.5110494,35.8965591],[14.5110031,35.8966057],[14.5109178,35.89655]]]}},{"type":"Feature","id":"b547689944","properties":{"key":"b547689944","name":"Gebaeude 547689944","kind":"building","height":13.2},"geometry":{"type":"Polygon","coordinates":[[[14.5110031,35.8966057],[14.5110526,35.8966384],[14.5110995,35.8965921],[14.5110494,35.8965591],[14.5110031,35.8966057]]]}},{"type":"Feature","id":"b547689945","properties":{"key":"b547689945","name":"Gebaeude 547689945","kind":"building","height":13.2},"geometry":{"type":"Polygon","coordinates":[[[14.5110526,35.8966384],[14.5111068,35.8966751],[14.5111535,35.8966274],[14.5111462,35.8966227],[14.5110995,35.8965921],[14.5110526,35.8966384]]]}},{"type":"Feature","id":"b547689946","properties":{"key":"b547689946","name":"Gebaeude 547689946","kind":"building","height":13.2},"geometry":{"type":"Polygon","coordinates":[[[14.5111068,35.8966751],[14.5111535,35.8966274],[14.5111462,35.8966227],[14.5111809,35.8965873],[14.511326,35.8966805],[14.5112446,35.8967636],[14.5111068,35.8966751]]]}},{"type":"Feature","id":"b547689947","properties":{"key":"b547689947","name":"Gebaeude 547689947","kind":"building","height":13.2},"geometry":{"type":"Polygon","coordinates":[[[14.5112446,35.8967636],[14.5113458,35.8968292],[14.5114515,35.8967226],[14.5113514,35.8966594],[14.5112446,35.8967636]]]}},{"type":"Feature","id":"b547689948","properties":{"key":"b547689948","name":"Gebaeude 547689948","kind":"building","height":13.2},"geometry":{"type":"Polygon","coordinates":[[[14.5114586,35.8965481],[14.5112698,35.8964292],[14.5112173,35.8963975],[14.5112643,35.8963517],[14.5115038,35.8965012],[14.5114586,35.8965481]]]}},{"type":"Feature","id":"b547689949","properties":{"key":"b547689949","name":"Gebaeude 547689949","kind":"building","height":13.2},"geometry":{"type":"Polygon","coordinates":[[[14.5111462,35.8966227],[14.5110494,35.8965591],[14.5110872,35.8965244],[14.5111384,35.8965595],[14.5111809,35.8965873],[14.5111462,35.8966227]]]}},{"type":"Feature","id":"b547689950","properties":{"key":"b547689950","name":"Gebaeude 547689950","kind":"building","height":13.2},"geometry":{"type":"Polygon","coordinates":[[[14.5111384,35.8965595],[14.5112698,35.8964292],[14.5112173,35.8963975],[14.5110872,35.8965244],[14.5111384,35.8965595]]]}},{"type":"Feature","id":"b547689951","properties":{"key":"b547689951","name":"Gebaeude 547689951","kind":"building","height":13.2},"geometry":{"type":"Polygon","coordinates":[[[14.5109641,35.8965035],[14.5110494,35.8965591],[14.5110872,35.8965244],[14.5109879,35.8964589],[14.5109726,35.8964742],[14.5109856,35.8964828],[14.5109641,35.8965035]]]}},{"type":"Feature","id":"b547689952","properties":{"key":"b547689952","name":"Gebaeude 547689952","kind":"building","height":13.2},"geometry":{"type":"Polygon","coordinates":[[[14.5110872,35.8965244],[14.5112173,35.8963975],[14.5112643,35.8963517],[14.5111545,35.8962804],[14.5110716,35.8963638],[14.5109879,35.8964589],[14.5110872,35.8965244]]]}},{"type":"Feature","id":"b551965357","properties":{"key":"b551965357","name":"Gebaeude 551965357","kind":"building","height":13.2},"geometry":{"type":"Polygon","coordinates":[[[14.5199394,35.9027664],[14.5199789,35.9027644],[14.5199814,35.9028011],[14.5199435,35.9028038],[14.5199394,35.9027664]]]}},{"type":"Feature","id":"b551965358","properties":{"key":"b551965358","name":"Gebaeude 551965358","kind":"building","height":13.2},"geometry":{"type":"Polygon","coordinates":[[[14.5199518,35.9026677],[14.519985,35.9026671],[14.519984,35.9026315],[14.5199508,35.9026321],[14.5199518,35.9026677]]]}},{"type":"Feature","id":"b552448487","properties":{"key":"b552448487","name":"Gebaeude 552448487","kind":"building","height":13.2},"geometry":{"type":"Polygon","coordinates":[[[14.5188344,35.9006201],[14.5188348,35.9005755],[14.5188749,35.9005758],[14.5188745,35.9006204],[14.5188344,35.9006201]]]}},{"type":"Feature","id":"b552448492","properties":{"key":"b552448492","name":"Gebaeude 552448492","kind":"building","height":13.2},"geometry":{"type":"Polygon","coordinates":[[[14.5190228,35.9017131],[14.518887,35.9017815],[14.5189914,35.9018747],[14.5191332,35.9018031],[14.5190228,35.9017131]]]}},{"type":"Feature","id":"b552448493","properties":{"key":"b552448493","name":"Gebaeude 552448493","kind":"building","height":13.2},"geometry":{"type":"Polygon","coordinates":[[[14.5192873,35.902098],[14.5192317,35.9020708],[14.5191224,35.9019646],[14.5192376,35.9019087],[14.519376,35.9020328],[14.5192873,35.902098]]]}},{"type":"Feature","id":"b552448494","properties":{"key":"b552448494","name":"Saint Anne's Chapel","kind":"building","height":13.2},"geometry":{"type":"Polygon","coordinates":[[[14.5191224,35.9019646],[14.5190962,35.9019454],[14.519068,35.9019544],[14.5189914,35.9018747],[14.5191332,35.9018031],[14.5192376,35.9019087],[14.5191224,35.9019646]]]}},{"type":"Feature","id":"b552448496","properties":{"key":"b552448496","name":"Gebaeude 552448496","kind":"building","height":13.2},"geometry":{"type":"Polygon","coordinates":[[[14.5187167,35.9026039],[14.519059,35.9028739],[14.5192059,35.902833],[14.5192353,35.9024958],[14.5192532,35.9023465],[14.5190052,35.9023399],[14.518738,35.9025627],[14.5187167,35.9026039]]]}},{"type":"Feature","id":"b552448497","properties":{"key":"b552448497","name":"Gebaeude 552448497","kind":"building","height":13.2},"geometry":{"type":"Polygon","coordinates":[[[14.5189969,35.9026551],[14.5190644,35.9026121],[14.5191624,35.9027033],[14.5191003,35.9027397],[14.5189969,35.9026551]]]}},{"type":"Feature","id":"b552448498","properties":{"key":"b552448498","name":"Gebaeude 552448498","kind":"building","height":13.2},"geometry":{"type":"Polygon","coordinates":[[[14.518842,35.9000187],[14.5189115,35.8999908],[14.5187719,35.8997622],[14.5187024,35.8997901],[14.518842,35.9000187]]]}},{"type":"Feature","id":"b552448499","properties":{"key":"b552448499","name":"Gebaeude 552448499","kind":"building","height":13.2},"geometry":{"type":"Polygon","coordinates":[[[14.5184585,35.8997749],[14.5184369,35.8996926],[14.5186677,35.899653],[14.5186892,35.8997352],[14.5184585,35.8997749]]]}},{"type":"Feature","id":"w552452014-0","properties":{"key":"w552452014-0","name":"Bastion / Stadtmauer 552452014","kind":"wall","height":22},"geometry":{"type":"Polygon","coordinates":[[[14.51852937368944,35.90147949600022],[14.51855847368944,35.901520496000224],[14.518606526310561,35.90149810399978],[14.51857742631056,35.901457103999775],[14.51852937368944,35.90147949600022]]]}},{"type":"Feature","id":"w552452014-1","properties":{"key":"w552452014-1","name":"Bastion / Stadtmauer 552452014","kind":"wall","height":22},"geometry":{"type":"Polygon","coordinates":[[[14.51855996010066,35.901496231166064],[14.51854636010066,35.901511631166066],[14.51859143989934,35.90153776883394],[14.518605039899342,35.90152236883394],[14.51855996010066,35.901496231166064]]]}},{"type":"Feature","id":"w552452014-2","properties":{"key":"w552452014-2","name":"Bastion / Stadtmauer 552452014","kind":"wall","height":22},"geometry":{"type":"Polygon","coordinates":[[[14.518546360919999,35.90151163023834],[14.51853426092,35.901525330238336],[14.518579339080002,35.901551469761664],[14.518591439080001,35.90153776976167],[14.518546360919999,35.90151163023834]]]}},{"type":"Feature","id":"w552452014-3","properties":{"key":"w552452014-3","name":"Bastion / Stadtmauer 552452014","kind":"wall","height":22},"geometry":{"type":"Polygon","coordinates":[[[14.518544612606187,35.90155857010287],[14.518611412606186,35.90158507010287],[14.518635787393814,35.901544729897125],[14.518568987393815,35.90151822989713],[14.518544612606187,35.90155857010287]]]}},{"type":"Feature","id":"w552452014-4","properties":{"key":"w552452014-4","name":"Bastion / Stadtmauer 552452014","kind":"wall","height":22},"geometry":{"type":"Polygon","coordinates":[[[14.518608636759222,35.90154599625364],[14.518453736759222,35.90162649625364],[14.518483663240778,35.90166430374636],[14.518638563240778,35.901583803746355],[14.518608636759222,35.90154599625364]]]}},{"type":"Feature","id":"w552452014-5","properties":{"key":"w552452014-5","name":"Bastion / Stadtmauer 552452014","kind":"wall","height":22},"geometry":{"type":"Polygon","coordinates":[[[14.518483421409092,35.901626372000045],[14.518382821409093,35.901575272000045],[14.518353378590907,35.901613327999954],[14.518453978590907,35.901664427999954],[14.518483421409092,35.901626372000045]]]}},{"type":"Feature","id":"w552452014-6","properties":{"key":"w552452014-6","name":"Bastion / Stadtmauer 552452014","kind":"wall","height":22},"geometry":{"type":"Polygon","coordinates":[[[14.518394671669931,35.90160068698184],[14.518412171669931,35.90155288698184],[14.51835902833007,35.901540113018164],[14.518341528330069,35.90158791301816],[14.518394671669931,35.90160068698184]]]}},{"type":"Feature","id":"w552452014-7","properties":{"key":"w552452014-7","name":"Bastion / Stadtmauer 552452014","kind":"wall","height":22},"geometry":{"type":"Polygon","coordinates":[[[14.518390947822315,35.90152446423144],[14.517854347822315,35.90143896423144],[14.517843652177685,35.90148303576856],[14.518380252177685,35.90156853576856],[14.518390947822315,35.90152446423144]]]}},{"type":"Feature","id":"w552452014-8","properties":{"key":"w552452014-8","name":"Bastion / Stadtmauer 552452014","kind":"wall","height":22},"geometry":{"type":"Polygon","coordinates":[[[14.51782996882527,35.90144467334977],[14.517800568825269,35.90146717334977],[14.51783863117473,35.90149982665022],[14.51786803117473,35.90147732665022],[14.51782996882527,35.90144467334977]]]}},{"type":"Feature","id":"w552452014-9","properties":{"key":"w552452014-9","name":"Bastion / Stadtmauer 552452014","kind":"wall","height":22},"geometry":{"type":"Polygon","coordinates":[[[14.517798343774029,35.90149791199199],[14.518158443774029,35.90184661199199],[14.51820095622597,35.90181778800801],[14.51784085622597,35.90146908800801],[14.517798343774029,35.90149791199199]]]}},{"type":"Feature","id":"w552452014-10","properties":{"key":"w552452014-10","name":"Bastion / Stadtmauer 552452014","kind":"wall","height":22},"geometry":{"type":"Polygon","coordinates":[[[14.518156775903588,35.90184482245631],[14.518209275903589,35.90190742245631],[14.518255124096411,35.90188217754369],[14.51820262409641,35.90181957754369],[14.518156775903588,35.90184482245631]]]}},{"type":"Feature","id":"w552452014-11","properties":{"key":"w552452014-11","name":"Bastion / Stadtmauer 552452014","kind":"wall","height":22},"geometry":{"type":"Polygon","coordinates":[[[14.518204597543347,35.90189683238441],[14.518271897543347,35.90249693238441],[14.518327102456652,35.90249286761559],[14.518259802456653,35.90189276761559],[14.518204597543347,35.90189683238441]]]}},{"type":"Feature","id":"w552452014-12","properties":{"key":"w552452014-12","name":"Bastion / Stadtmauer 552452014","kind":"wall","height":22},"geometry":{"type":"Polygon","coordinates":[[[14.518295734589593,35.90251714956417],[14.518320934589594,35.902519949564166],[14.518328465410407,35.90247545043583],[14.518303265410406,35.90247265043583],[14.518295734589593,35.90251714956417]]]}},{"type":"Feature","id":"w552452014-13","properties":{"key":"w552452014-13","name":"Bastion / Stadtmauer 552452014","kind":"wall","height":22},"geometry":{"type":"Polygon","coordinates":[[[14.518347996786511,35.90250986620973],[14.51843469678651,35.90240086620974],[14.51838810321349,35.90237653379027],[14.51830140321349,35.90248553379026],[14.518347996786511,35.90250986620973]]]}},{"type":"Feature","id":"w552452014-14","properties":{"key":"w552452014-14","name":"Bastion / Stadtmauer 552452014","kind":"wall","height":22},"geometry":{"type":"Polygon","coordinates":[[[14.518393208937422,35.90240564374025],[14.518698508937423,35.90262084374025],[14.518734891062579,35.90258695625975],[14.518429591062578,35.902371756259754],[14.518393208937422,35.90240564374025]]]}},{"type":"Feature","id":"w552452014-15","properties":{"key":"w552452014-15","name":"Bastion / Stadtmauer 552452014","kind":"wall","height":22},"geometry":{"type":"Polygon","coordinates":[[[14.518697366888233,35.90261999205753],[14.519039666888233,35.90288999205753],[14.519078333111768,35.902857807942475],[14.518736033111768,35.902587807942474],[14.518697366888233,35.90261999205753]]]}},{"type":"Feature","id":"w552452014-16","properties":{"key":"w552452014-16","name":"Bastion / Stadtmauer 552452014","kind":"wall","height":22},"geometry":{"type":"Polygon","coordinates":[[[14.519068006733573,35.90289513892267],[14.519214906733572,35.90285423892267],[14.519196893266427,35.90281176107733],[14.519049993266428,35.90285266107733],[14.519068006733573,35.90289513892267]]]}},{"type":"Feature","id":"w552452014-17","properties":{"key":"w552452014-17","name":"Bastion / Stadtmauer 552452014","kind":"wall","height":22},"geometry":{"type":"Polygon","coordinates":[[[14.519221610531206,35.90285150140763],[14.519369410531207,35.90276910140763],[14.519337989468793,35.90273209859237],[14.519190189468793,35.90281449859237],[14.519221610531206,35.90285150140763]]]}},{"type":"Feature","id":"w552452014-18","properties":{"key":"w552452014-18","name":"Bastion / Stadtmauer 552452014","kind":"wall","height":22},"geometry":{"type":"Polygon","coordinates":[[[14.519381134241154,35.9027537951412],[14.519420834241155,35.9025299951412],[14.519365965758846,35.90252360485879],[14.519326265758846,35.90274740485879],[14.519381134241154,35.9027537951412]]]}},{"type":"Feature","id":"w552452014-19","properties":{"key":"w552452014-19","name":"Bastion / Stadtmauer 552452014","kind":"wall","height":22},"geometry":{"type":"Polygon","coordinates":[[[14.519421072383146,35.902528062106114],[14.519450172383145,35.902109162106115],[14.519394827616853,35.90210663789388],[14.519365727616854,35.90252553789388],[14.519421072383146,35.902528062106114]]]}},{"type":"Feature","id":"w552452014-20","properties":{"key":"w552452014-20","name":"Bastion / Stadtmauer 552452014","kind":"wall","height":22},"geometry":{"type":"Polygon","coordinates":[[[14.519425228721953,35.90208555132563],[14.519351628721955,35.90207965132563],[14.519346171278046,35.90212434867437],[14.519419771278045,35.90213024867437],[14.519425228721953,35.90208555132563]]]}},{"type":"Feature","id":"w552452014-21","properties":{"key":"w552452014-21","name":"Bastion / Stadtmauer 552452014","kind":"wall","height":22},"geometry":{"type":"Polygon","coordinates":[[[14.5193762568345,35.90210560464644],[14.519382056834498,35.90207670464644],[14.5193273431655,35.902069495353565],[14.519321543165502,35.90209839535356],[14.5193762568345,35.90210560464644]]]}},{"type":"Feature","id":"w552452014-22","properties":{"key":"w552452014-22","name":"Bastion / Stadtmauer 552452014","kind":"wall","height":22},"geometry":{"type":"Polygon","coordinates":[[[14.519354097775397,35.9020955524774],[14.519433597775397,35.90209695247739],[14.519434802224602,35.9020520475226],[14.519355302224602,35.90205064752261],[14.519354097775397,35.9020955524774]]]}},{"type":"Feature","id":"w552452014-23","properties":{"key":"w552452014-23","name":"Bastion / Stadtmauer 552452014","kind":"wall","height":22},"geometry":{"type":"Polygon","coordinates":[[[14.519458195861594,35.90206326120813],[14.519301895861595,35.90184416120813],[14.519253904138406,35.90186663879187],[14.519410204138405,35.90208573879187],[14.519458195861594,35.90206326120813]]]}},{"type":"Feature","id":"w552452014-24","properties":{"key":"w552452014-24","name":"Bastion / Stadtmauer 552452014","kind":"wall","height":22},"geometry":{"type":"Polygon","coordinates":[[[14.51930221423076,35.90184461981269],[14.51913541423076,35.90159761981269],[14.51908678576924,35.90161918018731],[14.51925358576924,35.90186618018731],[14.51930221423076,35.90184461981269]]]}},{"type":"Feature","id":"w552452014-25","properties":{"key":"w552452014-25","name":"Bastion / Stadtmauer 552452014","kind":"wall","height":22},"geometry":{"type":"Polygon","coordinates":[[[14.51913880072719,35.90160914997382],[14.519139200727189,35.90159944997382],[14.51908379927281,35.90159795002618],[14.51908339927281,35.90160765002618],[14.51913880072719,35.90160914997382]]]}},{"type":"Feature","id":"w552452014-26","properties":{"key":"w552452014-26","name":"Bastion / Stadtmauer 552452014","kind":"wall","height":22},"geometry":{"type":"Polygon","coordinates":[[[14.519131696380468,35.90158331982169],[14.519037396380469,35.90150201982169],[14.518997003619532,35.901532780178314],[14.51909130361953,35.90161408017831],[14.519131696380468,35.90158331982169]]]}},{"type":"Feature","id":"w552452016-0","properties":{"key":"w552452016-0","name":"Bastion / Stadtmauer 552452016","kind":"wall","height":22},"geometry":{"type":"Polygon","coordinates":[[[14.519044540132263,35.90151371309435],[14.519030840132263,35.90144701309435],[14.518976159867737,35.90145438690565],[14.518989859867737,35.90152108690565],[14.519044540132263,35.90151371309435]]]}},{"type":"Feature","id":"w552452016-1","properties":{"key":"w552452016-1","name":"Bastion / Stadtmauer 552452016","kind":"wall","height":22},"geometry":{"type":"Polygon","coordinates":[[[14.519030989949465,35.90144783642457],[14.518994989949466,35.90122093642457],[14.518940010050535,35.90122666357542],[14.518976010050535,35.90145356357542],[14.519030989949465,35.90144783642457]]]}},{"type":"Feature","id":"w552452016-2","properties":{"key":"w552452016-2","name":"Bastion / Stadtmauer 552452016","kind":"wall","height":22},"geometry":{"type":"Polygon","coordinates":[[[14.51899418681798,35.901217736405215],[14.51894528681798,35.90107643640522],[14.518891913182019,35.90108856359478],[14.51894081318202,35.90122986359478],[14.51899418681798,35.901217736405215]]]}},{"type":"Feature","id":"w552452016-3","properties":{"key":"w552452016-3","name":"Bastion / Stadtmauer 552452016","kind":"wall","height":22},"geometry":{"type":"Polygon","coordinates":[[[14.51891656035382,35.901060103113814],[14.51884966035382,35.90106410311381],[14.51885373964618,35.901108896886186],[14.51892063964618,35.90110489688619],[14.51891656035382,35.901060103113814]]]}},{"type":"Feature","id":"w552452016-4","properties":{"key":"w552452016-4","name":"Bastion / Stadtmauer 552452016","kind":"wall","height":22},"geometry":{"type":"Polygon","coordinates":[[[14.518828233385523,35.90107454999883],[14.518548233385523,35.90143554999884],[14.518595166614478,35.90145945000117],[14.518875166614478,35.901098450001165],[14.518828233385523,35.90107454999883]]]}},{"type":"Feature","id":"w552452016-5","properties":{"key":"w552452016-5","name":"Bastion / Stadtmauer 552452016","kind":"wall","height":22},"geometry":{"type":"Polygon","coordinates":[[[14.518549131497949,35.90143446361527],[14.518530831497948,35.90145526361526],[14.518575968502052,35.901481336384734],[14.518594268502053,35.90146053638474],[14.518549131497949,35.90143446361527]]]}},{"type":"Feature","id":"w552452017-0","properties":{"key":"w552452017-0","name":"Bastion / Stadtmauer 552452017","kind":"wall","height":22},"geometry":{"type":"Polygon","coordinates":[[[14.518875644875793,35.90109780996205],[14.518969744875792,35.90096700996205],[14.518921855124207,35.90094439003794],[14.518827755124208,35.90107519003794],[14.518875644875793,35.90109780996205]]]}},{"type":"Feature","id":"w552452017-1","properties":{"key":"w552452017-1","name":"Bastion / Stadtmauer 552452017","kind":"wall","height":22},"geometry":{"type":"Polygon","coordinates":[[[14.518969404686368,35.90096747010933],[14.51903350468637,35.90088307010933],[14.518986295313631,35.90085952989067],[14.51892219531363,35.900943929890666],[14.518969404686368,35.90096747010933]]]}},{"type":"Feature","id":"b553336257","properties":{"key":"b553336257","name":"Hotel Osborne","kind":"building","height":13.2},"geometry":{"type":"Polygon","coordinates":[[[14.5087103,35.8985833],[14.5088913,35.8986886],[14.5089187,35.8986576],[14.5089504,35.898676],[14.5090088,35.8986101],[14.5087962,35.8984864],[14.5087103,35.8985833]]]}},{"type":"Feature","id":"w553845210-0","properties":{"key":"w553845210-0","name":"Bastion / Stadtmauer 553845210","kind":"wall","height":22},"geometry":{"type":"Polygon","coordinates":[[[14.519016381345343,35.90089751638478],[14.518957781345344,35.90097731638478],[14.519005418654656,35.90100028361522],[14.519064018654655,35.90092048361522],[14.519016381345343,35.90089751638478]]]}},{"type":"Feature","id":"w553845210-1","properties":{"key":"w553845210-1","name":"Bastion / Stadtmauer 553845210","kind":"wall","height":22},"geometry":{"type":"Polygon","coordinates":[[[14.518957261352975,35.90097805604772],[14.518894261352974,35.90107175604772],[14.518942938647024,35.90109324395228],[14.519005938647025,35.90099954395228],[14.518957261352975,35.90097805604772]]]}},{"type":"Feature","id":"b553845215","properties":{"key":"b553845215","name":"Gebaeude 553845215","kind":"building","height":13.2},"geometry":{"type":"Polygon","coordinates":[[[14.5184211,35.9018936],[14.5188083,35.9017602],[14.5187766,35.9016871],[14.5183805,35.9018125],[14.5184211,35.9018936]]]}},{"type":"Feature","id":"w691707081-0","properties":{"key":"w691707081-0","name":"Bastion / Stadtmauer 691707081","kind":"wall","height":22},"geometry":{"type":"Polygon","coordinates":[[[14.507106777582326,35.89700623750028],[14.507243177582327,35.89700153750028],[14.507240822417673,35.896956662499726],[14.507104422417672,35.896961362499724],[14.507106777582326,35.89700623750028]]]}},{"type":"Feature","id":"w691707081-1","properties":{"key":"w691707081-1","name":"Bastion / Stadtmauer 691707081","kind":"wall","height":22},"geometry":{"type":"Polygon","coordinates":[[[14.507245080176167,35.89700141866623],[14.507427180176167,35.89698491866623],[14.507421019823832,35.89694028133378],[14.507238919823832,35.89695678133378],[14.507245080176167,35.89700141866623]]]}},{"type":"Feature","id":"w691707081-2","properties":{"key":"w691707081-2","name":"Bastion / Stadtmauer 691707081","kind":"wall","height":22},"geometry":{"type":"Polygon","coordinates":[[[14.507428565272141,35.89698476441211],[14.507516265272141,35.89697316441211],[14.507507334727858,35.89692883558789],[14.507419634727858,35.896940435587894],[14.507428565272141,35.89698476441211]]]}},{"type":"Feature","id":"b699723936","properties":{"key":"b699723936","name":"Central Bank of Malta - Laparelli Building","kind":"building","height":9.899999999999999},"geometry":{"type":"Polygon","coordinates":[[[14.508919,35.8951321],[14.5090721,35.8952261],[14.5091164,35.8951144],[14.5092111,35.8948829],[14.5092413,35.8948197],[14.5089377,35.89476],[14.508919,35.8951321]]]}},{"type":"Feature","id":"b730421907","properties":{"key":"b730421907","name":"Gebaeude 730421907","kind":"building","height":13.2},"geometry":{"type":"Polygon","coordinates":[[[14.5098442,35.8984105],[14.509883,35.8983692],[14.5097741,35.8983021],[14.5097353,35.8983435],[14.5097195,35.8983337],[14.5096889,35.8983663],[14.5097047,35.8983761],[14.5098136,35.8984431],[14.5098442,35.8984105]]]}},{"type":"Feature","id":"b730421908","properties":{"key":"b730421908","name":"Gebaeude 730421908","kind":"building","height":13.2},"geometry":{"type":"Polygon","coordinates":[[[14.5096889,35.8983663],[14.5097195,35.8983337],[14.5097811,35.8982681],[14.509751,35.8982495],[14.5097306,35.8982712],[14.5096584,35.8982267],[14.5096224,35.8982639],[14.5095886,35.8983022],[14.5096889,35.8983663]]]}},{"type":"Feature","id":"b730421909","properties":{"key":"b730421909","name":"Gebaeude 730421909","kind":"building","height":13.2},"geometry":{"type":"Polygon","coordinates":[[[14.5095887,35.8981284],[14.5096148,35.8981006],[14.5096376,35.8980763],[14.5096059,35.8980568],[14.5095831,35.8980811],[14.5094228,35.8979823],[14.5093968,35.8980101],[14.509557,35.8981088],[14.5095887,35.8981284]]]}},{"type":"Feature","id":"b730421910","properties":{"key":"b730421910","name":"Gebaeude 730421910","kind":"building","height":13.2},"geometry":{"type":"Polygon","coordinates":[[[14.5096969,35.8979598],[14.5096059,35.8980568],[14.5096376,35.8980763],[14.5096886,35.8981077],[14.5096988,35.8980969],[14.5097463,35.8981262],[14.50976,35.8981116],[14.5097762,35.8980944],[14.509806,35.8980626],[14.5098288,35.898041],[14.5097626,35.8980003],[14.5096969,35.8979598]]]}},{"type":"Feature","id":"b730421911","properties":{"key":"b730421911","name":"Gebaeude 730421911","kind":"building","height":13.2},"geometry":{"type":"Polygon","coordinates":[[[14.5094334,35.898146],[14.5094004,35.8981812],[14.509399,35.8981826],[14.5095886,35.8983022],[14.5096224,35.8982639],[14.5095988,35.8982479],[14.5094334,35.898146]]]}},{"type":"Feature","id":"b730421912","properties":{"key":"b730421912","name":"Gebaeude 730421912","kind":"building","height":13.2},"geometry":{"type":"Polygon","coordinates":[[[14.5099442,35.8983041],[14.5098309,35.8982343],[14.5097698,35.8982995],[14.5097741,35.8983021],[14.509883,35.8983692],[14.5099442,35.8983041]]]}},{"type":"Feature","id":"b730421913","properties":{"key":"b730421913","name":"Gebaeude 730421913","kind":"building","height":13.2},"geometry":{"type":"Polygon","coordinates":[[[14.5098247,35.8982305],[14.5098717,35.8981804],[14.50976,35.8981116],[14.5097463,35.8981262],[14.5097181,35.8981588],[14.5097142,35.8981634],[14.5098247,35.8982305]]]}},{"type":"Feature","id":"b730421914","properties":{"key":"b730421914","name":"Gebaeude 730421914","kind":"building","height":13.2},"geometry":{"type":"Polygon","coordinates":[[[14.5100073,35.8982368],[14.5098879,35.8981632],[14.5098717,35.8981804],[14.5098247,35.8982305],[14.5098309,35.8982343],[14.5099442,35.8983041],[14.5100073,35.8982368]]]}},{"type":"Feature","id":"b730421915","properties":{"key":"b730421915","name":"Gebaeude 730421915","kind":"building","height":13.2},"geometry":{"type":"Polygon","coordinates":[[[14.5100372,35.898205],[14.5098951,35.8981175],[14.509806,35.8980626],[14.5097762,35.8980944],[14.5098879,35.8981632],[14.5100073,35.8982368],[14.5100372,35.898205]]]}},{"type":"Feature","id":"b730421916","properties":{"key":"b730421916","name":"Gebaeude 730421916","kind":"building","height":13.2},"geometry":{"type":"Polygon","coordinates":[[[14.5100903,35.8981485],[14.5100423,35.8981189],[14.5099483,35.8980609],[14.5098951,35.8981175],[14.5100372,35.898205],[14.5100903,35.8981485]]]}},{"type":"Feature","id":"b730421917","properties":{"key":"b730421917","name":"Gebaeude 730421917","kind":"building","height":13.2},"geometry":{"type":"Polygon","coordinates":[[[14.510122,35.898034],[14.5100722,35.8980871],[14.5100423,35.8981189],[14.5100903,35.8981485],[14.51017,35.8980636],[14.510122,35.898034]]]}},{"type":"Feature","id":"b730421918","properties":{"key":"b730421918","name":"Gebaeude 730421918","kind":"building","height":13.2},"geometry":{"type":"Polygon","coordinates":[[[14.5099716,35.8979414],[14.5099218,35.8979944],[14.5100722,35.8980871],[14.510122,35.898034],[14.5099716,35.8979414]]]}},{"type":"Feature","id":"b730421919","properties":{"key":"b730421919","name":"Gebaeude 730421919","kind":"building","height":13.2},"geometry":{"type":"Polygon","coordinates":[[[14.509617,35.8981833],[14.5096439,35.8981998],[14.5096665,35.8982138],[14.5097142,35.8981634],[14.5097181,35.8981588],[14.5096686,35.8981283],[14.509617,35.8981833]]]}},{"type":"Feature","id":"b730421920","properties":{"key":"b730421920","name":"Gebaeude 730421920","kind":"building","height":13.2},"geometry":{"type":"Polygon","coordinates":[[[14.5094785,35.8980979],[14.5094334,35.898146],[14.5095988,35.8982479],[14.5096439,35.8981998],[14.509617,35.8981833],[14.5094785,35.8980979]]]}},{"type":"Feature","id":"b730422129","properties":{"key":"b730422129","name":"Saint Andrew's Scots Church","kind":"building","height":13.2},"geometry":{"type":"Polygon","coordinates":[[[14.5096792,35.8976232],[14.5098442,35.8977221],[14.5099321,35.8976257],[14.5097672,35.8975269],[14.5097441,35.8975522],[14.5097025,35.8975273],[14.509664,35.8975695],[14.5097056,35.8975944],[14.5096792,35.8976232]]]}},{"type":"Feature","id":"b730422131","properties":{"key":"b730422131","name":"Gebaeude 730422131","kind":"building","height":13.2},"geometry":{"type":"Polygon","coordinates":[[[14.5102609,35.897561],[14.5101944,35.8976389],[14.5100926,35.8977444],[14.5099964,35.8978454],[14.5102318,35.8979922],[14.51049,35.8977079],[14.5102609,35.897561]]]}},{"type":"Feature","id":"b730422132","properties":{"key":"b730422132","name":"Gebaeude 730422132","kind":"building","height":13.2},"geometry":{"type":"Polygon","coordinates":[[[14.5101064,35.8974615],[14.5100335,35.8975405],[14.5100906,35.8975763],[14.5101944,35.8976389],[14.5102609,35.897561],[14.5101064,35.8974615]]]}},{"type":"Feature","id":"b730422133","properties":{"key":"b730422133","name":"Gebaeude 730422133","kind":"building","height":13.2},"geometry":{"type":"Polygon","coordinates":[[[14.5097939,35.8974147],[14.5097369,35.8974798],[14.5098347,35.8975385],[14.5098727,35.8974978],[14.5099019,35.8975156],[14.5099119,35.8975049],[14.5099217,35.8974944],[14.5097939,35.8974147]]]}},{"type":"Feature","id":"b730422134","properties":{"key":"b730422134","name":"Gebaeude 730422134","kind":"building","height":13.2},"geometry":{"type":"Polygon","coordinates":[[[14.5099217,35.8974944],[14.5099119,35.8975049],[14.5100105,35.8975652],[14.5100212,35.8975537],[14.5100335,35.8975405],[14.5101064,35.8974615],[14.5100158,35.8973934],[14.5098839,35.8973199],[14.5098259,35.8973803],[14.5097939,35.8974147],[14.5099217,35.8974944]]]}},{"type":"Feature","id":"b730422135","properties":{"key":"b730422135","name":"Gebaeude 730422135","kind":"building","height":13.2},"geometry":{"type":"Polygon","coordinates":[[[14.509856,35.8977594],[14.5099909,35.8978419],[14.5100857,35.8977401],[14.5099509,35.8976576],[14.509856,35.8977594]]]}},{"type":"Feature","id":"b730422562","properties":{"key":"b730422562","name":"Gebaeude 730422562","kind":"building","height":13.2},"geometry":{"type":"Polygon","coordinates":[[[14.5166352,35.8994161],[14.5166661,35.899383],[14.5166335,35.899363],[14.5166215,35.8993759],[14.5166121,35.8993701],[14.5165931,35.8993904],[14.5166352,35.8994161]]]}},{"type":"Feature","id":"b730422563","properties":{"key":"b730422563","name":"Gebaeude 730422563","kind":"building","height":13.2},"geometry":{"type":"Polygon","coordinates":[[[14.5167823,35.8990336],[14.5166862,35.8989749],[14.516653,35.8990105],[14.5166302,35.8990349],[14.5167263,35.8990937],[14.5167006,35.8991213],[14.5167228,35.8991333],[14.5168204,35.8991946],[14.5169021,35.8991069],[14.5167844,35.8990349],[14.5167823,35.8990336]]]}},{"type":"Feature","id":"b730422564","properties":{"key":"b730422564","name":"Gebaeude 730422564","kind":"building","height":13.2},"geometry":{"type":"Polygon","coordinates":[[[14.5165646,35.8991387],[14.5165987,35.899161],[14.5166404,35.8991165],[14.5166641,35.899131],[14.5166878,35.8991055],[14.5165956,35.8990491],[14.5165718,35.8990746],[14.5166053,35.899095],[14.516598,35.8991028],[14.5165646,35.8991387]]]}},{"type":"Feature","id":"b730422565","properties":{"key":"b730422565","name":"Gebaeude 730422565","kind":"building","height":13.2},"geometry":{"type":"Polygon","coordinates":[[[14.5164973,35.899332],[14.5165522,35.8993656],[14.5165832,35.8993323],[14.5165283,35.8992987],[14.5164973,35.899332]]]}},{"type":"Feature","id":"b730422566","properties":{"key":"b730422566","name":"Gebaeude 730422566","kind":"building","height":13.2},"geometry":{"type":"Polygon","coordinates":[[[14.5167112,35.8994106],[14.5166661,35.899383],[14.5166352,35.8994161],[14.5166803,35.8994437],[14.5167112,35.8994106]]]}},{"type":"Feature","id":"b730422567","properties":{"key":"b730422567","name":"Gebaeude 730422567","kind":"building","height":13.2},"geometry":{"type":"Polygon","coordinates":[[[14.5167621,35.8993559],[14.5166409,35.8992818],[14.5165899,35.8993364],[14.5166335,35.899363],[14.5166661,35.899383],[14.5167112,35.8994106],[14.5167621,35.8993559]]]}},{"type":"Feature","id":"b730422568","properties":{"key":"b730422568","name":"Gebaeude 730422568","kind":"building","height":13.2},"geometry":{"type":"Polygon","coordinates":[[[14.5168249,35.8993139],[14.5166657,35.8992165],[14.516618,35.8992678],[14.5166409,35.8992818],[14.5167621,35.8993559],[14.5167772,35.8993651],[14.5168249,35.8993139]]]}},{"type":"Feature","id":"b730422569","properties":{"key":"b730422569","name":"Gebaeude 730422569","kind":"building","height":13.2},"geometry":{"type":"Polygon","coordinates":[[[14.5168601,35.8992761],[14.516688,35.8991709],[14.516653,35.8992088],[14.5166657,35.8992165],[14.5168249,35.8993139],[14.5168601,35.8992761]]]}},{"type":"Feature","id":"b730422570","properties":{"key":"b730422570","name":"Gebaeude 730422570","kind":"building","height":13.2},"geometry":{"type":"Polygon","coordinates":[[[14.516895,35.8992386],[14.5168204,35.8991946],[14.5167228,35.8991333],[14.516688,35.8991709],[14.5168601,35.8992761],[14.516895,35.8992386]]]}},{"type":"Feature","id":"b730422571","properties":{"key":"b730422571","name":"Gebaeude 730422571","kind":"building","height":13.2},"geometry":{"type":"Polygon","coordinates":[[[14.5169021,35.8991069],[14.5168204,35.8991946],[14.516895,35.8992386],[14.5169758,35.899152],[14.5169021,35.8991069]]]}},{"type":"Feature","id":"b730422572","properties":{"key":"b730422572","name":"Gebaeude 730422572","kind":"building","height":13.2},"geometry":{"type":"Polygon","coordinates":[[[14.5164973,35.899332],[14.5165283,35.8992987],[14.5165832,35.8993323],[14.5165899,35.8993364],[14.5166409,35.8992818],[14.516618,35.8992678],[14.5165792,35.8992441],[14.5165417,35.8992211],[14.5164028,35.8993703],[14.5164402,35.8993932],[14.5165061,35.8994334],[14.5165632,35.8993721],[14.5165522,35.8993656],[14.5164973,35.899332]]]}},{"type":"Feature","id":"b730422573","properties":{"key":"b730422573","name":"Gebaeude 730422573","kind":"building","height":13.2},"geometry":{"type":"Polygon","coordinates":[[[14.5164366,35.8989534],[14.5164065,35.8989857],[14.5163731,35.8990216],[14.5165159,35.8991089],[14.5165646,35.8991387],[14.516598,35.8991028],[14.5164898,35.8990367],[14.5165199,35.8990043],[14.5164366,35.8989534]]]}},{"type":"Feature","id":"b730422574","properties":{"key":"b730422574","name":"Gebaeude 730422574","kind":"building","height":13.2},"geometry":{"type":"Polygon","coordinates":[[[14.5165199,35.8990043],[14.5165282,35.8990094],[14.5165639,35.8990312],[14.5165873,35.8990061],[14.5165643,35.8989917],[14.5165913,35.8989627],[14.5165789,35.8989551],[14.5165473,35.8989358],[14.5165779,35.8989029],[14.5165179,35.8988662],[14.5164366,35.8989534],[14.5165199,35.8990043]]]}},{"type":"Feature","id":"b730422575","properties":{"key":"b730422575","name":"Gebaeude 730422575","kind":"building","height":13.2},"geometry":{"type":"Polygon","coordinates":[[[14.5165061,35.8994334],[14.5166253,35.8995064],[14.5166825,35.899445],[14.5166803,35.8994437],[14.5166352,35.8994161],[14.5165931,35.8993904],[14.5165632,35.8993721],[14.5165061,35.8994334]]]}},{"type":"Feature","id":"b730422576","properties":{"key":"b730422576","name":"Gebaeude 730422576","kind":"building","height":13.2},"geometry":{"type":"Polygon","coordinates":[[[14.5163197,35.8993195],[14.5164028,35.8993703],[14.5165417,35.8992211],[14.5165987,35.899161],[14.5165646,35.8991387],[14.5165159,35.8991089],[14.5163197,35.8993195]]]}},{"type":"Feature","id":"b730422577","properties":{"key":"b730422577","name":"Gebaeude 730422577","kind":"building","height":13.2},"geometry":{"type":"Polygon","coordinates":[[[14.5161769,35.8992321],[14.5163197,35.8993195],[14.5165159,35.8991089],[14.5163731,35.8990216],[14.5161769,35.8992321]]]}},{"type":"Feature","id":"b730425510","properties":{"key":"b730425510","name":"Gebaeude 730425510","kind":"building","height":13.2},"geometry":{"type":"Polygon","coordinates":[[[14.5159967,35.8990195],[14.5160696,35.899065],[14.5160996,35.8990837],[14.5161286,35.8990532],[14.5160701,35.8990167],[14.5160961,35.8989895],[14.5161114,35.8989733],[14.5161401,35.8989912],[14.5161805,35.8989487],[14.5161334,35.8989193],[14.5161127,35.8989411],[14.5160866,35.8989249],[14.5160516,35.8989617],[14.5159967,35.8990195]]]}},{"type":"Feature","id":"b730425511","properties":{"key":"b730425511","name":"Gebaeude 730425511","kind":"building","height":13.2},"geometry":{"type":"Polygon","coordinates":[[[14.516033,35.8986447],[14.5160775,35.8986725],[14.5161339,35.8986132],[14.5160894,35.8985854],[14.516033,35.8986447]]]}},{"type":"Feature","id":"b730425512","properties":{"key":"b730425512","name":"Gebaeude 730425512","kind":"building","height":13.2},"geometry":{"type":"Polygon","coordinates":[[[14.5160894,35.8985854],[14.516029,35.8985477],[14.5159726,35.8986071],[14.516033,35.8986447],[14.5160894,35.8985854]]]}},{"type":"Feature","id":"b730425513","properties":{"key":"b730425513","name":"Gebaeude 730425513","kind":"building","height":13.2},"geometry":{"type":"Polygon","coordinates":[[[14.5158055,35.898699],[14.5157236,35.8987851],[14.5157771,35.8988184],[14.5157991,35.8988322],[14.515881,35.8987461],[14.5158055,35.898699]]]}},{"type":"Feature","id":"b730425514","properties":{"key":"b730425514","name":"Gebaeude 730425514","kind":"building","height":13.2},"geometry":{"type":"Polygon","coordinates":[[[14.5157236,35.8987851],[14.5156334,35.8988799],[14.5156854,35.8989124],[14.5156923,35.8989052],[14.515765,35.8989506],[14.515834,35.8988781],[14.5157626,35.8988336],[14.5157771,35.8988184],[14.5157236,35.8987851]]]}},{"type":"Feature","id":"b730425515","properties":{"key":"b730425515","name":"Gebaeude 730425515","kind":"building","height":13.2},"geometry":{"type":"Polygon","coordinates":[[[14.5159967,35.8990195],[14.5159275,35.8989763],[14.5158824,35.8990238],[14.5159515,35.899067],[14.5159967,35.8990195]]]}},{"type":"Feature","id":"b730425516","properties":{"key":"b730425516","name":"Gebaeude 730425516","kind":"building","height":13.2},"geometry":{"type":"Polygon","coordinates":[[[14.5159515,35.899067],[14.5160245,35.8991125],[14.5160696,35.899065],[14.5159967,35.8990195],[14.5159515,35.899067]]]}},{"type":"Feature","id":"b730425517","properties":{"key":"b730425517","name":"Gebaeude 730425517","kind":"building","height":13.2},"geometry":{"type":"Polygon","coordinates":[[[14.5164407,35.8988514],[14.5164686,35.898822],[14.5164234,35.8987938],[14.5163955,35.8988232],[14.5164407,35.8988514]]]}},{"type":"Feature","id":"b730425518","properties":{"key":"b730425518","name":"Gebaeude 730425518","kind":"building","height":13.2},"geometry":{"type":"Polygon","coordinates":[[[14.5163713,35.8988486],[14.5163045,35.8989188],[14.5163497,35.898947],[14.5164165,35.8988768],[14.5163713,35.8988486]]]}},{"type":"Feature","id":"b730425519","properties":{"key":"b730425519","name":"Gebaeude 730425519","kind":"building","height":13.2},"geometry":{"type":"Polygon","coordinates":[[[14.5163045,35.8989188],[14.5162574,35.8989684],[14.5163026,35.8989966],[14.5163497,35.898947],[14.5163045,35.8989188]]]}},{"type":"Feature","id":"b730425520","properties":{"key":"b730425520","name":"Gebaeude 730425520","kind":"building","height":13.2},"geometry":{"type":"Polygon","coordinates":[[[14.5162288,35.898885],[14.5162611,35.8988509],[14.516204,35.8988153],[14.5161717,35.8988493],[14.5162288,35.898885]]]}},{"type":"Feature","id":"b730425521","properties":{"key":"b730425521","name":"Gebaeude 730425521","kind":"building","height":13.2},"geometry":{"type":"Polygon","coordinates":[[[14.5162611,35.8988509],[14.5162794,35.8988317],[14.5163279,35.898862],[14.5163763,35.8988112],[14.5162689,35.8987442],[14.5162201,35.8987954],[14.5162219,35.8987965],[14.516204,35.8988153],[14.5162611,35.8988509]]]}},{"type":"Feature","id":"b730425522","properties":{"key":"b730425522","name":"Gebaeude 730425522","kind":"building","height":13.2},"geometry":{"type":"Polygon","coordinates":[[[14.5160303,35.8987222],[14.5160905,35.8987597],[14.5161377,35.89871],[14.5162125,35.8987567],[14.516206,35.8987636],[14.5161853,35.8987507],[14.5161079,35.898832],[14.5160434,35.8987918],[14.5160214,35.8987781],[14.5159936,35.8987607],[14.5160303,35.8987222]]]}},{"type":"Feature","id":"b730425523","properties":{"key":"b730425523","name":"Gebaeude 730425523","kind":"building","height":13.2},"geometry":{"type":"Polygon","coordinates":[[[14.516029,35.8985477],[14.515979,35.8985165],[14.5158055,35.898699],[14.515881,35.8987461],[14.5159142,35.8987112],[14.5158887,35.8986953],[14.5159254,35.8986567],[14.5159726,35.8986071],[14.516029,35.8985477]]]}},{"type":"Feature","id":"b730425524","properties":{"key":"b730425524","name":"Gebaeude 730425524","kind":"building","height":13.2},"geometry":{"type":"Polygon","coordinates":[[[14.515765,35.8989506],[14.5158824,35.8990238],[14.5159275,35.8989763],[14.515956,35.8989464],[14.5158966,35.8989093],[14.5160214,35.8987781],[14.5159936,35.8987607],[14.5159635,35.8987419],[14.515834,35.8988781],[14.515765,35.8989506]]]}},{"type":"Feature","id":"b730425525","properties":{"key":"b730425525","name":"Gebaeude 730425525","kind":"building","height":13.2},"geometry":{"type":"Polygon","coordinates":[[[14.5161717,35.8988493],[14.5161304,35.8988927],[14.5161482,35.8989038],[14.5161334,35.8989193],[14.5161805,35.8989487],[14.5162012,35.8989269],[14.5161934,35.8989221],[14.5162288,35.898885],[14.5161717,35.8988493]]]}},{"type":"Feature","id":"b730425526","properties":{"key":"b730425526","name":"Gebaeude 730425526","kind":"building","height":13.2},"geometry":{"type":"Polygon","coordinates":[[[14.5160156,35.8988211],[14.51608,35.8988613],[14.5161079,35.898832],[14.5160434,35.8987918],[14.5160156,35.8988211]]]}},{"type":"Feature","id":"b730425527","properties":{"key":"b730425527","name":"Gebaeude 730425527","kind":"building","height":13.2},"geometry":{"type":"Polygon","coordinates":[[[14.5160156,35.8988211],[14.5159801,35.8988584],[14.5160866,35.8989249],[14.5161127,35.8989411],[14.5161334,35.8989193],[14.5161482,35.8989038],[14.5161304,35.8988927],[14.51608,35.8988613],[14.5160156,35.8988211]]]}},{"type":"Feature","id":"b730425528","properties":{"key":"b730425528","name":"Gebaeude 730425528","kind":"building","height":13.2},"geometry":{"type":"Polygon","coordinates":[[[14.5162689,35.8986974],[14.5161339,35.8986132],[14.5160775,35.8986725],[14.5161377,35.89871],[14.5162125,35.8987567],[14.516241,35.8987267],[14.5162689,35.8986974]]]}},{"type":"Feature","id":"b730425529","properties":{"key":"b730425529","name":"Gebaeude 730425529","kind":"building","height":13.2},"geometry":{"type":"Polygon","coordinates":[[[14.5164234,35.8987938],[14.5162689,35.8986974],[14.516241,35.8987267],[14.5162689,35.8987442],[14.5163763,35.8988112],[14.5163955,35.8988232],[14.5164234,35.8987938]]]}},{"type":"Feature","id":"b730425530","properties":{"key":"b730425530","name":"Gebaeude 730425530","kind":"building","height":13.2},"geometry":{"type":"Polygon","coordinates":[[[14.5163955,35.8988232],[14.5163713,35.8988486],[14.5164165,35.8988768],[14.5164407,35.8988514],[14.5163955,35.8988232]]]}},{"type":"Feature","id":"b730425531","properties":{"key":"b730425531","name":"Gebaeude 730425531","kind":"building","height":13.2},"geometry":{"type":"Polygon","coordinates":[[[14.5161823,35.8990475],[14.5162274,35.8990756],[14.5163026,35.8989966],[14.5162574,35.8989684],[14.5162345,35.8989924],[14.5162044,35.8989736],[14.5161286,35.8990532],[14.5160996,35.8990837],[14.5161299,35.8991026],[14.5161823,35.8990475]]]}},{"type":"Feature","id":"b730425532","properties":{"key":"b730425532","name":"Gebaeude 730425532","kind":"building","height":13.2},"geometry":{"type":"Polygon","coordinates":[[[14.5160245,35.8991125],[14.5161309,35.8991789],[14.5162285,35.8990763],[14.5162274,35.8990756],[14.5161823,35.8990475],[14.5161299,35.8991026],[14.5160996,35.8990837],[14.5160696,35.899065],[14.5160245,35.8991125]]]}},{"type":"Feature","id":"b730425533","properties":{"key":"b730425533","name":"Gebaeude 730425533","kind":"building","height":13.2},"geometry":{"type":"Polygon","coordinates":[[[14.5160303,35.8987222],[14.5159858,35.8986944],[14.5159254,35.8986567],[14.5158887,35.8986953],[14.5159142,35.8987112],[14.5159635,35.8987419],[14.5159936,35.8987607],[14.5160303,35.8987222]]]}},{"type":"Feature","id":"b730425534","properties":{"key":"b730425534","name":"Gebaeude 730425534","kind":"building","height":13.2},"geometry":{"type":"Polygon","coordinates":[[[14.5160775,35.8986725],[14.516033,35.8986447],[14.5159858,35.8986944],[14.5160303,35.8987222],[14.5160775,35.8986725]]]}},{"type":"Feature","id":"b730429482","properties":{"key":"b730429482","name":"Gebaeude 730429482","kind":"building","height":13.2},"geometry":{"type":"Polygon","coordinates":[[[14.5072635,35.8967927],[14.5072672,35.8968172],[14.5073584,35.8968014],[14.507514,35.8967525],[14.5075033,35.8967166],[14.5072635,35.8967927]]]}},{"type":"Feature","id":"b730429483","properties":{"key":"b730429483","name":"F.C. Valletta","kind":"building","height":13.2},"geometry":{"type":"Polygon","coordinates":[[[14.5071968,35.8968307],[14.5072235,35.8969276],[14.5073851,35.8968983],[14.5073584,35.8968014],[14.5072672,35.8968172],[14.5071968,35.8968307]]]}},{"type":"Feature","id":"b730430035","properties":{"key":"b730430035","name":"Gebaeude 730430035","kind":"building","height":13.2},"geometry":{"type":"Polygon","coordinates":[[[14.5105815,35.8987761],[14.5108103,35.8989159],[14.5107184,35.8990225],[14.5101852,35.8986762],[14.5102801,35.898566],[14.5105751,35.8987226],[14.5105496,35.8987552],[14.5105815,35.8987761]]]}},{"type":"Feature","id":"b730430036","properties":{"key":"b730430036","name":"Gebaeude 730430036","kind":"building","height":13.2},"geometry":{"type":"Polygon","coordinates":[[[14.5103598,35.8984835],[14.5105474,35.8982874],[14.5107999,35.8984532],[14.5106207,35.8986476],[14.5103598,35.8984835]]]}},{"type":"Feature","id":"b730430037","properties":{"key":"b730430037","name":"Gebaeude 730430037","kind":"building","height":13.2},"geometry":{"type":"Polygon","coordinates":[[[14.5102801,35.898566],[14.5103598,35.8984835],[14.5106207,35.8986476],[14.5107999,35.8984532],[14.5108512,35.8984866],[14.5105815,35.8987761],[14.5105496,35.8987552],[14.5105751,35.8987226],[14.5102801,35.898566]]]}},{"type":"Feature","id":"b730430041","properties":{"key":"b730430041","name":"Gebaeude 730430041","kind":"building","height":13.2},"geometry":{"type":"Polygon","coordinates":[[[14.5115373,35.8967102],[14.5115281,35.8967197],[14.5113891,35.8968627],[14.5120181,35.8972473],[14.5121086,35.8971414],[14.5123158,35.897269],[14.5125103,35.8970507],[14.5118593,35.8966259],[14.5116891,35.8968049],[14.5115373,35.8967102]]]}},{"type":"Feature","id":"b730430042","properties":{"key":"b730430042","name":"Gebaeude 730430042","kind":"building","height":13.2},"geometry":{"type":"Polygon","coordinates":[[[14.512646,35.897011],[14.5129986,35.8966476],[14.5136947,35.8970909],[14.5133422,35.8974542],[14.512646,35.897011]]]}},{"type":"Feature","id":"b908814596","properties":{"key":"b908814596","name":"Gebaeude 908814596","kind":"building","height":13.2},"geometry":{"type":"Polygon","coordinates":[[[14.5171864,35.900641],[14.5172264,35.9005933],[14.5171956,35.9005721],[14.5173862,35.9003896],[14.5174798,35.9004555],[14.5173789,35.9005621],[14.5175607,35.9006695],[14.5174913,35.9007506],[14.5173512,35.9006582],[14.5173087,35.9007173],[14.5171864,35.900641]]]}},{"type":"Feature","id":"b908814597","properties":{"key":"b908814597","name":"Gebaeude 908814597","kind":"building","height":13.2},"geometry":{"type":"Polygon","coordinates":[[[14.5174913,35.9007506],[14.5175607,35.9006695],[14.5176716,35.9005609],[14.5177009,35.9005834],[14.5177871,35.9004885],[14.517858,35.9005422],[14.5175853,35.9008005],[14.5174913,35.9007506]]]}},{"type":"Feature","id":"b908814598","properties":{"key":"b908814598","name":"Gebaeude 908814598","kind":"building","height":13.2},"geometry":{"type":"Polygon","coordinates":[[[14.5176672,35.9002766],[14.5175822,35.9003565],[14.5177871,35.9004885],[14.517858,35.9005422],[14.5179286,35.9005757],[14.5180106,35.9004841],[14.5176672,35.9002766]]]}},{"type":"Feature","id":"w1120032006-0","properties":{"key":"w1120032006-0","name":"Bastion / Stadtmauer 1120032006","kind":"wall","height":22},"geometry":{"type":"Polygon","coordinates":[[[14.508024910492646,35.89645752345185],[14.507998810492646,35.896420223451855],[14.507950589507354,35.89644237654815],[14.507976689507354,35.89647967654815],[14.508024910492646,35.89645752345185]]]}},{"type":"Feature","id":"w1120032006-1","properties":{"key":"w1120032006-1","name":"Bastion / Stadtmauer 1120032006","kind":"wall","height":22},"geometry":{"type":"Polygon","coordinates":[[[14.507998830889965,35.89642025265287],[14.507973030889966,35.89638325265286],[14.507924769110035,35.896405347347134],[14.507950569110035,35.89644234734714],[14.507998830889965,35.89642025265287]]]}},{"type":"Feature","id":"w1120032006-2","properties":{"key":"w1120032006-2","name":"Bastion / Stadtmauer 1120032006","kind":"wall","height":22},"geometry":{"type":"Polygon","coordinates":[[[14.50796200470357,35.8963745110971],[14.50787000470357,35.8963345110971],[14.50784379529643,35.896374088902895],[14.507935795296431,35.896414088902894],[14.50796200470357,35.8963745110971]]]}},{"type":"Feature","id":"w1120032006-3","properties":{"key":"w1120032006-3","name":"Bastion / Stadtmauer 1120032006","kind":"wall","height":22},"geometry":{"type":"Polygon","coordinates":[[[14.50788099463588,35.89636539917878],[14.507937194635879,35.89628529917878],[14.50788900536412,35.89626310082122],[14.50783280536412,35.89634320082122],[14.50788099463588,35.89636539917878]]]}},{"type":"Feature","id":"w1120032007-0","properties":{"key":"w1120032007-0","name":"Bastion / Stadtmauer 1120032007","kind":"wall","height":22},"geometry":{"type":"Polygon","coordinates":[[[14.507075500968595,35.898269762024825],[14.507502200968595,35.897905562024825],[14.507461999031406,35.89787463797517],[14.507035299031406,35.89823883797517],[14.507075500968595,35.898269762024825]]]}},{"type":"Feature","id":"w1120032007-1","properties":{"key":"w1120032007-1","name":"Bastion / Stadtmauer 1120032007","kind":"wall","height":22},"geometry":{"type":"Polygon","coordinates":[[[14.507509800086448,35.89789086535395],[14.507530400086447,35.89740136535395],[14.507474999913553,35.897399834646045],[14.507454399913554,35.897889334646045],[14.507509800086448,35.89789086535395]]]}},{"type":"Feature","id":"w1120032007-2","properties":{"key":"w1120032007-2","name":"Bastion / Stadtmauer 1120032007","kind":"wall","height":22},"geometry":{"type":"Polygon","coordinates":[[[14.507530389032803,35.89740159385079],[14.507532789032803,35.89735769385079],[14.507477410967196,35.89735570614921],[14.507475010967196,35.89739960614921],[14.507530389032803,35.89740159385079]]]}},{"type":"Feature","id":"w1120032007-3","properties":{"key":"w1120032007-3","name":"Bastion / Stadtmauer 1120032007","kind":"wall","height":22},"geometry":{"type":"Polygon","coordinates":[[[14.50753281614015,35.89735665903887],[14.507532416140151,35.89717895903887],[14.50747698385985,35.897179040961134],[14.507477383859849,35.897356740961136],[14.50753281614015,35.89735665903887]]]}},{"type":"Feature","id":"w1120032007-4","properties":{"key":"w1120032007-4","name":"Bastion / Stadtmauer 1120032007","kind":"wall","height":22},"geometry":{"type":"Polygon","coordinates":[[[14.507532407367446,35.89717956648113],[14.507539507367445,35.89695156648113],[14.507484092632554,35.896950433518874],[14.507476992632554,35.897178433518874],[14.507532407367446,35.89717956648113]]]}},{"type":"Feature","id":"w1120032007-5","properties":{"key":"w1120032007-5","name":"Bastion / Stadtmauer 1120032007","kind":"wall","height":22},"geometry":{"type":"Polygon","coordinates":[[[14.50753909359886,35.89695490671367],[14.50758629359886,35.896738406713666],[14.50753170640114,35.896730593286335],[14.50748450640114,35.896947093286336],[14.50753909359886,35.89695490671367]]]}},{"type":"Feature","id":"w1120032007-6","properties":{"key":"w1120032007-6","name":"Bastion / Stadtmauer 1120032007","kind":"wall","height":22},"geometry":{"type":"Polygon","coordinates":[[[14.507576251655308,35.89675207697942],[14.507669051655308,35.896692276979415],[14.507634548344692,35.89665712302058],[14.507541748344693,35.896716923020584],[14.507576251655308,35.89675207697942]]]}},{"type":"Feature","id":"w1120032007-7","properties":{"key":"w1120032007-7","name":"Bastion / Stadtmauer 1120032007","kind":"wall","height":22},"geometry":{"type":"Polygon","coordinates":[[[14.507668124509406,35.896692849064884],[14.508017124509406,35.896486749064884],[14.507984475490593,35.89645045093511],[14.507635475490593,35.89665655093511],[14.507668124509406,35.896692849064884]]]}},{"type":"Feature","id":"b1120032009","properties":{"key":"b1120032009","name":"Gebaeude 1120032009","kind":"building","height":3.3},"geometry":{"type":"Polygon","coordinates":[[[14.5083362,35.8952968],[14.5083372,35.8953246],[14.5083888,35.8953238],[14.5083855,35.8952924],[14.5083362,35.8952968]]]}},{"type":"Feature","id":"b1120032010","properties":{"key":"b1120032010","name":"Gebaeude 1120032010","kind":"building","height":3.3},"geometry":{"type":"Polygon","coordinates":[[[14.5084194,35.8952913],[14.5084148,35.8953201],[14.5084664,35.8953193],[14.5084665,35.8952879],[14.5084194,35.8952913]]]}},{"type":"Feature","id":"b1120032011","properties":{"key":"b1120032011","name":"Gebaeude 1120032011","kind":"building","height":3.3},"geometry":{"type":"Polygon","coordinates":[[[14.5084893,35.8952899],[14.5084903,35.8953113],[14.5085419,35.8953106],[14.5085409,35.8952891],[14.5084893,35.8952899]]]}},{"type":"Feature","id":"b1120032012","properties":{"key":"b1120032012","name":"Gebaeude 1120032012","kind":"building","height":13.2},"geometry":{"type":"Polygon","coordinates":[[[14.508721,35.8952075],[14.508722,35.8952508],[14.5087736,35.89525],[14.5087727,35.8952067],[14.508721,35.8952075]]]}},{"type":"Feature","id":"w1120032014-0","properties":{"key":"w1120032014-0","name":"Bastion / Stadtmauer 1120032014","kind":"wall","height":22},"geometry":{"type":"Polygon","coordinates":[[[14.50909001282692,35.89510752915583],[14.50904571282692,35.895219229155835],[14.509098487173079,35.89523297084417],[14.50914278717308,35.895121270844164],[14.50909001282692,35.89510752915583]]]}},{"type":"Feature","id":"w1120032014-1","properties":{"key":"w1120032014-1","name":"Bastion / Stadtmauer 1120032014","kind":"wall","height":22},"geometry":{"type":"Polygon","coordinates":[[[14.50908883891546,35.89520820048215],[14.508935738915461,35.89511420048215],[14.50890226108454,35.89514999951785],[14.509055361084538,35.89524399951785],[14.50908883891546,35.89520820048215]]]}},{"type":"Feature","id":"w1120032014-2","properties":{"key":"w1120032014-2","name":"Bastion / Stadtmauer 1120032014","kind":"wall","height":22},"geometry":{"type":"Polygon","coordinates":[[[14.508946693235638,35.895133013739326],[14.508965393235638,35.894760913739326],[14.508910006764363,35.89475908626067],[14.508891306764363,35.89513118626067],[14.508946693235638,35.895133013739326]]]}},{"type":"Feature","id":"b1180009611","properties":{"key":"b1180009611","name":"Gebaeude 1180009611","kind":"building","height":13.2},"geometry":{"type":"Polygon","coordinates":[[[14.5112781,35.8995616],[14.5112611,35.8995885],[14.5112416,35.8996148],[14.5112038,35.8996657],[14.5112353,35.8997006],[14.5112982,35.8996124],[14.5113195,35.8995852],[14.5112781,35.8995616]]]}},{"type":"Feature","id":"b1180009613","properties":{"key":"b1180009613","name":"Gebaeude 1180009613","kind":"building","height":16.5},"geometry":{"type":"Polygon","coordinates":[[[14.5111163,35.8994964],[14.5112781,35.8995616],[14.5113195,35.8995852],[14.5113807,35.8994971],[14.5112139,35.899389],[14.5111163,35.8994964]]]}},{"type":"Feature","id":"b1180009614","properties":{"key":"b1180009614","name":"Saint Mary Flats","kind":"building","height":19.799999999999997},"geometry":{"type":"Polygon","coordinates":[[[14.5110679,35.8992912],[14.5109457,35.8994205],[14.5111163,35.8994964],[14.5112139,35.899389],[14.5110679,35.8992912]]]}},{"type":"Feature","id":"b1180009615","properties":{"key":"b1180009615","name":"Gebaeude 1180009615","kind":"building","height":16.5},"geometry":{"type":"Polygon","coordinates":[[[14.5109412,35.8992126],[14.5108019,35.899357],[14.5109457,35.8994205],[14.5110679,35.8992912],[14.5109412,35.8992126]]]}},{"type":"Feature","id":"b1180009616","properties":{"key":"b1180009616","name":"Building Industry Consultative Council","kind":"building","height":13.2},"geometry":{"type":"Polygon","coordinates":[[[14.5107271,35.8990836],[14.5105675,35.8992545],[14.5108019,35.899357],[14.5109412,35.8992126],[14.5107271,35.8990836]]]}},{"type":"Feature","id":"b1224769976","properties":{"key":"b1224769976","name":"Gebaeude 1224769976","kind":"building","height":13.2},"geometry":{"type":"Polygon","coordinates":[[[14.5131055,35.8964524],[14.5130454,35.8964143],[14.5129618,35.8963612],[14.5128808,35.8964451],[14.5130245,35.8965362],[14.5131055,35.8964524]]]}},{"type":"Feature","id":"b1224769977","properties":{"key":"b1224769977","name":"Gebaeude 1224769977","kind":"building","height":13.2},"geometry":{"type":"Polygon","coordinates":[[[14.5131551,35.8964011],[14.513095,35.896363],[14.5130454,35.8964143],[14.5131055,35.8964524],[14.5131551,35.8964011]]]}},{"type":"Feature","id":"b1224769978","properties":{"key":"b1224769978","name":"Gebaeude 1224769978","kind":"building","height":13.2},"geometry":{"type":"Polygon","coordinates":[[[14.5132332,35.8963202],[14.5130689,35.896216],[14.5129908,35.8962969],[14.513095,35.896363],[14.5131551,35.8964011],[14.5132332,35.8963202]]]}},{"type":"Feature","id":"b1224769983","properties":{"key":"b1224769983","name":"Gebaeude 1224769983","kind":"building","height":13.2},"geometry":{"type":"Polygon","coordinates":[[[14.5139898,35.8965875],[14.5140979,35.896486],[14.5140293,35.8964448],[14.5139185,35.8965369],[14.5139898,35.8965875]]]}},{"type":"Feature","id":"b1224769984","properties":{"key":"b1224769984","name":"Gebaeude 1224769984","kind":"building","height":13.2},"geometry":{"type":"Polygon","coordinates":[[[14.5141974,35.8965419],[14.5140979,35.896486],[14.5139898,35.8965875],[14.5140853,35.8966486],[14.5141974,35.8965419]]]}},{"type":"Feature","id":"b1224769985","properties":{"key":"b1224769985","name":"Gebaeude 1224769985","kind":"building","height":13.2},"geometry":{"type":"Polygon","coordinates":[[[14.5136295,35.8964244],[14.5135849,35.8963879],[14.5135225,35.8964511],[14.5135682,35.8964819],[14.5136295,35.8964244]]]}},{"type":"Feature","id":"b1224769986","properties":{"key":"b1224769986","name":"Gebaeude 1224769986","kind":"building","height":13.2},"geometry":{"type":"Polygon","coordinates":[[[14.5136925,35.8964561],[14.5136295,35.8964244],[14.5135682,35.8964819],[14.5135344,35.8965389],[14.5135933,35.8965718],[14.5136577,35.8964963],[14.5136925,35.8964561]]]}},{"type":"Feature","id":"b1224769987","properties":{"key":"b1224769987","name":"Gebaeude 1224769987","kind":"building","height":13.2},"geometry":{"type":"Polygon","coordinates":[[[14.513799,35.8965187],[14.5136925,35.8964561],[14.5136577,35.8964963],[14.5137609,35.8965622],[14.513799,35.8965187]]]}},{"type":"Feature","id":"b1224769988","properties":{"key":"b1224769988","name":"Gebaeude 1224769988","kind":"building","height":13.2},"geometry":{"type":"Polygon","coordinates":[[[14.5139615,35.8966233],[14.513799,35.8965187],[14.5137609,35.8965622],[14.5139166,35.8966653],[14.5139615,35.8966233]]]}},{"type":"Feature","id":"b1224769989","properties":{"key":"b1224769989","name":"Gebaeude 1224769989","kind":"building","height":13.2},"geometry":{"type":"Polygon","coordinates":[[[14.5140507,35.8966863],[14.5139615,35.8966233],[14.5139166,35.8966653],[14.5138024,35.896784],[14.51389,35.896842],[14.5140507,35.8966863]]]}},{"type":"Feature","id":"b1224769990","properties":{"key":"b1224769990","name":"Gebaeude 1224769990","kind":"building","height":13.2},"geometry":{"type":"Polygon","coordinates":[[[14.5165773,35.8977878],[14.5166696,35.8976728],[14.5165918,35.8976289],[14.5164978,35.8977335],[14.5165773,35.8977878]]]}},{"type":"Feature","id":"b1224769991","properties":{"key":"b1224769991","name":"Gebaeude 1224769991","kind":"building","height":13.2},"geometry":{"type":"Polygon","coordinates":[[[14.515176,35.897395],[14.5151315,35.8973677],[14.5150739,35.8974294],[14.5151184,35.8974566],[14.515176,35.897395]]]}},{"type":"Feature","id":"b1224769992","properties":{"key":"b1224769992","name":"Gebaeude 1224769992","kind":"building","height":13.2},"geometry":{"type":"Polygon","coordinates":[[[14.5151364,35.8975769],[14.5152589,35.8974458],[14.515176,35.897395],[14.5151184,35.8974566],[14.5150535,35.8975261],[14.5151364,35.8975769]]]}},{"type":"Feature","id":"b1224769993","properties":{"key":"b1224769993","name":"Gebaeude 1224769993","kind":"building","height":13.2},"geometry":{"type":"Polygon","coordinates":[[[14.515353,35.8975034],[14.5152589,35.8974458],[14.5151364,35.8975769],[14.5152305,35.8976345],[14.5152886,35.8975724],[14.515353,35.8975034]]]}},{"type":"Feature","id":"b1224769994","properties":{"key":"b1224769994","name":"Gebaeude 1224769994","kind":"building","height":13.2},"geometry":{"type":"Polygon","coordinates":[[[14.5154317,35.8975517],[14.515353,35.8975034],[14.5152886,35.8975724],[14.5153673,35.8976207],[14.5154317,35.8975517]]]}},{"type":"Feature","id":"b1224769995","properties":{"key":"b1224769995","name":"Gebaeude 1224769995","kind":"building","height":13.2},"geometry":{"type":"Polygon","coordinates":[[[14.5155096,35.8977079],[14.5154412,35.897666],[14.5153994,35.8977106],[14.5154678,35.8977526],[14.5155096,35.8977079]]]}},{"type":"Feature","id":"b1224769996","properties":{"key":"b1224769996","name":"Gebaeude 1224769996","kind":"building","height":13.2},"geometry":{"type":"Polygon","coordinates":[[[14.5155056,35.897597],[14.5154317,35.8975517],[14.5153673,35.8976207],[14.5154412,35.897666],[14.5155056,35.897597]]]}},{"type":"Feature","id":"b1224769997","properties":{"key":"b1224769997","name":"Gebaeude 1224769997","kind":"building","height":13.2},"geometry":{"type":"Polygon","coordinates":[[[14.515574,35.8976389],[14.5155056,35.897597],[14.5154412,35.897666],[14.5155096,35.8977079],[14.515574,35.8976389]]]}},{"type":"Feature","id":"b1224769998","properties":{"key":"b1224769998","name":"Gebaeude 1224769998","kind":"building","height":13.2},"geometry":{"type":"Polygon","coordinates":[[[14.5142038,35.8978246],[14.5140657,35.897736],[14.5139053,35.8976332],[14.5138142,35.8977264],[14.5141127,35.8979178],[14.5142038,35.8978246]]]}},{"type":"Feature","id":"b1224769999","properties":{"key":"b1224769999","name":"Gebaeude 1224769999","kind":"building","height":13.2},"geometry":{"type":"Polygon","coordinates":[[[14.5142915,35.8977349],[14.5141865,35.8976676],[14.5141533,35.8976463],[14.5140657,35.897736],[14.5142038,35.8978246],[14.5142915,35.8977349]]]}},{"type":"Feature","id":"b1224770000","properties":{"key":"b1224770000","name":"Gebaeude 1224770000","kind":"building","height":9.899999999999999},"geometry":{"type":"Polygon","coordinates":[[[14.5143413,35.8976839],[14.5142364,35.8976166],[14.5141865,35.8976676],[14.5142915,35.8977349],[14.5143413,35.8976839]]]}},{"type":"Feature","id":"b1224770001","properties":{"key":"b1224770001","name":"Gebaeude 1224770001","kind":"building","height":13.2},"geometry":{"type":"Polygon","coordinates":[[[14.5143369,35.8974594],[14.5142618,35.8974099],[14.5141721,35.897499],[14.5142472,35.8975486],[14.5143369,35.8974594]]]}},{"type":"Feature","id":"b1224770002","properties":{"key":"b1224770002","name":"Gebaeude 1224770002","kind":"building","height":13.2},"geometry":{"type":"Polygon","coordinates":[[[14.5144071,35.8975057],[14.5143369,35.8974594],[14.5142472,35.8975486],[14.5143174,35.8975949],[14.5144071,35.8975057]]]}},{"type":"Feature","id":"b1224770003","properties":{"key":"b1224770003","name":"Gebaeude 1224770003","kind":"building","height":19.799999999999997},"geometry":{"type":"Polygon","coordinates":[[[14.5144667,35.8975451],[14.5144071,35.8975057],[14.5143174,35.8975949],[14.5143771,35.8976343],[14.5144667,35.8975451]]]}},{"type":"Feature","id":"b1224770004","properties":{"key":"b1224770004","name":"Gebaeude 1224770004","kind":"building","height":13.2},"geometry":{"type":"Polygon","coordinates":[[[14.513873,35.8971133],[14.5139447,35.8970359],[14.5138556,35.8969817],[14.5137839,35.8970591],[14.513873,35.8971133]]]}},{"type":"Feature","id":"b1224770005","properties":{"key":"b1224770005","name":"Gebaeude 1224770005","kind":"building","height":13.2},"geometry":{"type":"Polygon","coordinates":[[[14.5139615,35.8971671],[14.5140332,35.8970897],[14.5139447,35.8970359],[14.513873,35.8971133],[14.5139615,35.8971671]]]}},{"type":"Feature","id":"b1224770006","properties":{"key":"b1224770006","name":"Gebaeude 1224770006","kind":"building","height":13.2},"geometry":{"type":"Polygon","coordinates":[[[14.5140366,35.8972144],[14.5141083,35.897137],[14.5140332,35.8970897],[14.5139615,35.8971671],[14.5140366,35.8972144]]]}},{"type":"Feature","id":"b1224770007","properties":{"key":"b1224770007","name":"Gebaeude 1224770007","kind":"building","height":13.2},"geometry":{"type":"Polygon","coordinates":[[[14.5141307,35.8972736],[14.5141966,35.8971926],[14.5141083,35.897137],[14.5140366,35.8972144],[14.5141307,35.8972736]]]}},{"type":"Feature","id":"b1224770008","properties":{"key":"b1224770008","name":"Gebaeude 1224770008","kind":"building","height":13.2},"geometry":{"type":"Polygon","coordinates":[[[14.5141827,35.8973079],[14.5142961,35.8971748],[14.514239,35.8971428],[14.5141966,35.8971926],[14.5141307,35.8972736],[14.5141827,35.8973079]]]}},{"type":"Feature","id":"b1224770009","properties":{"key":"b1224770009","name":"Gebaeude 1224770009","kind":"building","height":13.2},"geometry":{"type":"Polygon","coordinates":[[[14.5142388,35.8973426],[14.5143185,35.8972583],[14.5142624,35.8972236],[14.5141827,35.8973079],[14.5142388,35.8973426]]]}},{"type":"Feature","id":"b1224770010","properties":{"key":"b1224770010","name":"Gebaeude 1224770010","kind":"building","height":13.2},"geometry":{"type":"Polygon","coordinates":[[[14.5142808,35.897375],[14.5143642,35.8972866],[14.5143185,35.8972583],[14.5142388,35.8973426],[14.5142808,35.897375]]]}},{"type":"Feature","id":"b1224770011","properties":{"key":"b1224770011","name":"Gebaeude 1224770011","kind":"building","height":13.2},"geometry":{"type":"Polygon","coordinates":[[[14.514368,35.8974289],[14.5144614,35.8973298],[14.5144787,35.8973115],[14.5144132,35.897271],[14.5143909,35.8972947],[14.5143692,35.8972812],[14.5143642,35.8972866],[14.5142808,35.897375],[14.514368,35.8974289]]]}},{"type":"Feature","id":"b1224770012","properties":{"key":"b1224770012","name":"Gebaeude 1224770012","kind":"building","height":13.2},"geometry":{"type":"Polygon","coordinates":[[[14.5145933,35.8974114],[14.5145163,35.8973638],[14.5144614,35.8973298],[14.514368,35.8974289],[14.5145,35.8975105],[14.5145933,35.8974114]]]}},{"type":"Feature","id":"b1224770013","properties":{"key":"b1224770013","name":"Gebaeude 1224770013","kind":"building","height":13.2},"geometry":{"type":"Polygon","coordinates":[[[14.5146282,35.8973744],[14.5145511,35.8973267],[14.5145163,35.8973638],[14.5145933,35.8974114],[14.5146282,35.8973744]]]}},{"type":"Feature","id":"b1224770014","properties":{"key":"b1224770014","name":"Gebaeude 1224770014","kind":"building","height":13.2},"geometry":{"type":"Polygon","coordinates":[[[14.5146806,35.8973187],[14.5146036,35.8972711],[14.5145511,35.8973267],[14.5146282,35.8973744],[14.5146806,35.8973187]]]}},{"type":"Feature","id":"b1224770015","properties":{"key":"b1224770015","name":"Gebaeude 1224770015","kind":"building","height":13.2},"geometry":{"type":"Polygon","coordinates":[[[14.5147416,35.8972539],[14.5146645,35.8972063],[14.5146036,35.8972711],[14.5146806,35.8973187],[14.5147416,35.8972539]]]}},{"type":"Feature","id":"b1224770016","properties":{"key":"b1224770016","name":"Gebaeude 1224770016","kind":"building","height":13.2},"geometry":{"type":"Polygon","coordinates":[[[14.5147416,35.8972539],[14.5148167,35.8971742],[14.5147396,35.8971266],[14.5146645,35.8972063],[14.5147416,35.8972539]]]}},{"type":"Feature","id":"b1224770017","properties":{"key":"b1224770017","name":"Gebaeude 1224770017","kind":"building","height":13.2},"geometry":{"type":"Polygon","coordinates":[[[14.5144628,35.8968836],[14.5148583,35.8971341],[14.5150246,35.8969258],[14.514606,35.8967395],[14.5144628,35.8968836]]]}},{"type":"Feature","id":"b1224770018","properties":{"key":"b1224770018","name":"Gebaeude 1224770018","kind":"building","height":13.2},"geometry":{"type":"Polygon","coordinates":[[[14.5144461,35.8966676],[14.5142292,35.8965667],[14.51413,35.8966701],[14.5143363,35.8968004],[14.5144461,35.8966676]]]}},{"type":"Feature","id":"w1227344345-0","properties":{"key":"w1227344345-0","name":"Bastion / Stadtmauer 1227344345","kind":"wall","height":22},"geometry":{"type":"Polygon","coordinates":[[[14.509184185033634,35.89614479594682],[14.509242385033634,35.89606839594682],[14.509195214966365,35.89604480405318],[14.509137014966365,35.89612120405318],[14.509184185033634,35.89614479594682]]]}},{"type":"Feature","id":"w1227344345-1","properties":{"key":"w1227344345-1","name":"Bastion / Stadtmauer 1227344345","kind":"wall","height":22},"geometry":{"type":"Polygon","coordinates":[[[14.509241163142706,35.896069866702135],[14.509559763142706,35.895717266702135],[14.509515036857293,35.89569073329787],[14.509196436857293,35.89604333329787],[14.509241163142706,35.896069866702135]]]}},{"type":"Feature","id":"w1227344345-2","properties":{"key":"w1227344345-2","name":"Bastion / Stadtmauer 1227344345","kind":"wall","height":22},"geometry":{"type":"Polygon","coordinates":[[[14.509557528600343,35.89571943840613],[14.509658228600344,35.89563323840613],[14.509617971399656,35.895602361593866],[14.509517271399655,35.89568856159387],[14.509557528600343,35.89571943840613]]]}},{"type":"Feature","id":"w1227344345-3","properties":{"key":"w1227344345-3","name":"Bastion / Stadtmauer 1227344345","kind":"wall","height":22},"geometry":{"type":"Polygon","coordinates":[[[14.509654280096608,35.89559956622784],[14.509540480096609,35.895533266227844],[14.509508119903392,35.89556973377216],[14.509621919903392,35.895636033772156],[14.509654280096608,35.89559956622784]]]}},{"type":"Feature","id":"w1227344345-4","properties":{"key":"w1227344345-4","name":"Bastion / Stadtmauer 1227344345","kind":"wall","height":22},"geometry":{"type":"Polygon","coordinates":[[[14.509503528153356,35.895536631536245],[14.509339228153355,35.895687331536244],[14.509380771846644,35.89571706846376],[14.509545071846645,35.89556636846376],[14.509503528153356,35.895536631536245]]]}},{"type":"Feature","id":"w1227344345-5","properties":{"key":"w1227344345-5","name":"Bastion / Stadtmauer 1227344345","kind":"wall","height":22},"geometry":{"type":"Polygon","coordinates":[[[14.509343691961126,35.89568404121604],[14.509297391961127,35.89571134121604],[14.509330008038873,35.89574765878396],[14.509376308038872,35.89572035878396],[14.509343691961126,35.89568404121604]]]}},{"type":"Feature","id":"w1227344345-6","properties":{"key":"w1227344345-6","name":"Bastion / Stadtmauer 1227344345","kind":"wall","height":22},"geometry":{"type":"Polygon","coordinates":[[[14.509318020549564,35.89570731676377],[14.509248420549564,35.895698416763764],[14.509239779450436,35.89574278323623],[14.509309379450436,35.895751683236234],[14.509318020549564,35.89570731676377]]]}},{"type":"Feature","id":"w1227344345-7","properties":{"key":"w1227344345-7","name":"Bastion / Stadtmauer 1227344345","kind":"wall","height":22},"geometry":{"type":"Polygon","coordinates":[[[14.509266597982675,35.89570748383146],[14.509245197982676,35.89568338383146],[14.509200202017325,35.89570961616854],[14.509221602017325,35.895733716168536],[14.509266597982675,35.89570748383146]]]}},{"type":"Feature","id":"w1227344345-8","properties":{"key":"w1227344345-8","name":"Bastion / Stadtmauer 1227344345","kind":"wall","height":22},"geometry":{"type":"Polygon","coordinates":[[[14.50924989452787,35.89569216334392],[14.50923879452787,35.895646463343915],[14.509184405472132,35.89565513665608],[14.509195505472132,35.89570083665608],[14.50924989452787,35.89569216334392]]]}},{"type":"Feature","id":"w1227344345-9","properties":{"key":"w1227344345-9","name":"Bastion / Stadtmauer 1227344345","kind":"wall","height":22},"geometry":{"type":"Polygon","coordinates":[[[14.509239273308161,35.89565204871913],[14.50924327330816,35.89559384871913],[14.509187926691839,35.89559135128087],[14.50918392669184,35.89564955128087],[14.509239273308161,35.89565204871913]]]}},{"type":"Feature","id":"w1227344345-10","properties":{"key":"w1227344345-10","name":"Bastion / Stadtmauer 1227344345","kind":"wall","height":22},"geometry":{"type":"Polygon","coordinates":[[[14.509241275251478,35.89560105831219],[14.509610375251478,35.89486545831219],[14.50955902474852,35.894848541687814],[14.50918992474852,35.89558414168781],[14.509241275251478,35.89560105831219]]]}},{"type":"Feature","id":"w1227344346-0","properties":{"key":"w1227344346-0","name":"Bastion / Stadtmauer 1227344346","kind":"wall","height":22},"geometry":{"type":"Polygon","coordinates":[[[14.508545698935324,35.89637064454183],[14.508590398935324,35.89635234454183],[14.508565401064677,35.89631225545816],[14.508520701064677,35.896330555458164],[14.508545698935324,35.89637064454183]]]}},{"type":"Feature","id":"w1227344346-1","properties":{"key":"w1227344346-1","name":"Bastion / Stadtmauer 1227344346","kind":"wall","height":22},"geometry":{"type":"Polygon","coordinates":[[[14.508590447419058,35.89635232464442],[14.508622047419058,35.89633932464442],[14.508596952580943,35.89629927535558],[14.508565352580943,35.89631227535558],[14.508590447419058,35.89635232464442]]]}},{"type":"Feature","id":"w1227344346-2","properties":{"key":"w1227344346-2","name":"Bastion / Stadtmauer 1227344346","kind":"wall","height":22},"geometry":{"type":"Polygon","coordinates":[[[14.508601694359367,35.896340848774045],[14.508671494359367,35.89635744877404],[14.508687105640634,35.89631435122595],[14.508617305640634,35.89629775122596],[14.508601694359367,35.896340848774045]]]}},{"type":"Feature","id":"w1227344346-3","properties":{"key":"w1227344346-3","name":"Bastion / Stadtmauer 1227344346","kind":"wall","height":22},"geometry":{"type":"Polygon","coordinates":[[[14.508657559791313,35.89634982993362],[14.508702159791312,35.89639552993362],[14.508745640208687,35.896367670066375],[14.508701040208688,35.896321970066374],[14.508657559791313,35.89634982993362]]]}},{"type":"Feature","id":"w1227344346-4","properties":{"key":"w1227344346-4","name":"Bastion / Stadtmauer 1227344346","kind":"wall","height":22},"geometry":{"type":"Polygon","coordinates":[[[14.508696448410229,35.896378504234114],[14.508689148410228,35.896421004234114],[14.50874405158977,35.89642719576588],[14.50875135158977,35.89638469576588],[14.508696448410229,35.896378504234114]]]}},{"type":"Feature","id":"w1227344346-5","properties":{"key":"w1227344346-5","name":"Bastion / Stadtmauer 1227344346","kind":"wall","height":22},"geometry":{"type":"Polygon","coordinates":[[[14.508689120620446,35.89642117057471],[14.508682820620447,35.89645997057472],[14.508737779379555,35.89646582942529],[14.508744079379554,35.89642702942528],[14.508689120620446,35.89642117057471]]]}},{"type":"Feature","id":"b1238303651","properties":{"key":"b1238303651","name":"Gebaeude 1238303651","kind":"building","height":13.2},"geometry":{"type":"Polygon","coordinates":[[[14.5095374,35.895704],[14.5096381,35.8956178],[14.5097313,35.8956839],[14.5096295,35.895771],[14.5095374,35.895704]]]}},{"type":"Feature","id":"b1245618266","properties":{"key":"b1245618266","name":"Gebaeude 1245618266","kind":"building","height":13.2},"geometry":{"type":"Polygon","coordinates":[[[14.5105599,35.897309],[14.510705,35.8971581],[14.5106323,35.8971193],[14.5104926,35.897267],[14.5105599,35.897309]]]}},{"type":"Feature","id":"b1245618268","properties":{"key":"b1245618268","name":"Gebaeude 1245618268","kind":"building","height":13.2},"geometry":{"type":"Polygon","coordinates":[[[14.5097728,35.8979899],[14.5098745,35.8978816],[14.509774,35.8978196],[14.5096722,35.897928],[14.5096765,35.8979306],[14.5097728,35.8979899]]]}},{"type":"Feature","id":"b1245618269","properties":{"key":"b1245618269","name":"Gebaeude 1245618269","kind":"building","height":13.2},"geometry":{"type":"Polygon","coordinates":[[[14.5105909,35.8980268],[14.5105296,35.897989],[14.5104224,35.8981031],[14.5104837,35.8981409],[14.5105909,35.8980268]]]}},{"type":"Feature","id":"b1245618270","properties":{"key":"b1245618270","name":"Gebaeude 1245618270","kind":"building","height":13.2},"geometry":{"type":"Polygon","coordinates":[[[14.5110547,35.8980727],[14.5109977,35.8980378],[14.5109108,35.8981309],[14.5109678,35.8981658],[14.5110547,35.8980727]]]}},{"type":"Feature","id":"b1245618271","properties":{"key":"b1245618271","name":"Gebaeude 1245618271","kind":"building","height":13.2},"geometry":{"type":"Polygon","coordinates":[[[14.5110577,35.8982212],[14.5110597,35.8982191],[14.5111448,35.8981279],[14.5110547,35.8980727],[14.5109678,35.8981658],[14.5110577,35.8982212]]]}},{"type":"Feature","id":"b1245618272","properties":{"key":"b1245618272","name":"Gebaeude 1245618272","kind":"building","height":13.2},"geometry":{"type":"Polygon","coordinates":[[[14.5112261,35.8981778],[14.5111448,35.8981279],[14.5110597,35.8982191],[14.5111409,35.8982689],[14.5112261,35.8981778]]]}},{"type":"Feature","id":"b1245618273","properties":{"key":"b1245618273","name":"Gebaeude 1245618273","kind":"building","height":13.2},"geometry":{"type":"Polygon","coordinates":[[[14.5112869,35.8973944],[14.5114167,35.8972547],[14.5113536,35.8972168],[14.5112104,35.8973478],[14.5112869,35.8973944]]]}},{"type":"Feature","id":"b1245618274","properties":{"key":"b1245618274","name":"Gebaeude 1245618274","kind":"building","height":13.2},"geometry":{"type":"Polygon","coordinates":[[[14.5114703,35.8972873],[14.5114167,35.8972547],[14.5112869,35.8973944],[14.5113405,35.8974271],[14.5114703,35.8972873]]]}},{"type":"Feature","id":"b1245618275","properties":{"key":"b1245618275","name":"Gebaeude 1245618275","kind":"building","height":13.2},"geometry":{"type":"Polygon","coordinates":[[[14.5115444,35.8973325],[14.5114703,35.8972873],[14.5113405,35.8974271],[14.5114147,35.8974723],[14.5115444,35.8973325]]]}},{"type":"Feature","id":"b1245618276","properties":{"key":"b1245618276","name":"Gebaeude 1245618276","kind":"building","height":13.2},"geometry":{"type":"Polygon","coordinates":[[[14.5116241,35.897381],[14.5115444,35.8973325],[14.5114147,35.8974723],[14.5114943,35.8975208],[14.5116241,35.897381]]]}},{"type":"Feature","id":"b1245618277","properties":{"key":"b1245618277","name":"Gebaeude 1245618277","kind":"building","height":13.2},"geometry":{"type":"Polygon","coordinates":[[[14.5116957,35.8974246],[14.5116241,35.897381],[14.5114943,35.8975208],[14.511566,35.8975644],[14.5116957,35.8974246]]]}},{"type":"Feature","id":"b1245618278","properties":{"key":"b1245618278","name":"Gebaeude 1245618278","kind":"building","height":13.2},"geometry":{"type":"Polygon","coordinates":[[[14.5114293,35.8972158],[14.5115979,35.8970342],[14.5115145,35.8969834],[14.5113459,35.897165],[14.5114293,35.8972158]]]}},{"type":"Feature","id":"b1245618279","properties":{"key":"b1245618279","name":"Gebaeude 1245618279","kind":"building","height":13.2},"geometry":{"type":"Polygon","coordinates":[[[14.5114231,35.8972225],[14.5115537,35.897302],[14.5117284,35.8971137],[14.5115979,35.8970342],[14.5114293,35.8972158],[14.5114231,35.8972225]]]}},{"type":"Feature","id":"b1245618280","properties":{"key":"b1245618280","name":"Gebaeude 1245618280","kind":"building","height":13.2},"geometry":{"type":"Polygon","coordinates":[[[14.5110588,35.8978161],[14.511191,35.8978999],[14.5112502,35.8978386],[14.511118,35.8977548],[14.5110588,35.8978161]]]}},{"type":"Feature","id":"b1245618281","properties":{"key":"b1245618281","name":"Gebaeude 1245618281","kind":"building","height":13.2},"geometry":{"type":"Polygon","coordinates":[[[14.5112745,35.8981205],[14.511353,35.8980393],[14.5112152,35.8979517],[14.5111366,35.8980329],[14.5112745,35.8981205]]]}},{"type":"Feature","id":"b1245618282","properties":{"key":"b1245618282","name":"Gebaeude 1245618282","kind":"building","height":13.2},"geometry":{"type":"Polygon","coordinates":[[[14.5113652,35.8981781],[14.5114437,35.898097],[14.511353,35.8980393],[14.5112745,35.8981205],[14.5113652,35.8981781]]]}},{"type":"Feature","id":"b1245618283","properties":{"key":"b1245618283","name":"Gebaeude 1245618283","kind":"building","height":13.2},"geometry":{"type":"Polygon","coordinates":[[[14.5115114,35.8981399],[14.5114437,35.898097],[14.5113652,35.8981781],[14.5114328,35.8982211],[14.5115114,35.8981399]]]}},{"type":"Feature","id":"b1245618284","properties":{"key":"b1245618284","name":"Gebaeude 1245618284","kind":"building","height":13.2},"geometry":{"type":"Polygon","coordinates":[[[14.5108796,35.8975423],[14.5109607,35.8974584],[14.5109081,35.897425],[14.5108718,35.8974625],[14.510827,35.8975089],[14.5108796,35.8975423]]]}},{"type":"Feature","id":"b1245618285","properties":{"key":"b1245618285","name":"Gebaeude 1245618285","kind":"building","height":13.2},"geometry":{"type":"Polygon","coordinates":[[[14.5109419,35.8979202],[14.5110842,35.8980104],[14.511191,35.8978999],[14.5110588,35.8978161],[14.5110487,35.8978096],[14.5109419,35.8979202]]]}},{"type":"Feature","id":"b1245618286","properties":{"key":"b1245618286","name":"Gebaeude 1245618286","kind":"building","height":13.2},"geometry":{"type":"Polygon","coordinates":[[[14.5108377,35.8978541],[14.5109419,35.8979202],[14.5110487,35.8978096],[14.5109445,35.8977436],[14.5108377,35.8978541]]]}},{"type":"Feature","id":"b1245618287","properties":{"key":"b1245618287","name":"Gebaeude 1245618287","kind":"building","height":13.2},"geometry":{"type":"Polygon","coordinates":[[[14.5107274,35.8977842],[14.5108377,35.8978541],[14.5109445,35.8977436],[14.5108342,35.8976737],[14.5107274,35.8977842]]]}},{"type":"Feature","id":"b1245618288","properties":{"key":"b1245618288","name":"Gebaeude 1245618288","kind":"building","height":13.2},"geometry":{"type":"Polygon","coordinates":[[[14.510731,35.8976082],[14.5107191,35.8976205],[14.5106689,35.8976725],[14.5106242,35.8977187],[14.5107274,35.8977842],[14.5108342,35.8976737],[14.510731,35.8976082]]]}},{"type":"Feature","id":"b1334246748","properties":{"key":"b1334246748","name":"Gebaeude 1334246748","kind":"building","height":13.2},"geometry":{"type":"Polygon","coordinates":[[[14.5077839,35.8960197],[14.5078206,35.8960106],[14.5078174,35.8959682],[14.5078094,35.8958685],[14.5076887,35.8958771],[14.5077839,35.8960197]]]}},{"type":"Feature","id":"b1334998905","properties":{"key":"b1334998905","name":"Gebaeude 1334998905","kind":"building","height":13.2},"geometry":{"type":"Polygon","coordinates":[[[14.5086633,35.8949605],[14.5087874,35.8949578],[14.5087885,35.8949148],[14.5086622,35.8949148],[14.5086633,35.8949605]]]}},{"type":"Feature","id":"b1334998906","properties":{"key":"b1334998906","name":"Malta Public Transport","kind":"building","height":13.2},"geometry":{"type":"Polygon","coordinates":[[[14.5086645,35.8950747],[14.5087061,35.8950738],[14.5087885,35.895072],[14.5087896,35.895029],[14.5086633,35.895029],[14.5086645,35.8950747]]]}},{"type":"Feature","id":"w1335583458-0","properties":{"key":"w1335583458-0","name":"Bastion / Stadtmauer 1335583458","kind":"wall","height":22},"geometry":{"type":"Polygon","coordinates":[[[14.508794902666764,35.895954634906815],[14.508758402666764,35.89597613490681],[14.508790997333236,35.896012465093186],[14.508827497333236,35.89599096509319],[14.508794902666764,35.895954634906815]]]}},{"type":"Feature","id":"w1335583458-1","properties":{"key":"w1335583458-1","name":"Bastion / Stadtmauer 1335583458","kind":"wall","height":22},"geometry":{"type":"Polygon","coordinates":[[[14.508758437478171,35.895976114434895],[14.508256837478172,35.8962706144349],[14.508289362521829,35.896306985565104],[14.508790962521829,35.8960124855651],[14.508758437478171,35.895976114434895]]]}},{"type":"Feature","id":"w1335583458-2","properties":{"key":"w1335583458-2","name":"Bastion / Stadtmauer 1335583458","kind":"wall","height":22},"geometry":{"type":"Polygon","coordinates":[[[14.508257235093685,35.89627038528401],[14.508143735093686,35.89633458528401],[14.508175464906316,35.896371414715986],[14.508288964906315,35.89630721471599],[14.508257235093685,35.89627038528401]]]}},{"type":"Feature","id":"w1335583458-3","properties":{"key":"w1335583458-3","name":"Bastion / Stadtmauer 1335583458","kind":"wall","height":22},"geometry":{"type":"Polygon","coordinates":[[[14.508131902219874,35.89635381832186],[14.508132802219874,35.89637381832186],[14.508188197780127,35.89637218167813],[14.508187297780127,35.89635218167813],[14.508131902219874,35.89635381832186]]]}},{"type":"Feature","id":"w1335583458-4","properties":{"key":"w1335583458-4","name":"Bastion / Stadtmauer 1335583458","kind":"wall","height":22},"geometry":{"type":"Polygon","coordinates":[[[14.508144625691417,35.896354590604645],[14.508106825691415,35.896375990604646],[14.508138574308584,35.89641280939535],[14.508176374308585,35.89639140939535],[14.508144625691417,35.896354590604645]]]}},{"type":"Feature","id":"w1335583458-5","properties":{"key":"w1335583458-5","name":"Bastion / Stadtmauer 1335583458","kind":"wall","height":22},"geometry":{"type":"Polygon","coordinates":[[[14.50810605299772,35.89637644429262],[14.50798415299772,35.89645064429262],[14.50801744700228,35.89648655570738],[14.50813934700228,35.896412355707376],[14.50810605299772,35.89637644429262]]]}},{"type":"Feature","id":"w1335583461-0","properties":{"key":"w1335583461-0","name":"Bastion / Stadtmauer 1335583461","kind":"wall","height":22},"geometry":{"type":"Polygon","coordinates":[[[14.508687861439414,35.89644971716997],[14.508599361439414,35.89654861716997],[14.508644238560587,35.89657498283003],[14.508732738560587,35.896476082830034],[14.508687861439414,35.89644971716997]]]}},{"type":"Feature","id":"w1335583461-1","properties":{"key":"w1335583461-1","name":"Bastion / Stadtmauer 1335583461","kind":"wall","height":22},"geometry":{"type":"Polygon","coordinates":[[[14.508607359891782,35.8965809689998],[14.508708859891781,35.8966311689998],[14.508737740108218,35.8965928310002],[14.508636240108219,35.8965426310002],[14.508607359891782,35.8965809689998]]]}},{"type":"Feature","id":"w1335583461-2","properties":{"key":"w1335583461-2","name":"Bastion / Stadtmauer 1335583461","kind":"wall","height":22},"geometry":{"type":"Polygon","coordinates":[[[14.508745402012236,35.89662555096689],[14.509065802012236,35.89628245096689],[14.509021597987763,35.89625534903311],[14.508701197987763,35.89659844903311],[14.508745402012236,35.89662555096689]]]}},{"type":"Feature","id":"w1335583461-3","properties":{"key":"w1335583461-3","name":"Bastion / Stadtmauer 1335583461","kind":"wall","height":22},"geometry":{"type":"Polygon","coordinates":[[[14.50906667497798,35.89628146157193],[14.50911547497798,35.89622286157193],[14.509069525022019,35.89619773842807],[14.509020725022019,35.896256338428074],[14.50906667497798,35.89628146157193]]]}},{"type":"Feature","id":"w1335583461-4","properties":{"key":"w1335583461-4","name":"Bastion / Stadtmauer 1335583461","kind":"wall","height":22},"geometry":{"type":"Polygon","coordinates":[[[14.509114678207547,35.896223768984584],[14.509136878207547,35.89619976898458],[14.509092521792452,35.89617283101541],[14.509070321792452,35.896196831015416],[14.509114678207547,35.896223768984584]]]}},{"type":"Feature","id":"w1335583461-5","properties":{"key":"w1335583461-5","name":"Bastion / Stadtmauer 1335583461","kind":"wall","height":22},"geometry":{"type":"Polygon","coordinates":[[[14.509137414621039,35.896199168687886],[14.509158814621038,35.89617436868789],[14.50911338537896,35.89614863131211],[14.50909198537896,35.89617343131211],[14.509137414621039,35.896199168687886]]]}},{"type":"Feature","id":"b1340301686","properties":{"key":"b1340301686","name":"Gebaeude 1340301686","kind":"building","height":13.2},"geometry":{"type":"Polygon","coordinates":[[[14.5107473,35.895839],[14.5108298,35.8958014],[14.5107492,35.8956562],[14.510661,35.8956954],[14.5107473,35.895839]]]}},{"type":"Feature","id":"b1340301687","properties":{"key":"b1340301687","name":"Gebaeude 1340301687","kind":"building","height":13.2},"geometry":{"type":"Polygon","coordinates":[[[14.5106125,35.8956365],[14.5106666,35.8956135],[14.5106116,35.8955397],[14.5105651,35.8955582],[14.5106125,35.8956365]]]}},{"type":"Feature","id":"b1433591519","properties":{"key":"b1433591519","name":"Gebaeude 1433591519","kind":"building","height":13.2},"geometry":{"type":"Polygon","coordinates":[[[14.5183332,35.9000542],[14.5183649,35.9000241],[14.5184571,35.900088],[14.5184254,35.900118],[14.5183332,35.9000542]]]}},{"type":"Feature","id":"b1473534908","properties":{"key":"b1473534908","name":"Gebaeude 1473534908","kind":"building","height":13.2},"geometry":{"type":"Polygon","coordinates":[[[14.5154902,35.9007683],[14.515698,35.9009042],[14.5157325,35.9008695],[14.5157204,35.9008602],[14.5157381,35.9008436],[14.5157478,35.9008516],[14.5157872,35.9008119],[14.5155759,35.9006788],[14.5154902,35.9007683]]]}},{"type":"Feature","id":"b1473549041","properties":{"key":"b1473549041","name":"Gebaeude 1473549041","kind":"building","height":13.2},"geometry":{"type":"Polygon","coordinates":[[[14.5152831,35.9006193],[14.5154148,35.9006961],[14.5154808,35.9006565],[14.5154524,35.900626],[14.5154324,35.9006352],[14.5153659,35.9005635],[14.5152831,35.9006193]]]}},{"type":"Feature","id":"b1473549042","properties":{"key":"b1473549042","name":"Gebaeude 1473549042","kind":"building","height":13.2},"geometry":{"type":"Polygon","coordinates":[[[14.5154808,35.9006565],[14.5155716,35.9005999],[14.5154365,35.9005163],[14.5153659,35.9005635],[14.5154324,35.9006352],[14.5154524,35.900626],[14.5154808,35.9006565]]]}},{"type":"Feature","id":"w1485907349-0","properties":{"key":"w1485907349-0","name":"Bastion / Stadtmauer 1485907349","kind":"wall","height":22},"geometry":{"type":"Polygon","coordinates":[[[14.518035757811093,35.8983482225225],[14.518409857811093,35.8996975225225],[14.518463942188905,35.8996876774775],[14.518089842188905,35.8983383774775],[14.518035757811093,35.8983482225225]]]}},{"type":"Feature","id":"w1485907349-1","properties":{"key":"w1485907349-1","name":"Bastion / Stadtmauer 1485907349","kind":"wall","height":22},"geometry":{"type":"Polygon","coordinates":[[[14.518442641626102,35.8997145706146],[14.518673441626103,35.8996749706146],[14.518661958373897,35.899631029385404],[14.518431158373897,35.899670629385405],[14.518442641626102,35.8997145706146]]]}},{"type":"Feature","id":"w1485907349-2","properties":{"key":"w1485907349-2","name":"Bastion / Stadtmauer 1485907349","kind":"wall","height":22},"geometry":{"type":"Polygon","coordinates":[[[14.518673731053282,35.899674919644774],[14.518704731053282,35.89966931964477],[14.518692668946718,35.899625480355226],[14.518661668946718,35.89963108035523],[14.518673731053282,35.899674919644774]]]}},{"type":"Feature","id":"w1485907349-3","properties":{"key":"w1485907349-3","name":"Bastion / Stadtmauer 1485907349","kind":"wall","height":22},"geometry":{"type":"Polygon","coordinates":[[[14.518674076127592,35.89965770842285],[14.518747276127593,35.89977250842285],[14.518796523872409,35.89975189157715],[14.518723323872408,35.89963709157715],[14.518674076127592,35.89965770842285]]]}},{"type":"Feature","id":"w1485907349-4","properties":{"key":"w1485907349-4","name":"Bastion / Stadtmauer 1485907349","kind":"wall","height":22},"geometry":{"type":"Polygon","coordinates":[[[14.51874705857879,35.89977215983883],[14.518886658578788,35.90000075983883],[14.518936341421211,35.89998084016116],[14.518796741421212,35.89975224016116],[14.51874705857879,35.89977215983883]]]}},{"type":"Feature","id":"w1485907349-5","properties":{"key":"w1485907349-5","name":"Bastion / Stadtmauer 1485907349","kind":"wall","height":22},"geometry":{"type":"Polygon","coordinates":[[[14.518887636531371,35.90000222236794],[14.519040736531371,35.90021222236794],[14.519088463468629,35.90018937763206],[14.518935363468628,35.89997937763206],[14.518887636531371,35.90000222236794]]]}},{"type":"Feature","id":"w1485907349-6","properties":{"key":"w1485907349-6","name":"Bastion / Stadtmauer 1485907349","kind":"wall","height":22},"geometry":{"type":"Polygon","coordinates":[[[14.519039097416066,35.900209594589185],[14.519165997416065,35.90045119458919],[14.519217002583934,35.90043360541082],[14.519090102583935,35.900192005410815],[14.519039097416066,35.900209594589185]]]}},{"type":"Feature","id":"w1485907349-7","properties":{"key":"w1485907349-7","name":"Bastion / Stadtmauer 1485907349","kind":"wall","height":22},"geometry":{"type":"Polygon","coordinates":[[[14.51917598700432,35.90042378947841],[14.51895598700432,35.90054418947841],[14.518987012995678,35.900581410521596],[14.519207012995679,35.900461010521596],[14.51917598700432,35.90042378947841]]]}},{"type":"Feature","id":"w1485907349-8","properties":{"key":"w1485907349-8","name":"Bastion / Stadtmauer 1485907349","kind":"wall","height":22},"geometry":{"type":"Polygon","coordinates":[[[14.51894577989881,35.90057116837245],[14.519091079898812,35.900864368372446],[14.51914252010119,35.90084763162755],[14.518997220101188,35.900554431627555],[14.51894577989881,35.90057116837245]]]}},{"type":"Feature","id":"w1485907349-9","properties":{"key":"w1485907349-9","name":"Bastion / Stadtmauer 1485907349","kind":"wall","height":22},"geometry":{"type":"Polygon","coordinates":[[[14.519090053349863,35.9008618879683],[14.519164053349863,35.9010825879683],[14.519217546650138,35.9010708120317],[14.519143546650138,35.9008501120317],[14.519090053349863,35.9008618879683]]]}},{"type":"Feature","id":"w1485907349-10","properties":{"key":"w1485907349-10","name":"Bastion / Stadtmauer 1485907349","kind":"wall","height":22},"geometry":{"type":"Polygon","coordinates":[[[14.519164747499756,35.901084363616],[14.519717047499755,35.902317063616],[14.519769152500244,35.902301736384],[14.519216852500245,35.901069036383994],[14.519164747499756,35.901084363616]]]}},{"type":"Feature","id":"w1485907349-11","properties":{"key":"w1485907349-11","name":"Bastion / Stadtmauer 1485907349","kind":"wall","height":22},"geometry":{"type":"Polygon","coordinates":[[[14.519735870635726,35.902331080364526],[14.519894370635727,35.902365780364526],[14.519908829364274,35.902322419635475],[14.519750329364273,35.902287719635474],[14.519735870635726,35.902331080364526]]]}},{"type":"Feature","id":"w1485907349-12","properties":{"key":"w1485907349-12","name":"Bastion / Stadtmauer 1485907349","kind":"wall","height":22},"geometry":{"type":"Polygon","coordinates":[[[14.5198759126138,35.90235253408782],[14.5201423126138,35.90288523408782],[14.5201936873862,35.902868365912184],[14.519927287386201,35.90233566591218],[14.5198759126138,35.90235253408782]]]}},{"type":"Feature","id":"w1485907349-13","properties":{"key":"w1485907349-13","name":"Bastion / Stadtmauer 1485907349","kind":"wall","height":22},"geometry":{"type":"Polygon","coordinates":[[[14.520161327276984,35.902855002777954],[14.519735927276985,35.90294050277795],[14.519749272723017,35.902984097222046],[14.520174672723016,35.90289859722205],[14.520161327276984,35.902855002777954]]]}},{"type":"Feature","id":"w1485907349-14","properties":{"key":"w1485907349-14","name":"Bastion / Stadtmauer 1485907349","kind":"wall","height":22},"geometry":{"type":"Polygon","coordinates":[[[14.519769554724537,35.902957072000575],[14.519752154724536,35.902898172000576],[14.519698245275464,35.90290862799942],[14.519715645275465,35.90296752799942],[14.519769554724537,35.902957072000575]]]}},{"type":"Feature","id":"w1485907349-15","properties":{"key":"w1485907349-15","name":"Bastion / Stadtmauer 1485907349","kind":"wall","height":22},"geometry":{"type":"Polygon","coordinates":[[[14.519715300187917,35.90288242368005],[14.518984000187917,35.903109023680045],[14.519003799812083,35.90315097631995],[14.519735099812083,35.90292437631995],[14.519715300187917,35.90288242368005]]]}},{"type":"Feature","id":"w1485907349-16","properties":{"key":"w1485907349-16","name":"Bastion / Stadtmauer 1485907349","kind":"wall","height":22},"geometry":{"type":"Polygon","coordinates":[[[14.518967552933526,35.90313697116156],[14.519005152933527,35.90323027116156],[14.519057847066474,35.90321632883844],[14.519020247066473,35.903123028838436],[14.518967552933526,35.90313697116156]]]}},{"type":"Feature","id":"w1485907349-17","properties":{"key":"w1485907349-17","name":"Bastion / Stadtmauer 1485907349","kind":"wall","height":22},"geometry":{"type":"Polygon","coordinates":[[[14.519016080422054,35.90320463857697],[14.518678380422052,35.903387838576975],[14.518709219577946,35.90342516142303],[14.519046919577947,35.90324196142303],[14.519016080422054,35.90320463857697]]]}},{"type":"Feature","id":"w1485907349-18","properties":{"key":"w1485907349-18","name":"Bastion / Stadtmauer 1485907349","kind":"wall","height":22},"geometry":{"type":"Polygon","coordinates":[[[14.518703794483462,35.90338555317585],[14.518335094483463,35.90327005317585],[14.518315105516537,35.903311946824154],[14.518683805516536,35.90342744682415],[14.518703794483462,35.90338555317585]]]}},{"type":"Feature","id":"w1485907349-19","properties":{"key":"w1485907349-19","name":"Bastion / Stadtmauer 1485907349","kind":"wall","height":22},"geometry":{"type":"Polygon","coordinates":[[[14.518352046133563,35.903296256995326],[14.518379146133563,35.903205056995326],[14.518325253866438,35.90319454300468],[14.518298153866438,35.90328574300468],[14.518352046133563,35.903296256995326]]]}},{"type":"Feature","id":"w1485907349-20","properties":{"key":"w1485907349-20","name":"Bastion / Stadtmauer 1485907349","kind":"wall","height":22},"geometry":{"type":"Polygon","coordinates":[[[14.518356754413363,35.90317764749941],[14.517544054413362,35.90306794749941],[14.517534945586638,35.90311225250059],[14.518347645586639,35.903221952500594],[14.518356754413363,35.90317764749941]]]}},{"type":"Feature","id":"w1485907349-21","properties":{"key":"w1485907349-21","name":"Bastion / Stadtmauer 1485907349","kind":"wall","height":22},"geometry":{"type":"Polygon","coordinates":[[[14.517511887781954,35.903088156620186],[14.517498187781953,35.90321595662019],[14.517553412218046,35.903219843379816],[14.517567112218046,35.903092043379814],[14.517511887781954,35.903088156620186]]]}},{"type":"Feature","id":"w1485907349-22","properties":{"key":"w1485907349-22","name":"Bastion / Stadtmauer 1485907349","kind":"wall","height":22},"geometry":{"type":"Polygon","coordinates":[[[14.51752715343238,35.90319546901244],[14.517153553432381,35.903180669012436],[14.517150846567619,35.90322553098756],[14.517524446567618,35.903240330987565],[14.51752715343238,35.90319546901244]]]}},{"type":"Feature","id":"w1485907349-23","properties":{"key":"w1485907349-23","name":"Bastion / Stadtmauer 1485907349","kind":"wall","height":22},"geometry":{"type":"Polygon","coordinates":[[[14.517177828590926,35.90319454928462],[14.517041028590926,35.90292534928462],[14.516989771409074,35.90294245071538],[14.517126571409074,35.90321165071538],[14.517177828590926,35.90319454928462]]]}},{"type":"Feature","id":"w1485907349-24","properties":{"key":"w1485907349-24","name":"Bastion / Stadtmauer 1485907349","kind":"wall","height":22},"geometry":{"type":"Polygon","coordinates":[[[14.51704145025879,35.902926231383056],[14.51671925025879,35.90220763138306],[14.516667149741211,35.90222296861695],[14.51698934974121,35.902941568616946],[14.51704145025879,35.902926231383056]]]}},{"type":"Feature","id":"w1485907349-25","properties":{"key":"w1485907349-25","name":"Bastion / Stadtmauer 1485907349","kind":"wall","height":22},"geometry":{"type":"Polygon","coordinates":[[[14.516716455534526,35.9022275179163],[14.516868655534525,35.9020373179163],[14.516822144465474,35.9020128820837],[14.516669944465475,35.9022030820837],[14.516716455534526,35.9022275179163]]]}},{"type":"Feature","id":"w1485907349-26","properties":{"key":"w1485907349-26","name":"Bastion / Stadtmauer 1485907349","kind":"wall","height":22},"geometry":{"type":"Polygon","coordinates":[[[14.516862709467198,35.90200756037648],[14.515907209467198,35.90138846037648],[14.515872590532801,35.90142353962352],[14.516828090532801,35.902042639623524],[14.516862709467198,35.90200756037648]]]}},{"type":"Feature","id":"w1485907349-27","properties":{"key":"w1485907349-27","name":"Bastion / Stadtmauer 1485907349","kind":"wall","height":22},"geometry":{"type":"Polygon","coordinates":[[[14.515907133241326,35.90138841116501],[14.515359933241326,35.90103641116501],[14.515325466758673,35.901071588834995],[14.515872666758673,35.901423588834994],[14.515907133241326,35.90138841116501]]]}},{"type":"Feature","id":"w1485907349-28","properties":{"key":"w1485907349-28","name":"Bastion / Stadtmauer 1485907349","kind":"wall","height":22},"geometry":{"type":"Polygon","coordinates":[[[14.515325160841678,35.90103661083369],[14.514913660841678,35.901309110833694],[14.51494873915832,35.90134388916631],[14.515360239158321,35.90107138916631],[14.515325160841678,35.90103661083369]]]}},{"type":"Feature","id":"w1485907349-29","properties":{"key":"w1485907349-29","name":"Bastion / Stadtmauer 1485907349","kind":"wall","height":22},"geometry":{"type":"Polygon","coordinates":[[[14.514913591754965,35.901309156734385],[14.513767891754965,35.902072856734385],[14.513803108245034,35.90210754326562],[14.514948808245034,35.90134384326562],[14.514913591754965,35.901309156734385]]]}},{"type":"Feature","id":"w1485907349-30","properties":{"key":"w1485907349-30","name":"Bastion / Stadtmauer 1485907349","kind":"wall","height":22},"geometry":{"type":"Polygon","coordinates":[[[14.513766419395125,35.90207391127214],[14.513562019395126,35.90223111127214],[14.513600180604874,35.902263688727864],[14.513804580604873,35.90210648872787],[14.513766419395125,35.90207391127214]]]}},{"type":"Feature","id":"w1485907349-31","properties":{"key":"w1485907349-31","name":"Bastion / Stadtmauer 1485907349","kind":"wall","height":22},"geometry":{"type":"Polygon","coordinates":[[[14.513562354671757,35.90223085765735],[14.513516654671758,35.90226485765735],[14.513554145328243,35.90229794234265],[14.513599845328242,35.90226394234265],[14.513562354671757,35.90223085765735]]]}},{"type":"Feature","id":"w1485907349-32","properties":{"key":"w1485907349-32","name":"Bastion / Stadtmauer 1485907349","kind":"wall","height":22},"geometry":{"type":"Polygon","coordinates":[[[14.51351670520591,35.90226482015401],[14.51341620520591,35.90233922015401],[14.51345359479409,35.90237237984599],[14.51355409479409,35.90229797984599],[14.51351670520591,35.90226482015401]]]}},{"type":"Feature","id":"w1485907349-33","properties":{"key":"w1485907349-33","name":"Bastion / Stadtmauer 1485907349","kind":"wall","height":22},"geometry":{"type":"Polygon","coordinates":[[[14.513452827553404,35.90233867285521],[14.513313427553404,35.902242872855204],[14.513277572446595,35.90227712714479],[14.513416972446596,35.902372927144796],[14.513452827553404,35.90233867285521]]]}},{"type":"Feature","id":"w1485907349-34","properties":{"key":"w1485907349-34","name":"Bastion / Stadtmauer 1485907349","kind":"wall","height":22},"geometry":{"type":"Polygon","coordinates":[[[14.513313443934031,35.90224288412133],[14.513259543934032,35.90220578412133],[14.51322365606597,35.90224001587867],[14.513277556065969,35.90227711587867],[14.513313443934031,35.90224288412133]]]}},{"type":"Feature","id":"w1485907349-35","properties":{"key":"w1485907349-35","name":"Bastion / Stadtmauer 1485907349","kind":"wall","height":22},"geometry":{"type":"Polygon","coordinates":[[[14.513259539550573,35.902205781104776],[14.513223639550572,35.90218108110478],[14.513187760449428,35.90221531889522],[14.513223660449428,35.90224001889522],[14.513259539550573,35.902205781104776]]]}},{"type":"Feature","id":"w1485907349-36","properties":{"key":"w1485907349-36","name":"Bastion / Stadtmauer 1485907349","kind":"wall","height":22},"geometry":{"type":"Polygon","coordinates":[[[14.513223636969844,35.902181079329395],[14.513099336969844,35.9020955793294],[14.513063463030157,35.90212982067061],[14.513187763030157,35.90221532067061],[14.513223636969844,35.902181079329395]]]}},{"type":"Feature","id":"w1485907349-37","properties":{"key":"w1485907349-37","name":"Bastion / Stadtmauer 1485907349","kind":"wall","height":22},"geometry":{"type":"Polygon","coordinates":[[[14.513098464329328,35.90209500337098],[14.512509764329327,35.901722303370974],[14.512475635670672,35.90175769662902],[14.513064335670673,35.902130396629026],[14.513098464329328,35.90209500337098]]]}},{"type":"Feature","id":"w1485907349-38","properties":{"key":"w1485907349-38","name":"Bastion / Stadtmauer 1485907349","kind":"wall","height":22},"geometry":{"type":"Polygon","coordinates":[[[14.512465353814934,35.90174365731488],[14.512478553814935,35.901808457314885],[14.512533246185066,35.901801142685116],[14.512520046185065,35.90173634268511],[14.512465353814934,35.90174365731488]]]}},{"type":"Feature","id":"w1485907349-39","properties":{"key":"w1485907349-39","name":"Bastion / Stadtmauer 1485907349","kind":"wall","height":22},"geometry":{"type":"Polygon","coordinates":[[[14.512519371207144,35.90178517333986],[14.512456571207144,35.901756873339856],[14.512429628792857,35.90179612666014],[14.512492428792857,35.90182442666014],[14.512519371207144,35.90178517333986]]]}},{"type":"Feature","id":"w1485907349-40","properties":{"key":"w1485907349-40","name":"Bastion / Stadtmauer 1485907349","kind":"wall","height":22},"geometry":{"type":"Polygon","coordinates":[[[14.512416928966626,35.90176910629778],[14.512409828966625,35.90178560629778],[14.512462171033373,35.90180039370222],[14.512469271033375,35.901783893702216],[14.512416928966626,35.90176910629778]]]}},{"type":"Feature","id":"w1485907349-41","properties":{"key":"w1485907349-41","name":"Bastion / Stadtmauer 1485907349","kind":"wall","height":22},"geometry":{"type":"Polygon","coordinates":[[[14.512410604559832,35.901801995844785],[14.512433804559834,35.90184499584479],[14.512484595440167,35.901827004155216],[14.512461395440166,35.90178400415521],[14.512410604559832,35.901801995844785]]]}},{"type":"Feature","id":"w1485907349-42","properties":{"key":"w1485907349-42","name":"Bastion / Stadtmauer 1485907349","kind":"wall","height":22},"geometry":{"type":"Polygon","coordinates":[[[14.51243825530114,35.9018212916018],[14.51232915530114,35.9019232916018],[14.512371044698861,35.901952708398206],[14.512480144698861,35.90185070839821],[14.51243825530114,35.9018212916018]]]}},{"type":"Feature","id":"w1485907349-43","properties":{"key":"w1485907349-43","name":"Bastion / Stadtmauer 1485907349","kind":"wall","height":22},"geometry":{"type":"Polygon","coordinates":[[[14.512367450669336,35.901920487124876],[14.512313950669336,35.901885687124874],[14.512279249330666,35.901920712875125],[14.512332749330666,35.901955512875126],[14.512367450669336,35.901920487124876]]]}},{"type":"Feature","id":"w1485907349-44","properties":{"key":"w1485907349-44","name":"Bastion / Stadtmauer 1485907349","kind":"wall","height":22},"geometry":{"type":"Polygon","coordinates":[[[14.512319456386239,35.901890497182414],[14.511694656386238,35.901152397182415],[14.511648943613762,35.901177802817585],[14.512273743613763,35.901915902817585],[14.512319456386239,35.901890497182414]]]}},{"type":"Feature","id":"w1485907349-45","properties":{"key":"w1485907349-45","name":"Bastion / Stadtmauer 1485907349","kind":"wall","height":22},"geometry":{"type":"Polygon","coordinates":[[[14.5116946554252,35.90115239604717],[14.511508655425201,35.90093269604717],[14.5114629445748,35.900958103952824],[14.5116489445748,35.90117780395283],[14.5116946554252,35.90115239604717]]]}},{"type":"Feature","id":"w1485907349-46","properties":{"key":"w1485907349-46","name":"Bastion / Stadtmauer 1485907349","kind":"wall","height":22},"geometry":{"type":"Polygon","coordinates":[[[14.511508657626733,35.90093269864798],[14.511378657626732,35.90077909864798],[14.511332942373269,35.90080450135202],[14.511462942373269,35.90095810135202],[14.511508657626733,35.90093269864798]]]}},{"type":"Feature","id":"w1485907349-47","properties":{"key":"w1485907349-47","name":"Bastion / Stadtmauer 1485907349","kind":"wall","height":22},"geometry":{"type":"Polygon","coordinates":[[[14.511339399261377,35.900773696113184],[14.511109399261377,35.900910496113184],[14.511142200738623,35.90094670388682],[14.511372200738624,35.90080990388682],[14.511339399261377,35.900773696113184]]]}},{"type":"Feature","id":"w1485907349-48","properties":{"key":"w1485907349-48","name":"Bastion / Stadtmauer 1485907349","kind":"wall","height":22},"geometry":{"type":"Polygon","coordinates":[[[14.51114670047162,35.900913850354264],[14.51077490047162,35.900567950354265],[14.51073309952838,35.90059744964574],[14.51110489952838,35.900943349645736],[14.51114670047162,35.900913850354264]]]}},{"type":"Feature","id":"w1485907349-49","properties":{"key":"w1485907349-49","name":"Bastion / Stadtmauer 1485907349","kind":"wall","height":22},"geometry":{"type":"Polygon","coordinates":[[[14.510773959764082,35.90056711833946],[14.510477059764082,35.90031741833946],[14.510437140235918,35.900348581660545],[14.510734040235919,35.90059828166054],[14.510773959764082,35.90056711833946]]]}},{"type":"Feature","id":"w1485907349-50","properties":{"key":"w1485907349-50","name":"Bastion / Stadtmauer 1485907349","kind":"wall","height":22},"geometry":{"type":"Polygon","coordinates":[[[14.510482587432744,35.900341823379264],[14.510597587432743,35.90012372337926],[14.510546612567255,35.90010607662074],[14.510431612567256,35.90032417662074],[14.510482587432744,35.900341823379264]]]}},{"type":"Feature","id":"w1485907349-51","properties":{"key":"w1485907349-51","name":"Bastion / Stadtmauer 1485907349","kind":"wall","height":22},"geometry":{"type":"Polygon","coordinates":[[[14.510584827680617,35.90009495018633],[14.509789827680619,35.89976195018633],[14.509764372319383,35.89980184981367],[14.510559372319381,35.90013484981367],[14.510584827680617,35.90009495018633]]]}},{"type":"Feature","id":"r3509832-0","properties":{"key":"r3509832-0","name":"University of Malta (Valletta Campus)","kind":"building","height":13.2},"geometry":{"type":"Polygon","coordinates":[[[14.5155895,35.8988418],[14.5159354,35.8984691],[14.515577,35.8982509],[14.5152311,35.8986236],[14.5155895,35.8988418]],[[14.515437,35.898562],[14.5155657,35.898642],[14.5157109,35.8984887],[14.5155821,35.8984088],[14.515437,35.898562]]]}},{"type":"Feature","id":"r3968465-0","properties":{"key":"r3968465-0","name":"Archbishop's Palace","kind":"building","height":13.2},"geometry":{"type":"Polygon","coordinates":[[[14.5129915,35.9004912],[14.5128229,35.9006726],[14.5132933,35.9009595],[14.5134619,35.9007781],[14.5129915,35.9004912]],[[14.5131244,35.9006836],[14.5130743,35.9007421],[14.5132011,35.9008133],[14.5132512,35.9007547],[14.5131244,35.9006836]]]}},{"type":"Feature","id":"r4434917-0","properties":{"key":"r4434917-0","name":"Grand Master's Palace","kind":"building","height":13.2},"geometry":{"type":"Polygon","coordinates":[[[14.513881,35.8990258],[14.5139951,35.8990915],[14.5140305,35.8991138],[14.5141188,35.8991688],[14.5148107,35.8984701],[14.5140896,35.8980404],[14.513407,35.898735],[14.5136222,35.8988714],[14.5136746,35.8989006],[14.5137163,35.8989239],[14.5137493,35.8989423],[14.5137886,35.8989682],[14.513881,35.8990258]],[[14.5136979,35.8985089],[14.5138938,35.8983009],[14.5141232,35.8984427],[14.5139273,35.8986506],[14.5138556,35.8986063],[14.5136979,35.8985089]],[[14.51395,35.8988066],[14.5142183,35.8985225],[14.5143812,35.8986235],[14.5141129,35.8989076],[14.5140365,35.8988602],[14.51395,35.8988066]]]}},{"type":"Feature","id":"r5751123-0","properties":{"key":"r5751123-0","name":"Valletta Buildings","kind":"building","height":13.2},"geometry":{"type":"Polygon","coordinates":[[[14.5097626,35.8980003],[14.5098288,35.898041],[14.5098821,35.8979843],[14.5099132,35.8980035],[14.5099716,35.8979414],[14.5098745,35.8978816],[14.5097728,35.8979899],[14.5097626,35.8980003]]]}},{"type":"Feature","id":"r5751123-1","properties":{"key":"r5751123-1","name":"Valletta Buildings","kind":"building","height":13.2},"geometry":{"type":"Polygon","coordinates":[[[14.5096722,35.897928],[14.509774,35.8978196],[14.5095515,35.8976825],[14.509326,35.8979227],[14.5094228,35.8979823],[14.5095831,35.8980811],[14.5096059,35.8980568],[14.5096969,35.8979598],[14.5096663,35.897941],[14.5096765,35.8979306],[14.5096722,35.897928]]]}},{"type":"Feature","id":"r5760252-0","properties":{"key":"r5760252-0","name":"Il-Ber\u0121a ta' Kastilja","kind":"building","height":13.2},"geometry":{"type":"Polygon","coordinates":[[[14.5109514,35.8959403],[14.5110338,35.8958456],[14.5110569,35.8958207],[14.5111723,35.8957019],[14.5112751,35.8955961],[14.5112962,35.8955775],[14.5117619,35.8958554],[14.5117623,35.8958623],[14.5114219,35.8962303],[14.5114175,35.8962278],[14.5109514,35.8959403]],[[14.5114512,35.896073],[14.5113214,35.8959918],[14.5114128,35.8958959],[14.5115426,35.8959771],[14.5114512,35.896073]]]}},{"type":"Feature","id":"r5760253-0","properties":{"key":"r5760253-0","name":"National Museum of Fine Arts","kind":"building","height":13.2},"geometry":{"type":"Polygon","coordinates":[[[14.5089926,35.8982925],[14.5092819,35.8984701],[14.5094514,35.898289],[14.5091621,35.8981114],[14.5089926,35.8982925]],[[14.5092807,35.8983878],[14.5092042,35.8983392],[14.5092743,35.8982669],[14.5093508,35.8983155],[14.5092807,35.8983878]]]}},{"type":"Feature","id":"r6061482-0","properties":{"key":"r6061482-0","name":"Palazzo Ferreria","kind":"building","height":13.2},"geometry":{"type":"Polygon","coordinates":[[[14.5095675,35.8970444],[14.5098787,35.8967107],[14.509919,35.8967339],[14.510069,35.8968232],[14.5101908,35.8968957],[14.5098881,35.8972454],[14.5095675,35.8970444]],[[14.509823,35.8969043],[14.5097215,35.8970161],[14.5098737,35.8971069],[14.5099094,35.8970677],[14.5099436,35.8970881],[14.5100095,35.8970155],[14.509823,35.8969043]]]}},{"type":"Feature","id":"r6061483-0","properties":{"key":"r6061483-0","name":"Stadtblock 6061483","kind":"building","height":13.2},"geometry":{"type":"Polygon","coordinates":[[[14.5117317,35.8964251],[14.5120761,35.8960527],[14.5117666,35.8958649],[14.5117623,35.8958623],[14.5114219,35.8962303],[14.5114222,35.8962373],[14.5117317,35.8964251]],[[14.5116022,35.896197],[14.5117012,35.896258],[14.5117739,35.8961807],[14.5116749,35.8961196],[14.5116022,35.896197]]]}},{"type":"Feature","id":"r7893492-0","properties":{"key":"r7893492-0","name":"Granaries Saint Elmo","kind":"building","height":13.2},"geometry":{"type":"Polygon","coordinates":[[[14.5182522,35.900952],[14.5180611,35.9010595],[14.5179744,35.901124],[14.5178859,35.9011785],[14.5177884,35.9012324],[14.5183525,35.9013283],[14.5183869,35.9013347],[14.5187737,35.9008506],[14.5186874,35.9006567],[14.5184504,35.9008344],[14.5183352,35.9009028],[14.5182996,35.9009209],[14.5182522,35.900952]]]}},{"type":"Feature","id":"r7905228-0","properties":{"key":"r7905228-0","name":"City Gate","kind":"building","height":13.2},"geometry":{"type":"Polygon","coordinates":[[[14.5092188,35.8960566],[14.5095374,35.895704],[14.5096295,35.895771],[14.5093134,35.8961103],[14.5092188,35.8960566]]]}},{"type":"Feature","id":"r7905228-1","properties":{"key":"r7905228-1","name":"City Gate","kind":"building","height":13.2},"geometry":{"type":"Polygon","coordinates":[[[14.5091746,35.8962587],[14.5090925,35.8962103],[14.5090437,35.8962689],[14.5087233,35.896612],[14.5086717,35.8966945],[14.5085524,35.8966359],[14.5085109,35.8966824],[14.5086087,35.896735],[14.5086499,35.8967467],[14.5087041,35.8967443],[14.5087339,35.8967209],[14.5088091,35.8966589],[14.5091252,35.8963198],[14.5091746,35.8962587]]]}},{"type":"Feature","id":"r20163626-0","properties":{"key":"r20163626-0","name":"Stadtblock 20163626","kind":"building","height":13.2},"geometry":{"type":"Polygon","coordinates":[[[14.5157872,35.9008119],[14.5157478,35.9008516],[14.5157598,35.9008594],[14.515743,35.9008764],[14.5157325,35.9008695],[14.515698,35.9009042],[14.5158999,35.9010357],[14.5159906,35.9009444],[14.5157872,35.9008119]]]}},{"type":"Feature","id":"r21084402-0","properties":{"key":"r21084402-0","name":"Il-Binja tal-Parlament","kind":"building","height":13.2},"geometry":{"type":"Polygon","coordinates":[[[14.5098027,35.8962888],[14.5099508,35.8962343],[14.5099325,35.8962222],[14.5099503,35.8962156],[14.509971,35.8962081],[14.5100314,35.8961859],[14.5101029,35.8963018],[14.510083,35.8963218],[14.5100621,35.8963079],[14.5100507,35.8963198],[14.5099756,35.8963982],[14.5098027,35.8962888]]]}},{"type":"Feature","id":"r21084402-1","properties":{"key":"r21084402-1","name":"Il-Binja tal-Parlament","kind":"building","height":13.2},"geometry":{"type":"Polygon","coordinates":[[[14.5097677,35.8958915],[14.5098845,35.8960753],[14.5098309,35.8961292],[14.5098183,35.896142],[14.5098064,35.8961539],[14.5097335,35.8962274],[14.5096459,35.8961729],[14.5095895,35.8961377],[14.5095471,35.8961113],[14.5097677,35.8958915]]]}},{"type":"Feature","id":"r21084402-2","properties":{"key":"r21084402-2","name":"Il-Binja tal-Parlament","kind":"building","height":13.2},"geometry":{"type":"Polygon","coordinates":[[[14.5095753,35.8961573],[14.5095331,35.8961265],[14.5095123,35.8961128],[14.509459,35.8961782],[14.5095271,35.896219],[14.5095383,35.8962053],[14.5095753,35.8961573]]]}},{"type":"Feature","id":"block-473-279","properties":{"key":"block-473-279","name":"Vereinfachter Stadtblock","kind":"building","height":12.0,"estimated":true},"geometry":{"type":"Polygon","coordinates":[[[14.514939438342859,35.900973237042855],[14.515413734051045,35.90069767355369],[14.515281525284013,35.900618035172315],[14.515436246262258,35.900514515180284],[14.515566173588047,35.900594281509505],[14.515836433332343,35.90032126511565],[14.515390127808788,35.90003423291735],[14.514980056153961,35.90045134197998],[14.514684244555081,35.90078006332445],[14.514821486717382,35.90087269327022],[14.514939438342859,35.900973237042855]]]}},{"type":"Feature","id":"block-511-319","properties":{"key":"block-511-319","name":"Vereinfachter Stadtblock","kind":"building","height":13.2,"estimated":true},"geometry":{"type":"Polygon","coordinates":[[[14.515573608742773,35.900664121624764],[14.51541601069364,35.90076468885269],[14.515878035780503,35.901064876646515],[14.515971078713724,35.900966915647984],[14.515898874527206,35.90103729293105],[14.51548844815823,35.90076719866525],[14.515576693751228,35.900677122442396],[14.515992777670824,35.900944069726954],[14.515999992611325,35.90093647341898],[14.515573608742773,35.900664121624764]]]}},{"type":"Feature","id":"block-684-146","properties":{"key":"block-684-146","name":"Vereinfachter Stadtblock","kind":"building","height":14.4,"estimated":true},"geometry":{"type":"Polygon","coordinates":[[[14.517501557264685,35.89940527782184],[14.517511741293564,35.899423810297776],[14.51750513172606,35.89944084343694],[14.517210711601134,35.899753849241456],[14.517614081500556,35.899996530357306],[14.517518323597535,35.90010244526498],[14.517555674265422,35.900125361107584],[14.517713602619265,35.89996806958852],[14.518409200715368,35.89983929025951],[14.518350368716838,35.89969062209939],[14.517910554150594,35.89826357757158],[14.51789599305909,35.89827741228477],[14.518379600716466,35.89979852516197],[14.517732170656323,35.89992589947294],[14.517710868547045,35.89994669346224],[14.517427318084765,35.89977601816498],[14.517461910677232,35.89972802110102],[14.51769528225271,35.899816608896735],[14.517730237585067,35.899802824251545],[14.517720466493865,35.899805035392745],[14.517371830182807,35.899590755713625],[14.517551778683378,35.89940671781236],[14.51765886345525,35.89947320648735],[14.51756962984711,35.899564014544765],[14.517645958128917,35.89959635710667],[14.517612307787829,35.899629075123265],[14.517749542022258,35.89970637674349],[14.517646745407301,35.89928982447727],[14.518034928698986,35.89918838089945],[14.517919051134685,35.898737405057176],[14.517875633795105,35.89873997793656],[14.51794463471171,35.89886276532078],[14.517963198875204,35.89895036924974],[14.517944863503082,35.89899762994484],[14.51784593575815,35.899080846632465],[14.517806168080929,35.89907835983666],[14.517391442497527,35.89878360007174],[14.5170833395418,35.899136908006575],[14.517501557264685,35.89940527782184]]]}},{"type":"Feature","id":"block-643-165","properties":{"key":"block-643-165","name":"Vereinfachter Stadtblock","kind":"building","height":12.0,"estimated":true},"geometry":{"type":"Polygon","coordinates":[[[14.517432480271294,35.899429555778205],[14.517043653311033,35.89918019456079],[14.516691758817066,35.89954659488986],[14.516901761604196,35.89933841379213],[14.517148834625944,35.899499319082594],[14.516938255291198,35.89971295833897],[14.516689898483882,35.899548531909915],[14.516671935554673,35.89956723530905],[14.517054971567513,35.899817202755486],[14.517198681677161,35.899682783873466],[14.517432480271294,35.899429555778205]]]}},{"type":"Feature","id":"block-669-32","properties":{"key":"block-669-32","name":"Vereinfachter Stadtblock","kind":"building","height":13.2,"estimated":true},"geometry":{"type":"Polygon","coordinates":[[[14.516918643841203,35.89843089369009],[14.517379493491381,35.898706328068855],[14.517647860728067,35.898430136492834],[14.517901610289893,35.89818901277583],[14.517903169418547,35.89813184472515],[14.517818801476897,35.89811199076915],[14.517458148952604,35.8978589329601],[14.516918643841203,35.89843089369009]]]}},{"type":"Feature","id":"block-621--7","properties":{"key":"block-621--7","name":"Vereinfachter Stadtblock","kind":"building","height":14.4,"estimated":true},"geometry":{"type":"Polygon","coordinates":[[[14.516670031064486,35.897427470086605],[14.51677635109667,35.897540474073686],[14.516766739456356,35.89766788073467],[14.516359885567473,35.89808812781799],[14.516865105670485,35.898398893352166],[14.51740667445699,35.89782474480024],[14.517009177453291,35.897576133268544],[14.516918311152926,35.89750663012255],[14.516772081149314,35.89744117114188],[14.51663053581933,35.89740461250143],[14.516670031064486,35.897427470086605]]]}},{"type":"Feature","id":"block-627-87","properties":{"key":"block-627-87","name":"Vereinfachter Stadtblock","kind":"building","height":15.6,"estimated":true},"geometry":{"type":"Polygon","coordinates":[[[14.516560281538812,35.898808249293495],[14.517030893362293,35.89910364954356],[14.517339709234113,35.89874952409331],[14.516878140994457,35.89847368377756],[14.516560281538812,35.898808249293495]]]}},{"type":"Feature","id":"block-579-51","properties":{"key":"block-579-51","name":"Vereinfachter Stadtblock","kind":"building","height":13.2,"estimated":true},"geometry":{"type":"Polygon","coordinates":[[[14.516824619675615,35.89844165993984],[14.516319926437614,35.898131218485176],[14.516012220430293,35.898479307023024],[14.516507238983603,35.89877572152928],[14.516824619675615,35.89844165993984]]]}},{"type":"Feature","id":"block-594-129","properties":{"key":"block-594-129","name":"Vereinfachter Stadtblock","kind":"building","height":15.6,"estimated":true},"geometry":{"type":"Polygon","coordinates":[[[14.516157145385776,35.89924153998792],[14.516619794989422,35.899533763392135],[14.516991280712256,35.89914696424231],[14.516519985806413,35.8988511352255],[14.516157145385776,35.89924153998792]],[[14.516626230635527,35.89950803071361],[14.51617470962747,35.899231820877795],[14.516516969524831,35.89886456922631],[14.516579912149666,35.89890214524548],[14.51655040511807,35.8989354466356],[14.516593312912917,35.89896194658286],[14.516567390107264,35.89899136421224],[14.516589489156228,35.89900638531829],[14.516563990689598,35.899032995118944],[14.516520333248053,35.899006821002864],[14.516492903977518,35.899036346197725],[14.51659756930602,35.899100286846654],[14.516602187662265,35.899095352164636],[14.516569584572588,35.89907467372208],[14.516595510889749,35.899047304829125],[14.516690015410216,35.89910542593944],[14.516664830658803,35.899132696274],[14.516640828666713,35.899119013517804],[14.516544819090994,35.899220759757974],[14.516617563683463,35.89926528355524],[14.516662590422724,35.899216858571506],[14.516651103036747,35.89920786979422],[14.51671962033302,35.89913374097049],[14.516698388367237,35.89912117168635],[14.516723195063406,35.899094051523186],[14.516628003779186,35.89903514711554],[14.516685679474463,35.89897315358591],[14.516977812727891,35.89915124625839],[14.516778969676327,35.899366182452724],[14.516762537302894,35.89935841429658],[14.516626230635527,35.89950803071361]]]}},{"type":"Feature","id":"block-562-104","properties":{"key":"block-562-104","name":"Vereinfachter Stadtblock","kind":"building","height":14.4,"estimated":true},"geometry":{"type":"Polygon","coordinates":[[[14.516234100087278,35.89898988179208],[14.516392389355484,35.898823524837994],[14.516376700733215,35.89881371944907],[14.516328397737846,35.8988637507703],[14.516279800674564,35.89883421896017],[14.516141715576953,35.89899243052933],[14.516111809546597,35.89897582265401],[14.516073214557098,35.89901637572591],[14.51612819770613,35.89905068145137],[14.516203113148945,35.898972136915134],[14.516234100087278,35.89898988179208]]]}},{"type":"Feature","id":"block-532-117","properties":{"key":"block-532-117","name":"Vereinfachter Stadtblock","kind":"building","height":13.2,"estimated":true},"geometry":{"type":"Polygon","coordinates":[[[14.516130457306602,35.899180658406124],[14.515692696322674,35.8989077157897],[14.515684413500397,35.898914009009395],[14.515633962383065,35.89888252048023],[14.515623102489844,35.898894058593456],[14.51610498664961,35.89920806402365],[14.516130457306602,35.899180658406124]]]}},{"type":"Feature","id":"block-540-102","properties":{"key":"block-540-102","name":"Vereinfachter Stadtblock","kind":"building","height":14.4,"estimated":true},"geometry":{"type":"Polygon","coordinates":[[[14.515899709715011,35.89890897384211],[14.515958101435588,35.89894582683869],[14.515930611778984,35.898975974600795],[14.515996295895183,35.8990169797138],[14.516083490229388,35.89892522641466],[14.515977939514787,35.89885880408387],[14.51604029050201,35.89879212954732],[14.516021804485899,35.898780617800924],[14.515899709715011,35.89890897384211]]]}},{"type":"Feature","id":"block-538-209","properties":{"key":"block-538-209","name":"Vereinfachter Stadtblock","kind":"building","height":15.6,"estimated":true},"geometry":{"type":"Polygon","coordinates":[[[14.515936335865094,35.89946535924295],[14.51543105494117,35.89999174146507],[14.515878134743986,35.90027927162512],[14.516578476332974,35.89957600526323],[14.516375255038048,35.899447644581315],[14.516385144142351,35.89945620932889],[14.51606746572992,35.89978328367358],[14.515796292905014,35.899611259353534],[14.515936335865094,35.89946535924295]]]}},{"type":"Feature","id":"block-508-143","properties":{"key":"block-508-143","name":"Vereinfachter Stadtblock","kind":"building","height":15.6,"estimated":true},"geometry":{"type":"Polygon","coordinates":[[[14.51569186910574,35.899626468208325],[14.51606413689422,35.89925061093589],[14.515582256443055,35.898936607922295],[14.515206879992927,35.899320330399405],[14.51569186910574,35.899626468208325]]]}},{"type":"Feature","id":"block-475-188","properties":{"key":"block-475-188","name":"Vereinfachter Stadtblock","kind":"building","height":15.6,"estimated":true},"geometry":{"type":"Polygon","coordinates":[[[14.514878125645579,35.89965790853527],[14.515308841993738,35.89991709625544],[14.51511984353673,35.89979391761152],[14.515212574323376,35.89970170893879],[14.515391414223144,35.89981427847323],[14.515494186390754,35.899707511008344],[14.515378894638184,35.89963426362202],[14.515446285874184,35.89956301271934],[14.515421086468018,35.89954712041093],[14.515331972491289,35.899638883003696],[14.515218584325359,35.89956792090446],[14.515171171955918,35.899616283057355],[14.515110366810969,35.89957854644173],[14.515073900748117,35.89961140291969],[14.515141620103574,35.899657826092074],[14.515045693987481,35.89975153095574],[14.514882397950123,35.89965352156178],[14.514878125645579,35.89965790853527]]]}},{"type":"Feature","id":"block-434-217","properties":{"key":"block-434-217","name":"Vereinfachter Stadtblock","kind":"building","height":15.6,"estimated":true},"geometry":{"type":"Polygon","coordinates":[[[14.514754345029292,35.89978179985675],[14.514458734657188,35.90007977873866],[14.514468223061922,35.900085927981756],[14.514655439278567,35.899893906179855],[14.514824459032948,35.89999989085167],[14.514698002241522,35.900142008074155],[14.51473911884628,35.90017028151473],[14.514995776923257,35.89989215817744],[14.514836517855034,35.89979628969657],[14.51472944550368,35.899905133872146],[14.514672610084675,35.89986931853229],[14.514754345029292,35.89978179985675]]]}},{"type":"Feature","id":"block-408-271","properties":{"key":"block-408-271","name":"Vereinfachter Stadtblock","kind":"building","height":15.6,"estimated":true},"geometry":{"type":"Polygon","coordinates":[[[14.514907985821246,35.90043994742074],[14.514418225551768,35.900122543701045],[14.514135285429619,35.90043311983513],[14.514632103045432,35.900746522813066],[14.514907985821246,35.90043994742074]]]}},{"type":"Feature","id":"block-743-244","properties":{"key":"block-743-244","name":"Vereinfachter Stadtblock","kind":"building","height":12.0,"estimated":true},"geometry":{"type":"Polygon","coordinates":[[[14.518381465409574,35.90067927470172],[14.518532893995445,35.90054432359581],[14.518573419974317,35.90042585600521],[14.518553929006917,35.90028798607405],[14.51849238210004,35.90004819932486],[14.518429759378046,35.89989077609756],[14.517745941481218,35.900016864158246],[14.51760779619686,35.90015884913027],[14.518381465409574,35.90067927470172]],[[14.518381070039691,35.90050811086089],[14.518313765480755,35.90057934362764],[14.51767866131837,35.900199910304714],[14.517829406333316,35.90003187219495],[14.518515298651476,35.900439872058335],[14.518429544886512,35.90053563859392],[14.518381070039691,35.90050811086089]],[[14.518363213345484,35.90002293376632],[14.518459076477987,35.90008718570965],[14.518426404846968,35.90011960153789],[14.518331224518942,35.90005501587711],[14.518363213345484,35.90002293376632]]]}},{"type":"Feature","id":"block-673-321","properties":{"key":"block-673-321","name":"Vereinfachter Stadtblock","kind":"building","height":13.2,"estimated":true},"geometry":{"type":"Polygon","coordinates":[[[14.518247356174856,35.90065911469275],[14.517880667347209,35.90103245626106],[14.517782538310188,35.90096853882625],[14.518150061573216,35.90059366734416],[14.518112865157207,35.900568646358785],[14.51772697017109,35.90096391259359],[14.51759832724266,35.90089424171272],[14.517925220864464,35.90057617860399],[14.517858479572556,35.90054450957738],[14.517585506963147,35.90080228877876],[14.517489900283389,35.90075199339087],[14.517351810721,35.900660919332594],[14.517307347293382,35.900718723548316],[14.5171844665905,35.90064187956061],[14.517223446962651,35.90059362474173],[14.51720182935172,35.90057874508745],[14.516865738688814,35.90090828738042],[14.517318842707837,35.90120572387979],[14.517653228327227,35.90102366508035],[14.517821480667232,35.90107222406365],[14.518155643902213,35.900855285755895],[14.518333227241559,35.900716877749915],[14.518247356174856,35.90065911469275]]]}},{"type":"Feature","id":"block-684-280","properties":{"key":"block-684-280","name":"Vereinfachter Stadtblock","kind":"building","height":12.0,"estimated":true},"geometry":{"type":"Polygon","coordinates":[[[14.517700602663423,35.9005806963836],[14.517784047975084,35.90048882909733],[14.517582511439793,35.900358995897435],[14.517382041975031,35.900561732716874],[14.51756032115153,35.900667052758436],[14.517670194039617,35.9005595107424],[14.517700602663423,35.9005806963836]]]}},{"type":"Feature","id":"block-520-7","properties":{"key":"block-520-7","name":"Vereinfachter Stadtblock","kind":"building","height":14.4,"estimated":true},"geometry":{"type":"Polygon","coordinates":[[[14.515303515520486,35.89802589301672],[14.515959380476305,35.89844652119859],[14.516267250313515,35.89809824733025],[14.516161294976218,35.89803067914625],[14.515985783936642,35.89819928250424],[14.515864727835885,35.89811663935885],[14.51603503106703,35.89795016009676],[14.51561228340855,35.897671098721176],[14.515303515520486,35.89802589301672]]]}},{"type":"Feature","id":"block-75-17","properties":{"key":"block-75-17","name":"Vereinfachter Stadtblock","kind":"building","height":13.2,"estimated":true},"geometry":{"type":"Polygon","coordinates":[[[14.511132022001833,35.89855226479583],[14.511395426059083,35.898265918253884],[14.510573852157552,35.89775545723795],[14.51029586757965,35.89803483347832],[14.511132022001833,35.89855226479583]],[[14.51099677058868,35.89803616882806],[14.511228195202362,35.89817721204739],[14.511141625809419,35.89827059764033],[14.510908705587815,35.8981314897981],[14.51099677058868,35.89803616882806]],[[14.510485464240796,35.898141988262545],[14.51042025605872,35.89810264170099],[14.510530165436164,35.89798726277765],[14.51059304394128,35.89802725829901],[14.510485464240796,35.898141988262545]]]}},{"type":"Feature","id":"block-66-53","properties":{"key":"block-66-53","name":"Vereinfachter Stadtblock","kind":"building","height":14.4,"estimated":true},"geometry":{"type":"Polygon","coordinates":[[[14.510558538772237,35.89826932235979],[14.51016337996393,35.89867144232761],[14.510269610479355,35.89873332502154],[14.510183263726187,35.89867532458598],[14.51054714518737,35.89828561528083],[14.511070926857904,35.89861860599884],[14.511092247392401,35.89859546750805],[14.510558538772237,35.89826932235979]]]}},{"type":"Feature","id":"block-150-73","properties":{"key":"block-150-73","name":"Vereinfachter Stadtblock","kind":"building","height":15.6,"estimated":true},"geometry":{"type":"Polygon","coordinates":[[[14.511871866125503,35.89902074734138],[14.512135744635385,35.89872219611875],[14.51144839488835,35.89829852555285],[14.511184782144639,35.89858509895784],[14.511871866125503,35.89902074734138]]]}},{"type":"Feature","id":"block-118-117","properties":{"key":"block-118-117","name":"Vereinfachter Stadtblock","kind":"building","height":15.6,"estimated":true},"geometry":{"type":"Polygon","coordinates":[[[14.5111449969017,35.89862831218884],[14.510775304352165,35.89902943031356],[14.511482423792705,35.89948280498708],[14.511833684449076,35.89906497732023],[14.5111449969017,35.89862831218884]]]}},{"type":"Feature","id":"block-217-125","properties":{"key":"block-217-125","name":"Vereinfachter Stadtblock","kind":"building","height":14.4,"estimated":true},"geometry":{"type":"Polygon","coordinates":[[[14.512615897359568,35.8994865797972],[14.512890973931759,35.89918625802673],[14.512188739356963,35.89875480703682],[14.511924418196301,35.899053859073],[14.512615897359568,35.8994865797972]]]}},{"type":"Feature","id":"block-185-168","properties":{"key":"block-185-168","name":"Vereinfachter Stadtblock","kind":"building","height":13.2,"estimated":true},"geometry":{"type":"Polygon","coordinates":[[[14.51188631205868,35.89909811446561],[14.511535129286283,35.899515849488786],[14.51219797546127,35.899917271481876],[14.512575479788948,35.89952938871822],[14.51188631205868,35.89909811446561]]]}},{"type":"Feature","id":"block-292-179","properties":{"key":"block-292-179","name":"Vereinfachter Stadtblock","kind":"building","height":15.6,"estimated":true},"geometry":{"type":"Polygon","coordinates":[[[14.513391459595631,35.89996816966623],[14.513659765864855,35.89965264920206],[14.512944107047161,35.89921868785909],[14.512820519194896,35.899353618007105],[14.513116677869103,35.89953457360227],[14.512973786518517,35.899688594267765],[14.51267725403755,35.89951003134815],[14.512668628507733,35.8995194484874],[14.513391459595631,35.89996816966623]]]}},{"type":"Feature","id":"block-258-227","properties":{"key":"block-258-227","name":"Vereinfachter Stadtblock","kind":"building","height":13.2,"estimated":true},"geometry":{"type":"Polygon","coordinates":[[[14.51262820731592,35.8995622544621],[14.512622400386395,35.89956822103707],[14.51281748595746,35.89969190098987],[14.512548252734591,35.89997380040171],[14.512347852891473,35.89985031645499],[14.512250935607948,35.89994989821081],[14.512995155348596,35.900419558688746],[14.51335326946874,35.90001236064787],[14.51262820731592,35.8995622544621]]]}},{"type":"Feature","id":"block-352-227","properties":{"key":"block-352-227","name":"Vereinfachter Stadtblock","kind":"building","height":15.6,"estimated":true},"geometry":{"type":"Polygon","coordinates":[[[14.514082907581873,35.900399858998775],[14.51436581044977,35.900089323757726],[14.513712869002179,35.899685196703565],[14.513444278681186,35.900001051204455],[14.514082907581873,35.900399858998775]]]}},{"type":"Feature","id":"block-320-273","properties":{"key":"block-320-273","name":"Vereinfachter Stadtblock","kind":"building","height":13.2,"estimated":true},"geometry":{"type":"Polygon","coordinates":[[[14.513406047033085,35.900045224896914],[14.513047405220265,35.900453022957194],[14.513668222546853,35.90085532661616],[14.513723176446689,35.90080624509876],[14.514043765052127,35.9004434638684],[14.513406047033085,35.900045224896914]]]}},{"type":"Feature","id":"block-388-322","properties":{"key":"block-388-322","name":"Vereinfachter Stadtblock","kind":"building","height":14.4,"estimated":true},"geometry":{"type":"Polygon","coordinates":[[[14.514777409522498,35.900913091784986],[14.514096146710585,35.90047676876675],[14.513760884932166,35.90085278266709],[14.514447646205094,35.901266996417114],[14.514390152960033,35.90131110234472],[14.514885560005025,35.90100552878006],[14.514777409522498,35.900913091784986]]]}},{"type":"Feature","id":"block-337-344","properties":{"key":"block-337-344","name":"Vereinfachter Stadtblock","kind":"building","height":12.0,"estimated":true},"geometry":{"type":"Polygon","coordinates":[[[14.513610489043305,35.90088853864104],[14.513557006501363,35.90094043970997],[14.51332333148627,35.901237114222326],[14.513329949457479,35.90124157211461],[14.513561004753159,35.900983105383766],[14.514006614076473,35.90125351968697],[14.51407953918889,35.90117991844769],[14.514047968189711,35.9011538064109],[14.513993912295193,35.90120570125681],[14.513590952712635,35.90094368686082],[14.513629666779375,35.90089925479254],[14.513610489043305,35.90088853864104]]]}},{"type":"Feature","id":"block-165-226","properties":{"key":"block-165-226","name":"Vereinfachter Stadtblock","kind":"building","height":15.6,"estimated":true},"geometry":{"type":"Polygon","coordinates":[[[14.512156292311005,35.89995932693692],[14.511828126111077,35.89976217016772],[14.511520248022626,35.90010175987695],[14.511818714969033,35.90029424199702],[14.512156292311005,35.89995932693692]]]}},{"type":"Feature","id":"block-222-274","properties":{"key":"block-222-274","name":"Vereinfachter Stadtblock","kind":"building","height":12.0,"estimated":true},"geometry":{"type":"Polygon","coordinates":[[[14.512198886320997,35.900002276281484],[14.51259000672015,35.90023873581375],[14.5124313774343,35.900412674074836],[14.512028311785409,35.90017150559203],[14.511871383581028,35.90032719619227],[14.512644235921565,35.90079821702973],[14.512956160739428,35.90046326745403],[14.512209302728335,35.89999194202247],[14.512198886320997,35.900002276281484]]]}},{"type":"Feature","id":"block-26-108","properties":{"key":"block-26-108","name":"Vereinfachter Stadtblock","kind":"building","height":14.4,"estimated":true},"geometry":{"type":"Polygon","coordinates":[[[14.510121080075644,35.89871318335944],[14.509883538190346,35.898939326246285],[14.510498869699076,35.899216494387716],[14.510680896450081,35.89903929441348],[14.510121080075644,35.89871318335944]]]}},{"type":"Feature","id":"block-78-173","properties":{"key":"block-78-173","name":"Vereinfachter Stadtblock","kind":"building","height":15.6,"estimated":true},"geometry":{"type":"Polygon","coordinates":[[[14.51073410597547,35.89907174709045],[14.510534547296812,35.89926601410078],[14.510364653317067,35.89952437946678],[14.51051926770842,35.899582839903076],[14.51114029580482,35.8998673095975],[14.511362172246523,35.89963278352096],[14.511445507590667,35.8995278673108],[14.51073410597547,35.89907174709045]],[[14.511201607817922,35.89966543036601],[14.511275103843412,35.89956239918488],[14.510565793980591,35.899255647591644],[14.510725625126296,35.89908225847341],[14.511069247909981,35.89928977346761],[14.511382403145081,35.8994959496087],[14.511234979884192,35.89970237779995],[14.511201607817922,35.89966543036601]]]}},{"type":"Feature","id":"block-134-202","properties":{"key":"block-134-202","name":"Vereinfachter Stadtblock","kind":"building","height":12.0,"estimated":true},"geometry":{"type":"Polygon","coordinates":[[[14.511498375684377,35.899560898765245],[14.511415796086649,35.89966469556092],[14.511195621041571,35.899897423240695],[14.511467902640698,35.900068456918824],[14.5117748535349,35.89972988990539],[14.511498375684377,35.899560898765245]]]}},{"type":"Feature","id":"block-285-321","properties":{"key":"block-285-321","name":"Vereinfachter Stadtblock","kind":"building","height":14.4,"estimated":true},"geometry":{"type":"Polygon","coordinates":[[[14.513557748701333,35.900854374832065],[14.513550256331193,35.90084949758852],[14.513389142133214,35.901024957899814],[14.512838424608475,35.90068431726579],[14.512817846484957,35.90070641284016],[14.513381908671759,35.9010655735812],[14.513501774944837,35.90091034429889],[14.513557748701333,35.900854374832065]]]}},{"type":"Feature","id":"block-268--62","properties":{"key":"block-268--62","name":"Vereinfachter Stadtblock","kind":"building","height":14.4,"estimated":true},"geometry":{"type":"Polygon","coordinates":[[[14.513279290370571,35.89750556473269],[14.512743530222147,35.897169109155826],[14.51273814239847,35.89718692873457],[14.513037716211906,35.89737434385384],[14.512998616009895,35.897414080568566],[14.51285369398991,35.89732381269319],[14.512745492240365,35.89743627755106],[14.513027318680084,35.89761467872531],[14.5131792089072,35.897457535953336],[14.51327130167896,35.89751443756602],[14.513279290370571,35.89750556473269]]]}},{"type":"Feature","id":"block-270-21","properties":{"key":"block-270-21","name":"Vereinfachter Stadtblock","kind":"building","height":15.6,"estimated":true},"geometry":{"type":"Polygon","coordinates":[[[14.512692034764749,35.89823215827777],[14.513012005299062,35.89844722801588],[14.51327060891697,35.89818195114653],[14.513291426590738,35.898173865972765],[14.51331330824431,35.89817849455963],[14.51332885835923,35.898162533066014],[14.51297460251306,35.89793365782299],[14.512692034764749,35.89823215827777]]]}},{"type":"Feature","id":"block-317--10","properties":{"key":"block-317--10","name":"Vereinfachter Stadtblock","kind":"building","height":15.6,"estimated":true},"geometry":{"type":"Polygon","coordinates":[[[14.513014848741133,35.89789072502919],[14.513369104530206,35.898119600235326],[14.513440358566418,35.89804848012011],[14.513761275102418,35.898250122885614],[14.513709549724556,35.89830606634426],[14.513725956521853,35.898316279847215],[14.514033543163698,35.89797811182455],[14.513331913019615,35.89753856992888],[14.513014848741133,35.89789072502919]]]}},{"type":"Feature","id":"block-297--131","properties":{"key":"block-297--131","name":"Vereinfachter Stadtblock","kind":"building","height":14.4,"estimated":true},"geometry":{"type":"Polygon","coordinates":[[[14.513696620489704,35.89707627323269],[14.513018382694382,35.89662216334014],[14.512930289054978,35.89671509638804],[14.512999792689234,35.89664608543507],[14.513688456331307,35.89708463870981],[14.513696620489704,35.89707627323269]]]}},{"type":"Feature","id":"block-268--86","properties":{"key":"block-268--86","name":"Vereinfachter Stadtblock","kind":"building","height":14.4,"estimated":true},"geometry":{"type":"Polygon","coordinates":[[[14.513331935807987,35.89744995061783],[14.512647015660082,35.897013931356774],[14.512630203629534,35.89703166695325],[14.513319541439632,35.89746265061701],[14.513331935807987,35.89744995061783]]]}},{"type":"Feature","id":"block-347--54","properties":{"key":"block-347--54","name":"Vereinfachter Stadtblock","kind":"building","height":13.2,"estimated":true},"geometry":{"type":"Polygon","coordinates":[[[14.513372145178423,35.897495644684575],[14.51407354502149,35.89793504230631],[14.514097159482887,35.89791012644099],[14.513812461837585,35.89772528452588],[14.513904829108563,35.89763144436061],[14.514065336839641,35.89773347656117],[14.514151863131204,35.897644931662484],[14.514186139132413,35.89766507686951],[14.514235516608093,35.897614952124435],[14.514324162253091,35.89767061344286],[14.51436435486648,35.89762820579591],[14.514170260429289,35.897500003034914],[14.514248036484249,35.89742072914717],[14.514114496100428,35.897337600882594],[14.513880425370985,35.897589345461235],[14.513608847831827,35.89742479820635],[14.513687194529309,35.89733795711959],[14.513589791316106,35.8972785143291],[14.513616921096727,35.897247461389135],[14.513705160666907,35.89729938504506],[14.513762589950653,35.897238421029094],[14.513840361007224,35.89728518381521],[14.513909911290963,35.897210247795215],[14.513748645321025,35.897109860482914],[14.513372145178423,35.897495644684575]]]}},{"type":"Feature","id":"block--109--68","properties":{"key":"block--109--68","name":"Vereinfachter Stadtblock","kind":"building","height":13.2,"estimated":true},"geometry":{"type":"Polygon","coordinates":[[[14.509317093720774,35.89716110253948],[14.509213109595358,35.89710473877891],[14.5087983573468,35.896931452562264],[14.508686965739814,35.89687511084075],[14.508430879808394,35.89710439510725],[14.508408523040304,35.89713755345993],[14.508396742241603,35.89721552909381],[14.508418910795065,35.89746226608797],[14.508439011380421,35.8975642980638],[14.508456618423198,35.897590586920295],[14.508822171966196,35.89782756857913],[14.509184967156544,35.89742699292329],[14.50917117909979,35.897399313240136],[14.509167887486116,35.897356630814926],[14.509183034191476,35.897308765632374],[14.509317093720774,35.89716110253948]],[[14.50848125434608,35.89748872503111],[14.508460893717247,35.89713633506011],[14.508752647397674,35.896957665192964],[14.509194225680421,35.89713090937669],[14.5089326984977,35.8976603606399],[14.50848125434608,35.89748872503111]]]}},{"type":"Feature","id":"block-67--204","properties":{"key":"block-67--204","name":"Vereinfachter Stadtblock","kind":"building","height":13.2,"estimated":true},"geometry":{"type":"Polygon","coordinates":[[[14.510720270515879,35.89628549893712],[14.510835364993904,35.89610951685867],[14.510847363755218,35.89606172988443],[14.510816058366037,35.896043945667465],[14.510715928265704,35.89611331746666],[14.510629621560824,35.89621666444945],[14.510628621319947,35.89622638554048],[14.510720270515879,35.89628549893712]]]}},{"type":"Feature","id":"block-683-364","properties":{"key":"block-683-364","name":"Vereinfachter Stadtblock","kind":"building","height":15.6,"estimated":true},"geometry":{"type":"Polygon","coordinates":[[[14.517667067310969,35.90107976912288],[14.517362607678931,35.9012468045516],[14.517603612026594,35.90153932711376],[14.517623739033537,35.90141173119096],[14.517679317551291,35.901243610258796],[14.517777919033858,35.90111608960212],[14.517667067310969,35.90107976912288]]]}},{"type":"Feature","id":"block-218-318","properties":{"key":"block-218-318","name":"Vereinfachter Stadtblock","kind":"building","height":12.0,"estimated":true},"geometry":{"type":"Polygon","coordinates":[[[14.51243970705165,35.9007401451728],[14.512268608272457,35.90090174574026],[14.512387106026598,35.900973889758895],[14.512555587317467,35.90081094957658],[14.51243970705165,35.9007401451728]]]}},{"type":"Feature","id":"block-231--182","properties":{"key":"block-231--182","name":"Vereinfachter Stadtblock","kind":"building","height":13.2,"estimated":true},"geometry":{"type":"Polygon","coordinates":[[[14.512014117228105,35.896238011898845],[14.512132505684757,35.896118598807405],[14.512922871826193,35.89662288851533],[14.51278121775087,35.89677140438823],[14.512788578179169,35.896776108661975],[14.512966471538608,35.8965884427623],[14.512159182787567,35.89608043834363],[14.512014117228105,35.896238011898845]]]}},{"type":"Feature","id":"block-124--180","properties":{"key":"block-124--180","name":"Vereinfachter Stadtblock","kind":"building","height":12.0,"estimated":true},"geometry":{"type":"Polygon","coordinates":[[[14.511679280185731,35.8965102016992],[14.510924326076092,35.89602298974711],[14.51092109114348,35.89603700162665],[14.511024122962883,35.89609242849559],[14.511032047062443,35.896109165328504],[14.511026026044863,35.89612532520512],[14.511634237542541,35.89651129138209],[14.511453320542838,35.89672362557486],[14.511352445059691,35.896825366866075],[14.511363034108992,35.89683236800146],[14.511679280185731,35.8965102016992]]]}},{"type":"Feature","id":"block-117--161","properties":{"key":"block-117--161","name":"Vereinfachter Stadtblock","kind":"building","height":12.0,"estimated":true},"geometry":{"type":"Polygon","coordinates":[[[14.51132787288379,35.8966795422799],[14.511455485125724,35.89654841381691],[14.511270147819797,35.89643169450719],[14.511141528309832,35.89655923729371],[14.51132787288379,35.8966795422799]]]}},{"type":"Feature","id":"block-115--17","properties":{"key":"block-115--17","name":"Vereinfachter Stadtblock","kind":"building","height":14.4,"estimated":true},"geometry":{"type":"Polygon","coordinates":[[[14.51108822938379,35.89800914491893],[14.511330453649423,35.89815831664401],[14.511134464437882,35.8980324166979],[14.51147144205726,35.89767118209418],[14.51143084516424,35.897651553377386],[14.51108822938379,35.89800914491893]]]}},{"type":"Feature","id":"block-27--71","properties":{"key":"block-27--71","name":"Vereinfachter Stadtblock","kind":"building","height":12.0,"estimated":true},"geometry":{"type":"Polygon","coordinates":[[[14.510895770545767,35.8973092675072],[14.510884729934723,35.89730170100842],[14.510626376517385,35.8975695414707],[14.510543024363926,35.897506768123634],[14.510793274257933,35.89724416751104],[14.510686337524422,35.89718043166806],[14.510558547027161,35.8973104233822],[14.510490458262023,35.897266534986514],[14.510610250510002,35.897139658617604],[14.510247492905227,35.89693129645518],[14.509890047305419,35.897321145050526],[14.51001705642957,35.89739191965723],[14.510107845898341,35.89746013619565],[14.51049202329183,35.897707165062144],[14.510233585858131,35.89799326486122],[14.509994378638192,35.89784613841644],[14.51008612206827,35.89774262956777],[14.50999120703983,35.897843679313574],[14.509853906011163,35.89775999078418],[14.5099775364179,35.89762810976912],[14.509953310087266,35.89761201851906],[14.509986426370407,35.897576257576084],[14.510053707566277,35.89761554921355],[14.510087565093931,35.89757666886585],[14.51003391758654,35.89754303347593],[14.510009735711343,35.897566886516415],[14.50991233120254,35.8975074146231],[14.509901344830554,35.89751733939503],[14.50987313411233,35.89750031291368],[14.509834157067246,35.897540241929164],[14.509740151891265,35.89748398763548],[14.509701865816487,35.897525580658325],[14.50974363527653,35.89754968817199],[14.509768145214466,35.89752527480104],[14.509934186501555,35.89762509207217],[14.509844742122663,35.897723842094805],[14.50967755856881,35.89762440785603],[14.509702494426087,35.897594774799046],[14.509661855529625,35.897569046821545],[14.50960931495613,35.8976261255711],[14.510242840583054,35.898002252560914],[14.510542011475998,35.89770158394135],[14.510895770545767,35.8973092675072]]]}},{"type":"Feature","id":"block--26--185","properties":{"key":"block--26--185","name":"Vereinfachter Stadtblock","kind":"building","height":15.6,"estimated":true},"geometry":{"type":"Polygon","coordinates":[[[14.509307129504643,35.896224122734765],[14.509870189563284,35.89658406700344],[14.510089263494454,35.896348253203776],[14.510067904843522,35.89634579147599],[14.509999744272166,35.89641673468495],[14.50996993419871,35.896424755425315],[14.50977552751086,35.89630434052975],[14.50976990439203,35.896284315036254],[14.509783327355356,35.89626689418995],[14.509899324856047,35.89622364414851],[14.509913112820476,35.896200302634064],[14.509972155883231,35.89617808284521],[14.50988800565219,35.89611472671483],[14.509759424869014,35.89624428198227],[14.509737465346223,35.896254157113525],[14.509715888921308,35.8962502612807],[14.509598885565275,35.89617757451955],[14.509552951352806,35.89623595583691],[14.509524970785597,35.89624589405461],[14.509357990220577,35.8961645871771],[14.509307129504643,35.896224122734765]]]}},{"type":"Feature","id":"block-610-365","properties":{"key":"block-610-365","name":"Vereinfachter Stadtblock","kind":"building","height":12.0,"estimated":true},"geometry":{"type":"Polygon","coordinates":[[[14.515228372594137,35.90093366619422],[14.515364143997326,35.900900972676915],[14.515433095276691,35.9009090523751],[14.515510806903194,35.90094763660782],[14.516854018724878,35.901812755291694],[14.51707330223309,35.90184212104815],[14.517280581162488,35.90185511841667],[14.517410995042097,35.9018313557729],[14.517497365444544,35.90179553719947],[14.517588046703048,35.90169152796997],[14.51759740270471,35.90162886634539],[14.517291535516273,35.9012576155588],[14.51634458755229,35.90063681213979],[14.516091919206241,35.90092631892394],[14.516559678368152,35.90122942207924],[14.51696193843955,35.90150893041347],[14.516966910195933,35.90152867732274],[14.516942601795144,35.901579749802124],[14.516834922480855,35.90170438298145],[14.516795360173337,35.9017375465749],[14.516769202255754,35.90173677052172],[14.516707104406402,35.901706156197584],[14.51586260532486,35.90112393751498],[14.51536112234972,35.900798113069015],[14.514980659708122,35.9010156347712],[14.515028688669606,35.90107439831624],[14.515228372594137,35.90093366619422]]]}},{"type":"Feature","id":"block-601-388","properties":{"key":"block-601-388","name":"Vereinfachter Stadtblock","kind":"building","height":13.2,"estimated":true},"geometry":{"type":"Polygon","coordinates":[[[14.516894518492927,35.90153198085607],[14.51654538238833,35.90129037848452],[14.516423272445184,35.90143527412776],[14.51677618331082,35.90167741698462],[14.51688378875833,35.90155415906347],[14.516894518492927,35.90153198085607]]]}},{"type":"Feature","id":"block-561-354","properties":{"key":"block-561-354","name":"Vereinfachter Stadtblock","kind":"building","height":15.6,"estimated":true},"geometry":{"type":"Polygon","coordinates":[[[14.516494012924648,35.901255755192324],[14.516052385576431,35.90096968501026],[14.515929504362948,35.901099061481496],[14.516372343705008,35.90140012787311],[14.516494012924648,35.901255755192324]]]}},{"type":"Feature","id":"block--13--3","properties":{"key":"block--13--3","name":"Vereinfachter Stadtblock","kind":"building","height":15.6,"estimated":true},"geometry":{"type":"Polygon","coordinates":[[[14.510201624621109,35.898044601073856],[14.50956937596107,35.89766923222497],[14.509556330198404,35.8976832191713],[14.510172157304536,35.89806318490908],[14.509813683008215,35.89844489536292],[14.509200036504486,35.898065217594905],[14.509814052140566,35.89845115448278],[14.510201624621109,35.898044601073856]]]}},{"type":"Feature","id":"block--7-6","properties":{"key":"block--7-6","name":"Vereinfachter Stadtblock","kind":"building","height":13.2,"estimated":true},"geometry":{"type":"Polygon","coordinates":[[[14.509914963626297,35.89800458891629],[14.509882520161199,35.8979868180809],[14.509809211446814,35.898062321695356],[14.509894678481764,35.89811498320174],[14.509948866026512,35.89805916290386],[14.510041879675468,35.89811638242163],[14.510069091514938,35.89808744140172],[14.50992219416258,35.89799690028096],[14.509914963626297,35.89800458891629]]]}},{"type":"Feature","id":"block-17-40","properties":{"key":"block-17-40","name":"Vereinfachter Stadtblock","kind":"building","height":13.2,"estimated":true},"geometry":{"type":"Polygon","coordinates":[[[14.50986650631087,35.89848430076102],[14.510110143972938,35.89863908815255],[14.510505793565205,35.89823646875507],[14.510254655772918,35.898077142113564],[14.50986650631087,35.89848430076102]]]}},{"type":"Feature","id":"block-386-26","properties":{"key":"block-386-26","name":"Vereinfachter Stadtblock","kind":"building","height":15.6,"estimated":true},"geometry":{"type":"Polygon","coordinates":[[[14.51375917885399,35.89837060054502],[14.513426021527378,35.898712759874186],[14.514089099065629,35.898038649828365],[14.514797059367915,35.898459741451866],[14.514807121698464,35.89844904525284],[14.51445141460892,35.89822394717838],[14.514086821991542,35.89801038412149],[14.51375917885399,35.89837060054502]]]}},{"type":"Feature","id":"block-299-49","properties":{"key":"block-299-49","name":"Vereinfachter Stadtblock","kind":"building","height":13.2,"estimated":true},"geometry":{"type":"Polygon","coordinates":[[[14.513573803202938,35.898394036174714],[14.513301043868019,35.89823748150591],[14.513063826396994,35.89848102477617],[14.513333811024298,35.89865170749249],[14.513573803202938,35.898394036174714]]]}},{"type":"Feature","id":"block-225--1","properties":{"key":"block-225--1","name":"Vereinfachter Stadtblock","kind":"building","height":12.0,"estimated":true},"geometry":{"type":"Polygon","coordinates":[[[14.512726576523637,35.898022568526905],[14.512401581457421,35.89781404604108],[14.512265324526052,35.89795988112409],[14.51259435296359,35.898171793362934],[14.512726576523637,35.898022568526905]]]}},{"type":"Feature","id":"block-213--65","properties":{"key":"block-213--65","name":"Vereinfachter Stadtblock","kind":"building","height":15.6,"estimated":true},"geometry":{"type":"Polygon","coordinates":[[[14.512164658276198,35.89764802241234],[14.512370138440163,35.89748822620766],[14.512494934499864,35.897360568104006],[14.512663946438321,35.89717744206075],[14.512556664686059,35.89711243291939],[14.512088760313688,35.89762301130903],[14.512164658276198,35.89764802241234]],[[14.512605537824745,35.897201776689315],[14.51254895546755,35.89723577460755],[14.51255062823183,35.897281404084545],[14.51251464954559,35.897337085075606],[14.512485840018638,35.89735018422968],[14.512447209296749,35.897329051624354],[14.51243929197512,35.897315135885854],[14.512453038668623,35.897270538092904],[14.512531175737987,35.89716609522256],[14.512563283102358,35.89714540346379],[14.512577783586412,35.89714763253088],[14.512604723600802,35.89717896562087],[14.512605537824745,35.897201776689315]]]}},{"type":"Feature","id":"block-188--68","properties":{"key":"block-188--68","name":"Vereinfachter Stadtblock","kind":"building","height":12.0,"estimated":true},"geometry":{"type":"Polygon","coordinates":[[[14.512203778648669,35.89741262112035],[14.512029177982576,35.89730643788042],[14.511969988982928,35.89737015842892],[14.512143860389829,35.89747603446677],[14.512203778648669,35.89741262112035]]]}},{"type":"Feature","id":"block-197--81","properties":{"key":"block-197--81","name":"Vereinfachter Stadtblock","kind":"building","height":12.0,"estimated":true},"geometry":{"type":"Polygon","coordinates":[[[14.51224356955489,35.8973694289575],[14.512309965055172,35.89729550567307],[14.512116152822124,35.89717990070626],[14.512053149424288,35.89725362512428],[14.51224356955489,35.8973694289575]]]}},{"type":"Feature","id":"block-699-85","properties":{"key":"block-699-85","name":"Vereinfachter Stadtblock","kind":"building","height":12.0,"estimated":true},"geometry":{"type":"Polygon","coordinates":[[[14.517896283389883,35.89892560712322],[14.517881848624635,35.89888086831664],[14.517728361540822,35.89860827320331],[14.517600607369799,35.898744456515516],[14.517896283389883,35.89892560712322]]]}},{"type":"Feature","id":"block-65-213","properties":{"key":"block-65-213","name":"Vereinfachter Stadtblock","kind":"building","height":14.4,"estimated":true},"geometry":{"type":"Polygon","coordinates":[[[14.510651802974024,35.900048772703364],[14.51080621116285,35.90015645475403],[14.510837070133977,35.900187831988795],[14.51094939188827,35.90010985915447],[14.511099854983131,35.89991070023419],[14.510517388254595,35.899643894057085],[14.51035094031123,35.89992243959496],[14.510651802974024,35.900048772703364]]]}},{"type":"Feature","id":"block-25-174","properties":{"key":"block-25-174","name":"Vereinfachter Stadtblock","kind":"building","height":15.6,"estimated":true},"geometry":{"type":"Polygon","coordinates":[[[14.510458252876877,35.89961917588617],[14.510302125748188,35.899560117935266],[14.510147426259262,35.899471837018126],[14.51011658253135,35.89951457073647],[14.510145738126907,35.89950184278842],[14.510161079340348,35.89950757858756],[14.51016221482128,35.89955191242203],[14.510366567269198,35.8996387424108],[14.510434894685236,35.89961900501651],[14.510446055258374,35.89963958822734],[14.510458252876877,35.89961917588617]]]}},{"type":"Feature","id":"block-78--182","properties":{"key":"block-78--182","name":"Vereinfachter Stadtblock","kind":"building","height":12.0,"estimated":true},"geometry":{"type":"Polygon","coordinates":[[[14.510888458868834,35.89652032741913],[14.511026493330826,35.89636863574964],[14.510848401201818,35.89624435830106],[14.510851832696265,35.89622199936564],[14.510950596346591,35.896116708051544],[14.510907164944246,35.89609391130673],[14.510896387963388,35.89613131892081],[14.510704701585363,35.896410525999435],[14.510888458868834,35.89652032741913]]]}},{"type":"Feature","id":"block-425-360","properties":{"key":"block-425-360","name":"Vereinfachter Stadtblock","kind":"building","height":13.2,"estimated":true},"geometry":{"type":"Polygon","coordinates":[[[14.514927056483517,35.90104766637571],[14.514457172865507,35.90133830169],[14.51452908770723,35.90141000877113],[14.514977652947213,35.90110957126563],[14.514927056483517,35.90104766637571]]]}},{"type":"Feature","id":"block-439-13","properties":{"key":"block-439-13","name":"Vereinfachter Stadtblock","kind":"building","height":12.0,"estimated":true},"geometry":{"type":"Polygon","coordinates":[[[14.51451789919704,35.898197631252096],[14.51484796873481,35.898406505406065],[14.515211099698657,35.89803592698237],[14.514871525919018,35.89782533591129],[14.51451789919704,35.898197631252096]]]}},{"type":"Feature","id":"block-6-137","properties":{"key":"block-6-137","name":"Vereinfachter Stadtblock","kind":"building","height":15.6,"estimated":true},"geometry":{"type":"Polygon","coordinates":[[[14.509840073998094,35.89898141538253],[14.509646790728501,35.89917479863853],[14.510153505963853,35.89940950358661],[14.510307170272622,35.899497175191236],[14.510462083593778,35.899261591582096],[14.509840073998094,35.89898141538253]]]}},{"type":"Feature","id":"block-391-4","properties":{"key":"block-391-4","name":"Vereinfachter Stadtblock","kind":"building","height":14.4,"estimated":true},"geometry":{"type":"Polygon","coordinates":[[[14.514516140166803,35.89809307584578],[14.514222811279566,35.89790823965185],[14.514133156155344,35.8979710171667],[14.514461987551442,35.8981636328007],[14.514516140166803,35.89809307584578]]]}},{"type":"Feature","id":"block--245--307","properties":{"key":"block--245--307","name":"Vereinfachter Stadtblock","kind":"building","height":13.2,"estimated":true},"geometry":{"type":"Polygon","coordinates":[[[14.506990399674502,35.894959753166404],[14.50695955437274,35.895034435305845],[14.506965230155544,35.8950822621227],[14.507045962147977,35.89518492535105],[14.507112001145451,35.895227254036755],[14.507150722539608,35.89520102186783],[14.50724187147254,35.89526297778167],[14.507212559287305,35.895291708285676],[14.507461874986262,35.89545151092148],[14.507528744984455,35.89547526071933],[14.507552027345195,35.89547264739313],[14.50765834083796,35.89541852721475],[14.506990399674502,35.894959753166404]]]}},{"type":"Feature","id":"block--12--110","properties":{"key":"block--12--110","name":"Vereinfachter Stadtblock","kind":"building","height":15.6,"estimated":true},"geometry":{"type":"Polygon","coordinates":[[[14.509907615881616,35.89706663322582],[14.50994312811205,35.897085587578204],[14.510006400370802,35.89701588247979],[14.509823471997139,35.896906812050034],[14.509724599423139,35.897015717998535],[14.50987323102236,35.8971043891497],[14.509907615881616,35.89706663322582]]]}},{"type":"Feature","id":"block--43--75","properties":{"key":"block--43--75","name":"Vereinfachter Stadtblock","kind":"building","height":14.4,"estimated":true},"geometry":{"type":"Polygon","coordinates":[[[14.509844527390234,35.89728044569983],[14.509494770259257,35.897061595957354],[14.50925951082441,35.897310727308046],[14.509234607731335,35.89735826829902],[14.509249159953997,35.897411656903785],[14.509555929389315,35.8975939712653],[14.509844527390234,35.89728044569983]]]}},{"type":"Feature","id":"block-323-128","properties":{"key":"block-323-128","name":"Vereinfachter Stadtblock","kind":"building","height":14.4,"estimated":true},"geometry":{"type":"Polygon","coordinates":[[[14.513699869830393,35.8996096470522],[14.513832165189948,35.899480115042195],[14.514039821784378,35.89924652215575],[14.513461727781989,35.89889184785929],[14.513424119649494,35.898896900125635],[14.513306267987224,35.89882637551688],[14.513057638937013,35.89909168594778],[14.51311767883122,35.89903547832852],[14.513404331800421,35.89921446339629],[14.513829019147092,35.899462372555355],[14.513699869830393,35.8996096470522]]]}},{"type":"Feature","id":"block-385-184","properties":{"key":"block-385-184","name":"Vereinfachter Stadtblock","kind":"building","height":13.2,"estimated":true},"geometry":{"type":"Polygon","coordinates":[[[14.514406329096163,35.900046578092265],[14.514783356025655,35.89966753902275],[14.514115289589402,35.89925384639496],[14.513885487196545,35.89951235108829],[14.513752971795894,35.89964219365312],[14.514406329096163,35.900046578092265]]]}},{"type":"Feature","id":"block-353-53","properties":{"key":"block-353-53","name":"Vereinfachter Stadtblock","kind":"building","height":14.4,"estimated":true},"geometry":{"type":"Polygon","coordinates":[[[14.51374452859606,35.898503813470306],[14.513921035688291,35.898612839394296],[14.514076573237118,35.89844777427739],[14.513900066002632,35.89833866910804],[14.51374452859606,35.898503813470306]]]}},{"type":"Feature","id":"block-376-80","properties":{"key":"block-376-80","name":"Vereinfachter Stadtblock","kind":"building","height":15.6,"estimated":true},"geometry":{"type":"Polygon","coordinates":[[[14.513996631320586,35.89880156870443],[14.514106704535692,35.898869814199905],[14.514334574331121,35.89862852531104],[14.51422450186014,35.89856027902762],[14.513996631320586,35.89880156870443]]]}},{"type":"Feature","id":"block--115-10","properties":{"key":"block--115-10","name":"Vereinfachter Stadtblock","kind":"building","height":13.2,"estimated":true},"geometry":{"type":"Polygon","coordinates":[[[14.509107423102057,35.898075254004446],[14.50865857204359,35.89779033008929],[14.508326537135689,35.898095961157445],[14.508779649059113,35.89839133629644],[14.509017777193948,35.89817198364916],[14.509107423102057,35.898075254004446]]]}},{"type":"Feature","id":"block-538-292","properties":{"key":"block-538-292","name":"Vereinfachter Stadtblock","kind":"building","height":13.2,"estimated":true},"geometry":{"type":"Polygon","coordinates":[[[14.515888937021584,35.90035436874264],[14.51562056626611,35.9006254835628],[14.51603947460588,35.90089306037881],[14.516292216807479,35.90060346897115],[14.515888937021584,35.90035436874264]]]}},{"type":"Feature","id":"block-584-232","properties":{"key":"block-584-232","name":"Vereinfachter Stadtblock","kind":"building","height":12.0,"estimated":true},"geometry":{"type":"Polygon","coordinates":[[[14.515930654233587,35.90031236320732],[14.51633200497434,35.900560271891884],[14.517012637882234,35.89985878209649],[14.516630617078876,35.89960947717084],[14.515930654233587,35.90031236320732]]]}},{"type":"Feature","id":"block-83--270","properties":{"key":"block-83--270","name":"Vereinfachter Stadtblock","kind":"building","height":14.4,"estimated":true},"geometry":{"type":"Polygon","coordinates":[[[14.510861104464032,35.89600370997053],[14.510876186807184,35.89594412587],[14.510929307045254,35.895918921697714],[14.510948359427955,35.895897025330704],[14.510976534471963,35.89580881310892],[14.511009074565065,35.89582740161096],[14.511145614379657,35.895685798937244],[14.511116969883119,35.895664176343935],[14.511192618832403,35.895637422604956],[14.51123815380805,35.89559055878742],[14.511223818319246,35.89555309385278],[14.511132443094423,35.8955032705546],[14.511034636168187,35.895432434417664],[14.510988303236768,35.89532826331495],[14.510562794059712,35.89540461838735],[14.510759488777957,35.895598848719004],[14.510849628651423,35.8957611645491],[14.510877523895056,35.89579491162205],[14.51084739548806,35.89599592206533],[14.510861104464032,35.89600370997053]]]}},{"type":"Feature","id":"block--73--28","properties":{"key":"block--73--28","name":"Vereinfachter Stadtblock","kind":"building","height":13.2,"estimated":true},"geometry":{"type":"Polygon","coordinates":[[[14.509515991401095,35.897637074129705],[14.509232370239399,35.89746562091001],[14.508874430042114,35.897860953883466],[14.509147452480693,35.89803220120895],[14.509515991401095,35.897637074129705]]]}},{"type":"Feature","id":"block-626-266","properties":{"key":"block-626-266","name":"Vereinfachter Stadtblock","kind":"building","height":12.0,"estimated":true},"geometry":{"type":"Polygon","coordinates":[[[14.516384337424812,35.90059354335314],[14.516813815861628,35.900874587199404],[14.517172367352352,35.900523021704025],[14.517514613357356,35.900167775437886],[14.517065060746507,35.89989196037336],[14.516384337424812,35.90059354335314]],[[14.517164736216602,35.90008972675411],[14.51723821697139,35.90012686931057],[14.51716413613332,35.90021919638378],[14.517092482999537,35.90018112927808],[14.517164736216602,35.90008972675411]]]}},{"type":"Feature","id":"block-503-58","properties":{"key":"block-503-58","name":"Vereinfachter Stadtblock","kind":"building","height":13.2,"estimated":true},"geometry":{"type":"Polygon","coordinates":[[[14.515707789470731,35.898489033106294],[14.515582510648557,35.89841131743943],[14.515440109175966,35.89856166827059],[14.515565290702906,35.898639481185555],[14.515707789470731,35.898489033106294]]]}},{"type":"Feature","id":"block-466-41","properties":{"key":"block-466-41","name":"Vereinfachter Stadtblock","kind":"building","height":14.4,"estimated":true},"geometry":{"type":"Polygon","coordinates":[[[14.515587604332588,35.89884289314031],[14.514997303096662,35.89848358395773],[14.515345410856462,35.898121500591316],[14.51526359759581,35.898069031004745],[14.514900471930053,35.89843960402169],[14.515570881615016,35.89886066022189],[14.515587604332588,35.89884289314031]]]}},{"type":"Feature","id":"block-437-118","properties":{"key":"block-437-118","name":"Vereinfachter Stadtblock","kind":"building","height":15.6,"estimated":true},"geometry":{"type":"Polygon","coordinates":[[[14.514859624905714,35.89848214387351],[14.51458821996839,35.89877064574811],[14.51472845260282,35.89885596918131],[14.514646376242561,35.898946075368436],[14.514502838054288,35.8988614062277],[14.51415252170869,35.89920906562547],[14.514824976321409,35.89962547558219],[14.515530048102312,35.8989032085598],[14.514859624905714,35.89848214387351]]]}},{"type":"Feature","id":"block--159--213","properties":{"key":"block--159--213","name":"Vereinfachter Stadtblock","kind":"building","height":15.6,"estimated":true},"geometry":{"type":"Polygon","coordinates":[[[14.507893894823447,35.89600631032365],[14.50800571277309,35.89608776900521],[14.508037682648286,35.896205200853395],[14.508167510379765,35.896276508977735],[14.508671987783337,35.895978790767096],[14.507961567616066,35.896002298792126],[14.507893894823447,35.89600631032365]]]}},{"type":"Feature","id":"block--164--277","properties":{"key":"block--164--277","name":"Vereinfachter Stadtblock","kind":"building","height":13.2,"estimated":true},"geometry":{"type":"Polygon","coordinates":[[[14.50802738522457,35.89594558650617],[14.50799306924161,35.89550308136362],[14.508041013257055,35.895445682535104],[14.50813291184588,35.895416393486194],[14.50866995517967,35.89538268261615],[14.508671875516441,35.8953404352072],[14.508034839483665,35.89538607664946],[14.507946530115875,35.89547231688905],[14.50799027548531,35.89594713274531],[14.50802738522457,35.89594558650617]]]}}]}